2026-05-12T08:39:16.228Z [INFO]: [ReviewAutomationJob] Scheduling with pattern: "*/5 * * * *" {}
2026-05-12T08:39:16.239Z [INFO]: [ReviewAutomationJob] Cron started {}
2026-05-12T08:39:16.242Z [INFO]: [Server] HTTP server running on port 3000 {"environment":"production"}
2026-05-12T08:40:00.528Z [INFO]: [ReviewAutomationJob] Starting run {}
2026-05-12T08:40:00.936Z [INFO]: [Firebase] Admin SDK initialized successfully {}
2026-05-12T08:40:02.776Z [INFO]: [ReviewAutomationJob] Processing 1 active outlet(s) {}
2026-05-12T08:40:02.778Z [INFO]: [ReviewService] Processing outlet {"outletId":"2tPkl5KxwrrQ78C3a45W","name":"Test Restaurant"}
2026-05-12T08:40:02.911Z [INFO]: [ReviewService] New reviews to process {"outletId":"2tPkl5KxwrrQ78C3a45W","fetched":1,"new":0}
2026-05-12T08:40:02.912Z [INFO]: [ReviewAutomationJob] Run complete {"outlets":1,"totalFetched":1,"totalNew":0,"totalProcessed":0,"errors":0,"durationMs":2384}
2026-05-12T08:45:00.757Z [INFO]: [ReviewAutomationJob] Starting run {}
2026-05-12T08:45:01.730Z [INFO]: [ReviewAutomationJob] Processing 1 active outlet(s) {}
2026-05-12T08:45:01.731Z [INFO]: [ReviewService] Processing outlet {"outletId":"2tPkl5KxwrrQ78C3a45W","name":"Test Restaurant"}
2026-05-12T08:45:01.854Z [INFO]: [ReviewService] New reviews to process {"outletId":"2tPkl5KxwrrQ78C3a45W","fetched":1,"new":0}
2026-05-12T08:45:01.855Z [INFO]: [ReviewAutomationJob] Run complete {"outlets":1,"totalFetched":1,"totalNew":0,"totalProcessed":0,"errors":0,"durationMs":1098}
2026-05-12T08:50:00.076Z [INFO]: [ReviewAutomationJob] Starting run {}
2026-05-12T08:50:00.944Z [INFO]: [ReviewAutomationJob] Processing 1 active outlet(s) {}
2026-05-12T08:50:00.944Z [INFO]: [ReviewService] Processing outlet {"outletId":"2tPkl5KxwrrQ78C3a45W","name":"Test Restaurant"}
2026-05-12T08:50:01.068Z [INFO]: [ReviewService] New reviews to process {"outletId":"2tPkl5KxwrrQ78C3a45W","fetched":1,"new":0}
2026-05-12T08:50:01.069Z [INFO]: [ReviewAutomationJob] Run complete {"outlets":1,"totalFetched":1,"totalNew":0,"totalProcessed":0,"errors":0,"durationMs":993}
2026-05-12T09:00:00.636Z [INFO]: [ReviewAutomationJob] Starting run {}
2026-05-12T09:00:01.335Z [INFO]: [ReviewAutomationJob] Processing 1 active outlet(s) {}
2026-05-12T09:00:01.336Z [INFO]: [ReviewService] Processing outlet {"outletId":"2tPkl5KxwrrQ78C3a45W","name":"Test Restaurant"}
2026-05-12T09:00:01.468Z [INFO]: [ReviewService] New reviews to process {"outletId":"2tPkl5KxwrrQ78C3a45W","fetched":1,"new":0}
2026-05-12T09:00:01.468Z [INFO]: [ReviewAutomationJob] Run complete {"outlets":1,"totalFetched":1,"totalNew":0,"totalProcessed":0,"errors":0,"durationMs":832}
2026-05-12T09:55:00.674Z [INFO]: [ReviewAutomationJob] Starting run {}
2026-05-12T09:58:44.020Z [ERROR]: [Lock] Failed to acquire distributed lock {"key":"reviewCron","error":"14 UNAVAILABLE: Name resolution failed for target dns:firestore.googleapis.com:443"}
2026-05-12T09:58:44.021Z [WARN]: [ReviewAutomationJob] Previous run still active — skipping this tick {}
2026-05-12T10:00:00.811Z [INFO]: [ReviewAutomationJob] Starting run {}
2026-05-12T10:03:43.559Z [ERROR]: [Lock] Failed to acquire distributed lock {"key":"reviewCron","error":"14 UNAVAILABLE: Name resolution failed for target dns:firestore.googleapis.com:443"}
2026-05-12T10:03:43.559Z [WARN]: [ReviewAutomationJob] Previous run still active — skipping this tick {}
2026-05-12T10:05:00.947Z [INFO]: [ReviewAutomationJob] Starting run {}
2026-05-12T10:08:44.072Z [ERROR]: [Lock] Failed to acquire distributed lock {"key":"reviewCron","error":"14 UNAVAILABLE: Name resolution failed for target dns:firestore.googleapis.com:443"}
2026-05-12T10:08:44.073Z [WARN]: [ReviewAutomationJob] Previous run still active — skipping this tick {}
2026-05-12T10:10:00.111Z [INFO]: [ReviewAutomationJob] Starting run {}
2026-05-12T10:13:47.443Z [ERROR]: [Lock] Failed to acquire distributed lock {"key":"reviewCron","error":"14 UNAVAILABLE: Name resolution failed for target dns:firestore.googleapis.com:443"}
2026-05-12T10:13:47.443Z [WARN]: [ReviewAutomationJob] Previous run still active — skipping this tick {}
2026-05-12T10:15:00.272Z [INFO]: [ReviewAutomationJob] Starting run {}
2026-05-12T10:18:48.015Z [ERROR]: [Lock] Failed to acquire distributed lock {"key":"reviewCron","error":"14 UNAVAILABLE: Name resolution failed for target dns:firestore.googleapis.com:443"}
2026-05-12T10:18:48.016Z [WARN]: [ReviewAutomationJob] Previous run still active — skipping this tick {}
2026-05-12T10:20:00.329Z [INFO]: [ReviewAutomationJob] Starting run {}
2026-05-12T10:23:39.648Z [ERROR]: [Lock] Failed to acquire distributed lock {"key":"reviewCron","error":"14 UNAVAILABLE: Name resolution failed for target dns:firestore.googleapis.com:443"}
2026-05-12T10:23:39.649Z [WARN]: [ReviewAutomationJob] Previous run still active — skipping this tick {}
2026-05-12T10:25:00.092Z [INFO]: [ReviewAutomationJob] Starting run {}
2026-05-12T11:30:00.445Z [INFO]: [ReviewAutomationJob] Starting run {}
2026-05-12T11:30:34.929Z [ERROR]: [Lock] Failed to acquire distributed lock {"key":"reviewCron","error":"14 UNAVAILABLE: Name resolution failed for target dns:firestore.googleapis.com:443"}
2026-05-12T11:30:34.929Z [WARN]: [ReviewAutomationJob] Previous run still active — skipping this tick {}
2026-05-12T11:30:43.362Z [INFO]: [ReviewAutomationJob] Processing 1 active outlet(s) {}
2026-05-12T11:30:43.363Z [INFO]: [ReviewService] Processing outlet {"outletId":"2tPkl5KxwrrQ78C3a45W","name":"Test Restaurant"}
2026-05-12T11:30:43.516Z [INFO]: [ReviewService] New reviews to process {"outletId":"2tPkl5KxwrrQ78C3a45W","fetched":1,"new":0}
2026-05-12T11:30:43.516Z [INFO]: [ReviewAutomationJob] Run complete {"outlets":1,"totalFetched":1,"totalNew":0,"totalProcessed":0,"errors":0,"durationMs":43071}
2026-05-12T11:35:00.326Z [INFO]: [ReviewAutomationJob] Starting run {}
2026-05-12T11:35:01.096Z [INFO]: [ReviewAutomationJob] Processing 1 active outlet(s) {}
2026-05-12T11:35:01.097Z [INFO]: [ReviewService] Processing outlet {"outletId":"2tPkl5KxwrrQ78C3a45W","name":"Test Restaurant"}
2026-05-12T11:35:01.234Z [INFO]: [ReviewService] New reviews to process {"outletId":"2tPkl5KxwrrQ78C3a45W","fetched":1,"new":0}
2026-05-12T11:35:01.234Z [INFO]: [ReviewAutomationJob] Run complete {"outlets":1,"totalFetched":1,"totalNew":0,"totalProcessed":0,"errors":0,"durationMs":909}
2026-05-12T11:35:51.379Z [INFO]: [Server] Received SIGINT — graceful shutdown initiated {}
2026-05-12T11:54:49.135Z [INFO]: [ReviewAutomationJob] Scheduling with pattern: "*/5 * * * *" {}
2026-05-12T11:54:49.145Z [INFO]: [ReviewAutomationJob] Cron started {}
2026-05-12T11:54:49.149Z [INFO]: [Server] HTTP server running on port 3000 {"environment":"production"}
2026-05-12T11:55:00.246Z [INFO]: [ReviewAutomationJob] Starting run {}
2026-05-12T11:55:00.586Z [INFO]: [Firebase] Admin SDK initialized successfully {}
2026-05-12T11:55:02.211Z [ERROR]: [Lock] Failed to acquire distributed lock {"key":"reviewCron","error":"5 NOT_FOUND: "}
2026-05-12T11:55:02.212Z [WARN]: [ReviewAutomationJob] Previous run still active — skipping this tick {}
2026-05-12T12:00:00.710Z [INFO]: [ReviewAutomationJob] Starting run {}
2026-05-12T12:00:02.386Z [ERROR]: [Lock] Failed to acquire distributed lock {"key":"reviewCron","error":"5 NOT_FOUND: "}
2026-05-12T12:00:02.387Z [WARN]: [ReviewAutomationJob] Previous run still active — skipping this tick {}
2026-05-12T12:05:00.747Z [INFO]: [ReviewAutomationJob] Starting run {}
2026-05-12T12:05:01.676Z [ERROR]: [Lock] Failed to acquire distributed lock {"key":"reviewCron","error":"5 NOT_FOUND: "}
2026-05-12T12:05:01.678Z [WARN]: [ReviewAutomationJob] Previous run still active — skipping this tick {}
2026-05-12T12:10:00.908Z [INFO]: [ReviewAutomationJob] Starting run {}
2026-05-12T12:10:01.917Z [ERROR]: [Lock] Failed to acquire distributed lock {"key":"reviewCron","error":"5 NOT_FOUND: "}
2026-05-12T12:10:01.921Z [WARN]: [ReviewAutomationJob] Previous run still active — skipping this tick {}
2026-05-12T12:15:00.076Z [INFO]: [ReviewAutomationJob] Starting run {}
2026-05-12T12:15:00.852Z [ERROR]: [Lock] Failed to acquire distributed lock {"key":"reviewCron","error":"5 NOT_FOUND: "}
2026-05-12T12:15:00.852Z [WARN]: [ReviewAutomationJob] Previous run still active — skipping this tick {}
2026-05-12T12:20:00.088Z [INFO]: [ReviewAutomationJob] Starting run {}
2026-05-12T12:20:01.168Z [ERROR]: [Lock] Failed to acquire distributed lock {"key":"reviewCron","error":"5 NOT_FOUND: "}
2026-05-12T12:20:01.169Z [WARN]: [ReviewAutomationJob] Previous run still active — skipping this tick {}
2026-05-12T12:25:00.217Z [INFO]: [ReviewAutomationJob] Starting run {}
2026-05-12T12:25:01.308Z [ERROR]: [Lock] Failed to acquire distributed lock {"key":"reviewCron","error":"5 NOT_FOUND: "}
2026-05-12T12:25:01.309Z [WARN]: [ReviewAutomationJob] Previous run still active — skipping this tick {}
2026-05-12T12:30:00.126Z [INFO]: [ReviewAutomationJob] Starting run {}
2026-05-12T12:30:01.242Z [ERROR]: [Lock] Failed to acquire distributed lock {"key":"reviewCron","error":"5 NOT_FOUND: "}
2026-05-12T12:30:01.244Z [WARN]: [ReviewAutomationJob] Previous run still active — skipping this tick {}
2026-05-12T12:40:00.271Z [INFO]: [ReviewAutomationJob] Starting run {}
2026-05-12T12:40:01.030Z [ERROR]: [Lock] Failed to acquire distributed lock {"key":"reviewCron","error":"5 NOT_FOUND: "}
2026-05-12T12:40:01.032Z [WARN]: [ReviewAutomationJob] Previous run still active — skipping this tick {}
2026-05-12T12:45:00.105Z [INFO]: [ReviewAutomationJob] Starting run {}
2026-05-12T12:45:01.358Z [ERROR]: [Lock] Failed to acquire distributed lock {"key":"reviewCron","error":"5 NOT_FOUND: "}
2026-05-12T12:45:01.359Z [WARN]: [ReviewAutomationJob] Previous run still active — skipping this tick {}
2026-05-12T12:50:00.263Z [INFO]: [ReviewAutomationJob] Starting run {}
2026-05-12T12:50:01.291Z [ERROR]: [Lock] Failed to acquire distributed lock {"key":"reviewCron","error":"5 NOT_FOUND: "}
2026-05-12T12:50:01.292Z [WARN]: [ReviewAutomationJob] Previous run still active — skipping this tick {}
2026-05-12T12:55:00.259Z [INFO]: [ReviewAutomationJob] Starting run {}
2026-05-12T12:55:01.072Z [ERROR]: [Lock] Failed to acquire distributed lock {"key":"reviewCron","error":"5 NOT_FOUND: "}
2026-05-12T12:55:01.072Z [WARN]: [ReviewAutomationJob] Previous run still active — skipping this tick {}
2026-05-12T13:00:00.117Z [INFO]: [ReviewAutomationJob] Starting run {}
2026-05-12T13:00:00.970Z [ERROR]: [Lock] Failed to acquire distributed lock {"key":"reviewCron","error":"5 NOT_FOUND: "}
2026-05-12T13:00:00.972Z [WARN]: [ReviewAutomationJob] Previous run still active — skipping this tick {}
2026-05-12T13:05:00.069Z [INFO]: [ReviewAutomationJob] Starting run {}
2026-05-12T13:05:00.803Z [ERROR]: [Lock] Failed to acquire distributed lock {"key":"reviewCron","error":"5 NOT_FOUND: "}
2026-05-12T13:05:00.804Z [WARN]: [ReviewAutomationJob] Previous run still active — skipping this tick {}
2026-05-12T13:10:00.016Z [INFO]: [ReviewAutomationJob] Starting run {}
2026-05-12T13:10:00.843Z [ERROR]: [Lock] Failed to acquire distributed lock {"key":"reviewCron","error":"5 NOT_FOUND: "}
2026-05-12T13:10:00.844Z [WARN]: [ReviewAutomationJob] Previous run still active — skipping this tick {}
2026-05-12T13:15:00.275Z [INFO]: [ReviewAutomationJob] Starting run {}
2026-05-12T13:15:01.262Z [ERROR]: [Lock] Failed to acquire distributed lock {"key":"reviewCron","error":"5 NOT_FOUND: "}
2026-05-12T13:15:01.263Z [WARN]: [ReviewAutomationJob] Previous run still active — skipping this tick {}
2026-05-12T13:20:00.214Z [INFO]: [ReviewAutomationJob] Starting run {}
2026-05-12T13:20:01.013Z [ERROR]: [Lock] Failed to acquire distributed lock {"key":"reviewCron","error":"5 NOT_FOUND: "}
2026-05-12T13:20:01.013Z [WARN]: [ReviewAutomationJob] Previous run still active — skipping this tick {}
2026-05-12T13:23:00.866Z [INFO]: [Server] Received SIGINT — graceful shutdown initiated {}
2026-05-12T14:48:25.118Z [INFO]: [ReviewAutomationJob] Scheduling with pattern: "*/5 * * * *" {}
2026-05-12T14:48:25.139Z [INFO]: [ReviewAutomationJob] Cron started {}
2026-05-12T14:48:25.142Z [INFO]: [Server] HTTP server running on port 3000 {"environment":"production"}
2026-05-12T14:50:00.984Z [INFO]: [ReviewAutomationJob] Starting run {}
2026-05-12T14:50:01.584Z [INFO]: [Firebase] Admin SDK initialized successfully {}
2026-05-12T14:50:04.367Z [ERROR]: [Lock] Failed to acquire distributed lock {"key":"reviewCron","error":"5 NOT_FOUND: "}
2026-05-12T14:50:04.369Z [WARN]: [ReviewAutomationJob] Previous run still active — skipping this tick {}
2026-05-12T14:55:00.411Z [INFO]: [ReviewAutomationJob] Starting run {}
2026-05-12T14:55:01.497Z [ERROR]: [Lock] Failed to acquire distributed lock {"key":"reviewCron","error":"5 NOT_FOUND: "}
2026-05-12T14:55:01.499Z [WARN]: [ReviewAutomationJob] Previous run still active — skipping this tick {}
2026-05-12T15:00:00.612Z [INFO]: [ReviewAutomationJob] Starting run {}
2026-05-12T15:00:01.475Z [ERROR]: [Lock] Failed to acquire distributed lock {"key":"reviewCron","error":"5 NOT_FOUND: "}
2026-05-12T15:00:01.476Z [WARN]: [ReviewAutomationJob] Previous run still active — skipping this tick {}
2026-05-12T15:05:00.628Z [INFO]: [ReviewAutomationJob] Starting run {}
2026-05-12T15:05:02.251Z [ERROR]: [Lock] Failed to acquire distributed lock {"key":"reviewCron","error":"5 NOT_FOUND: "}
2026-05-12T15:05:02.252Z [WARN]: [ReviewAutomationJob] Previous run still active — skipping this tick {}
2026-05-12T15:05:11.382Z [ERROR]: [GoogleAuth] Failed to fetch status {"error":"5 NOT_FOUND: "}
2026-05-12T15:05:12.793Z [ERROR]: [GoogleAuth] Failed to fetch status {"error":"5 NOT_FOUND: "}
2026-05-12T15:05:31.881Z [ERROR]: [GoogleAuth] Failed to fetch status {"error":"5 NOT_FOUND: "}
2026-05-12T15:05:38.095Z [ERROR]: [GoogleAuth] Failed to fetch status {"error":"5 NOT_FOUND: "}
2026-05-12T15:05:41.148Z [ERROR]: [GoogleAuth] Failed to fetch status {"error":"5 NOT_FOUND: "}
2026-05-12T15:05:43.640Z [ERROR]: [GoogleAuth] Failed to fetch status {"error":"5 NOT_FOUND: "}
2026-05-12T15:05:52.223Z [ERROR]: [GoogleAuth] Failed to fetch status {"error":"5 NOT_FOUND: "}
2026-05-12T15:05:53.352Z [ERROR]: [GoogleAuth] Failed to fetch status {"error":"5 NOT_FOUND: "}
2026-05-12T15:10:00.593Z [INFO]: [ReviewAutomationJob] Starting run {}
2026-05-12T15:10:01.413Z [ERROR]: [Lock] Failed to acquire distributed lock {"key":"reviewCron","error":"5 NOT_FOUND: "}
2026-05-12T15:10:01.414Z [WARN]: [ReviewAutomationJob] Previous run still active — skipping this tick {}
2026-05-12T15:15:00.307Z [INFO]: [ReviewAutomationJob] Starting run {}
2026-05-12T15:15:01.136Z [ERROR]: [Lock] Failed to acquire distributed lock {"key":"reviewCron","error":"5 NOT_FOUND: "}
2026-05-12T15:15:01.140Z [WARN]: [ReviewAutomationJob] Previous run still active — skipping this tick {}
2026-05-12T15:20:00.399Z [INFO]: [ReviewAutomationJob] Starting run {}
2026-05-12T15:20:01.568Z [ERROR]: [Lock] Failed to acquire distributed lock {"key":"reviewCron","error":"5 NOT_FOUND: "}
2026-05-12T15:20:01.569Z [WARN]: [ReviewAutomationJob] Previous run still active — skipping this tick {}
2026-05-12T15:25:00.301Z [INFO]: [ReviewAutomationJob] Starting run {}
2026-05-12T15:25:01.277Z [ERROR]: [Lock] Failed to acquire distributed lock {"key":"reviewCron","error":"5 NOT_FOUND: "}
2026-05-12T15:25:01.278Z [WARN]: [ReviewAutomationJob] Previous run still active — skipping this tick {}
2026-05-12T15:30:00.231Z [INFO]: [ReviewAutomationJob] Starting run {}
2026-05-12T15:30:01.184Z [ERROR]: [Lock] Failed to acquire distributed lock {"key":"reviewCron","error":"5 NOT_FOUND: "}
2026-05-12T15:30:01.186Z [WARN]: [ReviewAutomationJob] Previous run still active — skipping this tick {}
2026-05-12T15:35:00.773Z [INFO]: [ReviewAutomationJob] Starting run {}
2026-05-12T15:35:01.514Z [ERROR]: [Lock] Failed to acquire distributed lock {"key":"reviewCron","error":"5 NOT_FOUND: "}
2026-05-12T15:35:01.515Z [WARN]: [ReviewAutomationJob] Previous run still active — skipping this tick {}
2026-05-12T15:40:00.979Z [INFO]: [ReviewAutomationJob] Starting run {}
2026-05-12T15:40:01.605Z [ERROR]: [Lock] Failed to acquire distributed lock {"key":"reviewCron","error":"5 NOT_FOUND: "}
2026-05-12T15:40:01.606Z [WARN]: [ReviewAutomationJob] Previous run still active — skipping this tick {}
2026-05-12T15:45:00.381Z [INFO]: [ReviewAutomationJob] Starting run {}
2026-05-12T15:45:01.301Z [ERROR]: [Lock] Failed to acquire distributed lock {"key":"reviewCron","error":"5 NOT_FOUND: "}
2026-05-12T15:45:01.302Z [WARN]: [ReviewAutomationJob] Previous run still active — skipping this tick {}
2026-05-12T15:50:00.546Z [INFO]: [ReviewAutomationJob] Starting run {}
2026-05-12T15:50:01.546Z [ERROR]: [Lock] Failed to acquire distributed lock {"key":"reviewCron","error":"5 NOT_FOUND: "}
2026-05-12T15:50:01.547Z [WARN]: [ReviewAutomationJob] Previous run still active — skipping this tick {}
2026-05-12T15:55:00.391Z [INFO]: [ReviewAutomationJob] Starting run {}
2026-05-12T15:55:01.172Z [ERROR]: [Lock] Failed to acquire distributed lock {"key":"reviewCron","error":"5 NOT_FOUND: "}
2026-05-12T15:55:01.173Z [WARN]: [ReviewAutomationJob] Previous run still active — skipping this tick {}
2026-05-12T16:00:00.454Z [INFO]: [ReviewAutomationJob] Starting run {}
2026-05-12T16:00:01.432Z [ERROR]: [Lock] Failed to acquire distributed lock {"key":"reviewCron","error":"5 NOT_FOUND: "}
2026-05-12T16:00:01.433Z [WARN]: [ReviewAutomationJob] Previous run still active — skipping this tick {}
2026-05-12T16:00:32.374Z [INFO]: [Server] Received SIGINT — graceful shutdown initiated {}
2026-05-12T17:01:42.525Z [INFO]: [ReviewAutomationJob] Scheduling with pattern: "*/5 * * * *" {}
2026-05-12T17:01:42.535Z [INFO]: [ReviewAutomationJob] Cron started {}
2026-05-12T17:01:42.538Z [INFO]: [Server] HTTP server running on port 3000 {"environment":"production"}
2026-05-12T17:05:00.660Z [INFO]: [ReviewAutomationJob] Starting run {}
2026-05-12T17:05:01.635Z [INFO]: [Firebase] Admin SDK initialized successfully {}
2026-05-12T17:05:03.963Z [ERROR]: [Lock] Failed to acquire distributed lock {"key":"reviewCron","error":"5 NOT_FOUND: "}
2026-05-12T17:05:03.968Z [WARN]: [ReviewAutomationJob] Previous run still active — skipping this tick {}
2026-05-12T17:10:00.744Z [INFO]: [ReviewAutomationJob] Starting run {}
2026-05-12T17:10:02.165Z [ERROR]: [Lock] Failed to acquire distributed lock {"key":"reviewCron","error":"5 NOT_FOUND: "}
2026-05-12T17:10:02.167Z [WARN]: [ReviewAutomationJob] Previous run still active — skipping this tick {}
2026-05-12T17:20:00.522Z [INFO]: [ReviewAutomationJob] Starting run {}
2026-05-12T17:20:01.520Z [ERROR]: [Lock] Failed to acquire distributed lock {"key":"reviewCron","error":"5 NOT_FOUND: "}
2026-05-12T17:20:01.520Z [WARN]: [ReviewAutomationJob] Previous run still active — skipping this tick {}
2026-05-12T17:25:00.015Z [INFO]: [ReviewAutomationJob] Starting run {}
2026-05-12T17:25:01.340Z [ERROR]: [Lock] Failed to acquire distributed lock {"key":"reviewCron","error":"5 NOT_FOUND: "}
2026-05-12T17:25:01.340Z [WARN]: [ReviewAutomationJob] Previous run still active — skipping this tick {}
2026-05-12T17:30:00.777Z [INFO]: [ReviewAutomationJob] Starting run {}
2026-05-12T17:30:06.067Z [ERROR]: [Lock] Failed to acquire distributed lock {"key":"reviewCron","error":"5 NOT_FOUND: "}
2026-05-12T17:30:06.068Z [WARN]: [ReviewAutomationJob] Previous run still active — skipping this tick {}
2026-05-12T17:35:00.607Z [INFO]: [ReviewAutomationJob] Starting run {}
2026-05-12T17:35:07.226Z [ERROR]: [Lock] Failed to acquire distributed lock {"key":"reviewCron","error":"5 NOT_FOUND: "}
2026-05-12T17:35:07.226Z [WARN]: [ReviewAutomationJob] Previous run still active — skipping this tick {}
2026-05-12T17:40:00.659Z [INFO]: [ReviewAutomationJob] Starting run {}
2026-05-12T17:41:48.456Z [ERROR]: [Lock] Failed to acquire distributed lock {"key":"reviewCron","error":"5 NOT_FOUND: "}
2026-05-12T17:41:48.457Z [WARN]: [ReviewAutomationJob] Previous run still active — skipping this tick {}
2026-05-12T17:45:00.521Z [INFO]: [ReviewAutomationJob] Starting run {}
2026-05-12T17:45:01.247Z [ERROR]: [Lock] Failed to acquire distributed lock {"key":"reviewCron","error":"5 NOT_FOUND: "}
2026-05-12T17:45:01.248Z [WARN]: [ReviewAutomationJob] Previous run still active — skipping this tick {}
2026-05-12T17:50:00.067Z [INFO]: [ReviewAutomationJob] Starting run {}
2026-05-12T17:50:00.990Z [ERROR]: [Lock] Failed to acquire distributed lock {"key":"reviewCron","error":"5 NOT_FOUND: "}
2026-05-12T17:50:00.991Z [WARN]: [ReviewAutomationJob] Previous run still active — skipping this tick {}
2026-05-12T17:55:00.780Z [INFO]: [ReviewAutomationJob] Starting run {}
2026-05-12T17:55:01.892Z [ERROR]: [Lock] Failed to acquire distributed lock {"key":"reviewCron","error":"5 NOT_FOUND: "}
2026-05-12T17:55:01.892Z [WARN]: [ReviewAutomationJob] Previous run still active — skipping this tick {}
2026-05-12T18:00:00.730Z [INFO]: [ReviewAutomationJob] Starting run {}
2026-05-12T18:00:02.517Z [ERROR]: [Lock] Failed to acquire distributed lock {"key":"reviewCron","error":"5 NOT_FOUND: "}
2026-05-12T18:00:02.518Z [WARN]: [ReviewAutomationJob] Previous run still active — skipping this tick {}
2026-05-12T18:05:00.089Z [INFO]: [ReviewAutomationJob] Starting run {}
2026-05-12T18:05:01.159Z [ERROR]: [Lock] Failed to acquire distributed lock {"key":"reviewCron","error":"5 NOT_FOUND: "}
2026-05-12T18:05:01.160Z [WARN]: [ReviewAutomationJob] Previous run still active — skipping this tick {}
2026-05-12T18:10:00.669Z [INFO]: [ReviewAutomationJob] Starting run {}
2026-05-12T18:10:01.852Z [ERROR]: [Lock] Failed to acquire distributed lock {"key":"reviewCron","error":"5 NOT_FOUND: "}
2026-05-12T18:10:01.852Z [WARN]: [ReviewAutomationJob] Previous run still active — skipping this tick {}
2026-05-12T18:15:00.512Z [INFO]: [ReviewAutomationJob] Starting run {}
2026-05-12T18:15:07.902Z [ERROR]: [Lock] Failed to acquire distributed lock {"key":"reviewCron","error":"5 NOT_FOUND: "}
2026-05-12T18:15:07.904Z [WARN]: [ReviewAutomationJob] Previous run still active — skipping this tick {}
2026-05-12T18:20:00.498Z [INFO]: [ReviewAutomationJob] Starting run {}
2026-05-12T18:20:01.731Z [ERROR]: [Lock] Failed to acquire distributed lock {"key":"reviewCron","error":"5 NOT_FOUND: "}
2026-05-12T18:20:01.732Z [WARN]: [ReviewAutomationJob] Previous run still active — skipping this tick {}
2026-05-12T18:25:00.822Z [INFO]: [ReviewAutomationJob] Starting run {}
2026-05-12T18:25:08.499Z [ERROR]: [Lock] Failed to acquire distributed lock {"key":"reviewCron","error":"5 NOT_FOUND: "}
2026-05-12T18:25:08.500Z [WARN]: [ReviewAutomationJob] Previous run still active — skipping this tick {}
2026-05-12T18:30:00.841Z [INFO]: [ReviewAutomationJob] Starting run {}
2026-05-12T18:35:00.806Z [INFO]: [ReviewAutomationJob] Starting run {}
2026-05-12T18:40:00.805Z [INFO]: [ReviewAutomationJob] Starting run {}
2026-05-12T18:43:42.762Z [ERROR]: [Lock] Failed to acquire distributed lock {"key":"reviewCron","error":"5 NOT_FOUND: "}
2026-05-12T18:43:42.763Z [WARN]: [ReviewAutomationJob] Previous run still active — skipping this tick {}
2026-05-12T18:43:44.910Z [ERROR]: [Lock] Failed to acquire distributed lock {"key":"reviewCron","error":"5 NOT_FOUND: "}
2026-05-12T18:43:44.914Z [WARN]: [ReviewAutomationJob] Previous run still active — skipping this tick {}
2026-05-12T18:45:00.930Z [INFO]: [ReviewAutomationJob] Starting run {}
2026-05-12T18:45:01.334Z [ERROR]: [Lock] Failed to acquire distributed lock {"key":"reviewCron","error":"5 NOT_FOUND: "}
2026-05-12T18:45:01.335Z [WARN]: [ReviewAutomationJob] Previous run still active — skipping this tick {}
2026-05-12T18:50:00.774Z [INFO]: [ReviewAutomationJob] Starting run {}
2026-05-12T18:50:01.878Z [ERROR]: [Lock] Failed to acquire distributed lock {"key":"reviewCron","error":"5 NOT_FOUND: "}
2026-05-12T18:50:01.878Z [WARN]: [ReviewAutomationJob] Previous run still active — skipping this tick {}
2026-05-12T18:55:00.874Z [INFO]: [ReviewAutomationJob] Starting run {}
2026-05-12T18:55:01.889Z [ERROR]: [Lock] Failed to acquire distributed lock {"key":"reviewCron","error":"5 NOT_FOUND: "}
2026-05-12T18:55:01.890Z [WARN]: [ReviewAutomationJob] Previous run still active — skipping this tick {}
2026-05-12T19:00:00.954Z [INFO]: [ReviewAutomationJob] Starting run {}
2026-05-12T19:00:01.984Z [ERROR]: [Lock] Failed to acquire distributed lock {"key":"reviewCron","error":"5 NOT_FOUND: "}
2026-05-12T19:00:01.985Z [WARN]: [ReviewAutomationJob] Previous run still active — skipping this tick {}
2026-05-12T19:05:00.924Z [INFO]: [ReviewAutomationJob] Starting run {}
2026-05-12T19:05:02.745Z [ERROR]: [Lock] Failed to acquire distributed lock {"key":"reviewCron","error":"5 NOT_FOUND: "}
2026-05-12T19:05:02.745Z [WARN]: [ReviewAutomationJob] Previous run still active — skipping this tick {}
2026-05-12T19:10:00.967Z [INFO]: [ReviewAutomationJob] Starting run {}
2026-05-12T19:10:06.856Z [ERROR]: [Lock] Failed to acquire distributed lock {"key":"reviewCron","error":"5 NOT_FOUND: "}
2026-05-12T19:10:06.858Z [WARN]: [ReviewAutomationJob] Previous run still active — skipping this tick {}
2026-05-12T19:15:00.073Z [INFO]: [ReviewAutomationJob] Starting run {}
2026-05-12T19:15:01.577Z [ERROR]: [Lock] Failed to acquire distributed lock {"key":"reviewCron","error":"5 NOT_FOUND: "}
2026-05-12T19:15:01.578Z [WARN]: [ReviewAutomationJob] Previous run still active — skipping this tick {}
2026-05-12T19:20:00.993Z [INFO]: [ReviewAutomationJob] Starting run {}
2026-05-12T19:20:07.066Z [ERROR]: [Lock] Failed to acquire distributed lock {"key":"reviewCron","error":"5 NOT_FOUND: "}
2026-05-12T19:20:07.066Z [WARN]: [ReviewAutomationJob] Previous run still active — skipping this tick {}
2026-05-12T19:23:10.506Z [ERROR]: [GoogleAuth] Failed to fetch status {"error":"7 PERMISSION_DENIED: Permission denied on resource project gmb-ai-review-a40f3."}
2026-05-12T19:23:11.781Z [ERROR]: [GoogleAuth] Failed to fetch status {"error":"7 PERMISSION_DENIED: Permission denied on resource project gmb-ai-review-a40f3."}
2026-05-12T19:25:00.041Z [INFO]: [ReviewAutomationJob] Starting run {}
2026-05-12T19:25:00.201Z [ERROR]: [Lock] Failed to acquire distributed lock {"key":"reviewCron","error":"7 PERMISSION_DENIED: Permission denied on resource project gmb-ai-review-a40f3."}
2026-05-12T19:25:00.202Z [WARN]: [ReviewAutomationJob] Previous run still active — skipping this tick {}
2026-05-12T19:30:00.399Z [INFO]: [ReviewAutomationJob] Starting run {}
2026-05-12T19:30:01.222Z [ERROR]: [Lock] Failed to acquire distributed lock {"key":"reviewCron","error":"7 PERMISSION_DENIED: Permission denied on resource project gmb-ai-review-a40f3."}
2026-05-12T19:30:01.223Z [WARN]: [ReviewAutomationJob] Previous run still active — skipping this tick {}
2026-05-12T19:31:32.633Z [INFO]: [Server] Received SIGINT — graceful shutdown initiated {}
2026-05-12T19:31:41.558Z [INFO]: [ReviewAutomationJob] Scheduling with pattern: "*/5 * * * *" {}
2026-05-12T19:31:41.569Z [INFO]: [ReviewAutomationJob] Cron started {}
2026-05-12T19:31:41.571Z [INFO]: [Server] HTTP server running on port 3000 {"environment":"production"}
2026-05-12T19:32:19.642Z [INFO]: [Firebase] Admin SDK initialized successfully {}
2026-05-12T19:35:00.522Z [INFO]: [ReviewAutomationJob] Starting run {}
2026-05-12T19:39:04.853Z [ERROR]: [Lock] Failed to acquire distributed lock {"key":"reviewCron","error":"14 UNAVAILABLE: No connection established. Last error: Error: connect EHOSTUNREACH 2404:6800:4007:805::200a:443. Resolution note: "}
2026-05-12T19:39:04.854Z [WARN]: [ReviewAutomationJob] Previous run still active — skipping this tick {}
2026-05-12T19:40:00.516Z [INFO]: [ReviewAutomationJob] Starting run {}
2026-05-12T19:40:20.078Z [INFO]: [ReviewAutomationJob] No active outlets found — nothing to do {}
2026-05-12T19:45:00.488Z [INFO]: [ReviewAutomationJob] Starting run {}
2026-05-12T19:45:01.222Z [INFO]: [ReviewAutomationJob] No active outlets found — nothing to do {}
2026-05-12T19:50:00.418Z [INFO]: [ReviewAutomationJob] Starting run {}
2026-05-12T19:50:01.342Z [INFO]: [ReviewAutomationJob] No active outlets found — nothing to do {}
2026-05-12T19:55:00.386Z [INFO]: [ReviewAutomationJob] Starting run {}
2026-05-12T19:55:05.881Z [INFO]: [ReviewAutomationJob] No active outlets found — nothing to do {}
2026-05-12T20:00:00.990Z [INFO]: [ReviewAutomationJob] Starting run {}
2026-05-12T20:00:01.932Z [INFO]: [ReviewAutomationJob] No active outlets found — nothing to do {}
2026-05-12T20:05:00.885Z [INFO]: [ReviewAutomationJob] Starting run {}
2026-05-12T20:05:01.735Z [INFO]: [ReviewAutomationJob] No active outlets found — nothing to do {}
2026-05-12T20:06:24.581Z [INFO]: [ReviewAutomationJob] Scheduling with pattern: "0 10,15,21 * * *" {}
2026-05-12T20:06:24.597Z [INFO]: [ReviewAutomationJob] Cron started {}
2026-05-12T20:06:24.601Z [INFO]: [Server] HTTP server running on port 3000 {"environment":"production"}
2026-05-12T20:06:35.564Z [INFO]: [ReviewAutomationJob] Scheduling with pattern: "0 10,15,21 * * *" {}
2026-05-12T20:06:35.570Z [INFO]: [ReviewAutomationJob] Cron started {}
2026-05-12T20:06:35.572Z [INFO]: [Server] HTTP server running on port 3000 {"environment":"production"}
2026-05-12T20:06:45.505Z [INFO]: [ReviewAutomationJob] Scheduling with pattern: "0 10,15,21 * * *" {}
2026-05-12T20:06:45.512Z [INFO]: [ReviewAutomationJob] Cron started {}
2026-05-12T20:06:45.514Z [INFO]: [Server] HTTP server running on port 3000 {"environment":"production"}
2026-05-12T20:06:54.680Z [INFO]: [ReviewAutomationJob] Scheduling with pattern: "0 10,15,21 * * *" {}
2026-05-12T20:06:54.693Z [INFO]: [ReviewAutomationJob] Cron started {}
2026-05-12T20:06:54.696Z [INFO]: [Server] HTTP server running on port 3000 {"environment":"production"}
2026-05-12T20:07:03.653Z [INFO]: [ReviewAutomationJob] Scheduling with pattern: "0 10,15,21 * * *" {}
2026-05-12T20:07:03.658Z [INFO]: [ReviewAutomationJob] Cron started {}
2026-05-12T20:07:03.660Z [INFO]: [Server] HTTP server running on port 3000 {"environment":"production"}
2026-05-12T20:07:13.139Z [INFO]: [ReviewAutomationJob] Scheduling with pattern: "0 10,15,21 * * *" {}
2026-05-12T20:07:13.148Z [INFO]: [ReviewAutomationJob] Cron started {}
2026-05-12T20:07:13.152Z [INFO]: [Server] HTTP server running on port 3000 {"environment":"production"}
2026-05-12T20:07:23.811Z [INFO]: [ReviewAutomationJob] Scheduling with pattern: "0 10,15,21 * * *" {}
2026-05-12T20:07:23.819Z [INFO]: [ReviewAutomationJob] Cron started {}
2026-05-12T20:07:23.821Z [INFO]: [Server] HTTP server running on port 3000 {"environment":"production"}
2026-05-13T07:36:40.868Z [INFO]: [ReviewAutomationJob] Scheduling with pattern: "0 10,15,21 * * *" {}
2026-05-13T07:36:40.879Z [INFO]: [ReviewAutomationJob] Cron started {}
2026-05-13T07:36:40.881Z [INFO]: [Server] HTTP server running on port 3000 {"environment":"production"}
2026-05-13T07:37:24.150Z [INFO]: [ReviewAutomationJob] Scheduling with pattern: "0 10,15,21 * * *" {}
2026-05-13T07:37:24.160Z [INFO]: [ReviewAutomationJob] Cron started {}
2026-05-13T07:37:24.163Z [INFO]: [Server] HTTP server running on port 3000 {"environment":"production"}
2026-05-13T07:47:57.118Z [INFO]: [Firebase] Admin SDK initialized successfully {}
2026-05-13T08:21:03.208Z [INFO]: [Server] Received SIGINT — graceful shutdown initiated {}
2026-05-13T08:21:14.362Z [INFO]: [ReviewAutomationJob] Scheduling with pattern: "0 10,15,21 * * *" {}
2026-05-13T08:21:14.372Z [INFO]: [ReviewAutomationJob] Cron started {}
2026-05-13T08:21:14.375Z [INFO]: [Server] HTTP server running on port 3000 {"environment":"production"}
2026-05-13T08:24:18.799Z [INFO]: [Firebase] Admin SDK initialized successfully {}
2026-05-13T08:24:21.871Z [ERROR]: [GoogleSync] Failed to sync business data {"error":"No access, refresh token, API key or refresh handler callback is set."}
2026-05-13T08:34:57.960Z [INFO]: [ReviewAutomationJob] Scheduling with pattern: "0 10,15,21 * * *" {}
2026-05-13T08:34:57.970Z [INFO]: [ReviewAutomationJob] Cron started {}
2026-05-13T08:34:57.972Z [INFO]: [Server] HTTP server running on port 3000 {"environment":"production"}
2026-05-13T08:35:32.563Z [INFO]: [ReviewAutomationJob] Scheduling with pattern: "0 10,15,21 * * *" {}
2026-05-13T08:35:32.573Z [INFO]: [ReviewAutomationJob] Cron started {}
2026-05-13T08:35:32.576Z [INFO]: [Server] HTTP server running on port 3000 {"environment":"production"}
2026-05-13T08:36:45.506Z [INFO]: [Firebase] Admin SDK initialized successfully {}
2026-05-13T08:37:16.653Z [ERROR]: [GoogleSync] Failed to sync business data {"error":"Quota exceeded for quota metric 'Requests' and limit 'Requests per minute' of service 'mybusinessaccountmanagement.googleapis.com' for consumer 'project_number:111717206874'."}
2026-05-13T09:05:24.274Z [ERROR]: [GoogleSync] Failed to sync business data {"error":"Quota exceeded for quota metric 'Requests' and limit 'Requests per minute' of service 'mybusinessaccountmanagement.googleapis.com' for consumer 'project_number:111717206874'."}
2026-05-13T13:59:26.649Z [INFO]: [ReviewAutomationJob] Scheduling with pattern: "0 10,15,21 * * *" {}
2026-05-13T13:59:26.662Z [INFO]: [ReviewAutomationJob] Cron started {}
2026-05-13T13:59:26.665Z [INFO]: [Server] HTTP server running on port 3000 {"environment":"production"}
2026-05-13T14:02:11.782Z [INFO]: [Firebase] Admin SDK initialized successfully {}
2026-05-13T14:02:17.350Z [ERROR]: [ReviewService] Failed to process review safely {"outletId":"fUJCqqTZj6WHS8QZahh4","reviewId":"test123","error":"google.mybusinessreviews is not a function"}
2026-05-13T14:02:17.675Z [ERROR]: [Process] Unhandled Promise Rejection {"reason":"5 NOT_FOUND: No document to update: projects/gmb-onerepute/databases/(default)/documents/reviews/test-doc-id","stack":"Error: 5 NOT_FOUND: No document to update: projects/gmb-onerepute/databases/(default)/documents/reviews/test-doc-id\n    at callErrorFromStatus (D:\\Restaurant AI Review\\backend\\node_modules\\@grpc\\grpc-js\\build\\src\\call.js:32:19)\n    at Object.onReceiveStatus (D:\\Restaurant AI Review\\backend\\node_modules\\@grpc\\grpc-js\\build\\src\\client.js:193:76)\n    at Object.onReceiveStatus (D:\\Restaurant AI Review\\backend\\node_modules\\@grpc\\grpc-js\\build\\src\\client-interceptors.js:367:141)\n    at Object.onReceiveStatus (D:\\Restaurant AI Review\\backend\\node_modules\\@grpc\\grpc-js\\build\\src\\client-interceptors.js:327:181)\n    at D:\\Restaurant AI Review\\backend\\node_modules\\@grpc\\grpc-js\\build\\src\\resolving-call.js:135:78\n    at process.processTicksAndRejections (node:internal/process/task_queues:85:11)\nfor call at\n    at ServiceClientImpl.makeUnaryRequest (D:\\Restaurant AI Review\\backend\\node_modules\\@grpc\\grpc-js\\build\\src\\client.js:161:32)\n    at ServiceClientImpl.<anonymous> (D:\\Restaurant AI Review\\backend\\node_modules\\@grpc\\grpc-js\\build\\src\\make-client.js:105:19)\n    at D:\\Restaurant AI Review\\backend\\node_modules\\@google-cloud\\firestore\\build\\src\\v1\\firestore_client.js:242:33\n    at D:\\Restaurant AI Review\\backend\\node_modules\\google-gax\\build\\src\\normalCalls\\timeout.js:44:16\n    at repeat (D:\\Restaurant AI Review\\backend\\node_modules\\google-gax\\build\\src\\normalCalls\\retries.js:82:25)\n    at D:\\Restaurant AI Review\\backend\\node_modules\\google-gax\\build\\src\\normalCalls\\retries.js:125:13\n    at OngoingCallPromise.call (D:\\Restaurant AI Review\\backend\\node_modules\\google-gax\\build\\src\\call.js:67:27)\n    at NormalApiCaller.call (D:\\Restaurant AI Review\\backend\\node_modules\\google-gax\\build\\src\\normalCalls\\normalApiCaller.js:34:19)\n    at D:\\Restaurant AI Review\\backend\\node_modules\\google-gax\\build\\src\\createApiCall.js:112:30\n    at process.processTicksAndRejections (node:internal/process/task_queues:105:5)\nCaused by: Error\n    at _firestore._traceUtil.startActiveSpan (D:\\Restaurant AI Review\\backend\\node_modules\\@google-cloud\\firestore\\build\\src\\write-batch.js:438:27)\n    at D:\\Restaurant AI Review\\backend\\node_modules\\@google-cloud\\firestore\\build\\src\\telemetry\\enabled-trace-util.js:110:30\n    at NoopContextManager.with (D:\\Restaurant AI Review\\backend\\node_modules\\@opentelemetry\\api\\build\\src\\context\\NoopContextManager.js:14:19)\n    at ContextAPI.with (D:\\Restaurant AI Review\\backend\\node_modules\\@opentelemetry\\api\\build\\src\\api\\context.js:51:46)\n    at NoopTracer.startActiveSpan (D:\\Restaurant AI Review\\backend\\node_modules\\@opentelemetry\\api\\build\\src\\trace\\NoopTracer.js:54:31)\n    at ProxyTracer.startActiveSpan (D:\\Restaurant AI Review\\backend\\node_modules\\@opentelemetry\\api\\build\\src\\trace\\ProxyTracer.js:27:24)\n    at EnabledTraceUtil.startActiveSpan (D:\\Restaurant AI Review\\backend\\node_modules\\@google-cloud\\firestore\\build\\src\\telemetry\\enabled-trace-util.js:102:28)\n    at WriteBatch.commit (D:\\Restaurant AI Review\\backend\\node_modules\\@google-cloud\\firestore\\build\\src\\write-batch.js:436:43)\n    at D:\\Restaurant AI Review\\backend\\node_modules\\@google-cloud\\firestore\\build\\src\\reference\\document-reference.js:392:18\n    at D:\\Restaurant AI Review\\backend\\node_modules\\@google-cloud\\firestore\\build\\src\\telemetry\\enabled-trace-util.js:110:30"}
2026-05-13T14:05:47.126Z [ERROR]: [ReviewService] Failed to process review safely {"outletId":"fUJCqqTZj6WHS8QZahh4","reviewId":"test123","error":"google.mybusinessreviews is not a function"}
2026-05-13T14:14:27.090Z [INFO]: [ReviewAutomationJob] Scheduling with pattern: "0 10,15,21 * * *" {}
2026-05-13T14:14:27.097Z [INFO]: [ReviewAutomationJob] Cron started {}
2026-05-13T14:14:27.099Z [INFO]: [Server] HTTP server running on port 3000 {"environment":"production"}
2026-05-13T14:14:36.639Z [INFO]: [ReviewAutomationJob] Scheduling with pattern: "0 10,15,21 * * *" {}
2026-05-13T14:14:36.645Z [INFO]: [ReviewAutomationJob] Cron started {}
2026-05-13T14:14:36.646Z [INFO]: [Server] HTTP server running on port 3000 {"environment":"production"}
2026-05-13T14:14:54.965Z [INFO]: [ReviewAutomationJob] Scheduling with pattern: "0 10,15,21 * * *" {}
2026-05-13T14:14:54.974Z [INFO]: [ReviewAutomationJob] Cron started {}
2026-05-13T14:14:54.978Z [INFO]: [Server] HTTP server running on port 3000 {"environment":"production"}
2026-05-13T14:15:04.808Z [INFO]: [ReviewAutomationJob] Scheduling with pattern: "0 10,15,21 * * *" {}
2026-05-13T14:15:04.814Z [INFO]: [ReviewAutomationJob] Cron started {}
2026-05-13T14:15:04.816Z [INFO]: [Server] HTTP server running on port 3000 {"environment":"production"}
2026-05-13T14:15:12.533Z [INFO]: [ReviewAutomationJob] Scheduling with pattern: "0 10,15,21 * * *" {}
2026-05-13T14:15:12.540Z [INFO]: [ReviewAutomationJob] Cron started {}
2026-05-13T14:15:12.542Z [INFO]: [Server] HTTP server running on port 3000 {"environment":"production"}
2026-05-13T14:18:28.035Z [INFO]: [ReviewAutomationJob] Scheduling with pattern: "0 10,15,21 * * *" {}
2026-05-13T14:18:28.062Z [INFO]: [ReviewAutomationJob] Cron started {}
2026-05-13T14:18:28.083Z [INFO]: [Server] HTTP server running on port 3000 {"environment":"production"}
2026-05-13T14:19:35.019Z [INFO]: [ReviewAutomationJob] Scheduling with pattern: "0 10,15,21 * * *" {}
2026-05-13T14:19:35.030Z [INFO]: [ReviewAutomationJob] Cron started {}
2026-05-13T14:19:35.034Z [INFO]: [Server] HTTP server running on port 3000 {"environment":"production"}
2026-05-13T14:20:09.061Z [INFO]: [ReviewAutomationJob] Scheduling with pattern: "0 10,15,21 * * *" {}
2026-05-13T14:20:09.073Z [INFO]: [ReviewAutomationJob] Cron started {}
2026-05-13T14:20:09.076Z [INFO]: [Server] HTTP server running on port 3000 {"environment":"production"}
2026-05-13T14:20:41.252Z [INFO]: [ReviewAutomationJob] Scheduling with pattern: "0 10,15,21 * * *" {}
2026-05-13T14:20:41.264Z [INFO]: [ReviewAutomationJob] Cron started {}
2026-05-13T14:20:41.267Z [INFO]: [Server] HTTP server running on port 3000 {"environment":"production"}
2026-05-13T14:21:29.299Z [INFO]: [ReviewAutomationJob] Scheduling with pattern: "0 10,15,21 * * *" {}
2026-05-13T14:21:29.310Z [INFO]: [ReviewAutomationJob] Cron started {}
2026-05-13T14:21:29.314Z [INFO]: [Server] HTTP server running on port 3000 {"environment":"production"}
2026-05-13T14:21:47.698Z [INFO]: [Firebase] Admin SDK initialized successfully {}
2026-05-13T14:21:51.666Z [ERROR]: [ReviewService] Failed to process review safely {"outletId":"fUJCqqTZj6WHS8QZahh4","reviewId":"test123","error":"google.mybusinessreviews is not a function"}
2026-05-13T14:24:23.574Z [INFO]: [ReviewAutomationJob] Scheduling with pattern: "0 10,15,21 * * *" {}
2026-05-13T14:24:23.586Z [INFO]: [ReviewAutomationJob] Cron started {}
2026-05-13T14:24:23.589Z [INFO]: [Server] HTTP server running on port 3000 {"environment":"production"}
2026-05-13T14:24:27.060Z [INFO]: [Firebase] Admin SDK initialized successfully {}
2026-05-13T14:24:31.188Z [ERROR]: [ReviewService] Failed to process review safely {"outletId":"fUJCqqTZj6WHS8QZahh4","reviewId":"test123","error":"google.mybusinessreviews is not a function"}
2026-05-13T14:25:07.364Z [INFO]: [ReviewAutomationJob] Scheduling with pattern: "0 10,15,21 * * *" {}
2026-05-13T14:25:07.377Z [INFO]: [ReviewAutomationJob] Cron started {}
2026-05-13T14:25:07.382Z [INFO]: [Server] HTTP server running on port 3000 {"environment":"production"}
2026-05-13T14:25:12.366Z [INFO]: [Firebase] Admin SDK initialized successfully {}
2026-05-13T14:25:31.279Z [ERROR]: [ReviewService] Failed to process review safely {"outletId":"fUJCqqTZj6WHS8QZahh4","reviewId":"test123","error":"google.mybusinessreviews is not a function"}
2026-05-13T14:28:14.465Z [INFO]: [ReviewAutomationJob] Scheduling with pattern: "0 10,15,21 * * *" {}
2026-05-13T14:28:14.477Z [INFO]: [ReviewAutomationJob] Cron started {}
2026-05-13T14:28:14.481Z [INFO]: [Server] HTTP server running on port 3000 {"environment":"production"}
2026-05-13T14:28:18.738Z [INFO]: [Firebase] Admin SDK initialized successfully {}
2026-05-13T14:28:22.484Z [ERROR]: [ReviewService] Failed to process review safely {"outletId":"fUJCqqTZj6WHS8QZahh4","reviewId":"test123","error":"google.mybusinessreviews is not a function"}
2026-05-13T14:28:40.209Z [INFO]: [ReviewAutomationJob] Scheduling with pattern: "0 10,15,21 * * *" {}
2026-05-13T14:28:40.220Z [INFO]: [ReviewAutomationJob] Cron started {}
2026-05-13T14:28:40.223Z [INFO]: [Server] HTTP server running on port 3000 {"environment":"production"}
2026-05-13T14:28:45.240Z [INFO]: [Firebase] Admin SDK initialized successfully {}
2026-05-13T14:28:50.078Z [ERROR]: [ReviewService] Failed to process review safely {"outletId":"fUJCqqTZj6WHS8QZahh4","reviewId":"test123","error":"google.mybusinessreviews is not a function"}
2026-05-13T14:29:10.067Z [INFO]: [ReviewAutomationJob] Scheduling with pattern: "0 10,15,21 * * *" {}
2026-05-13T14:29:10.078Z [INFO]: [ReviewAutomationJob] Cron started {}
2026-05-13T14:29:10.081Z [INFO]: [Server] HTTP server running on port 3000 {"environment":"production"}
2026-05-13T14:29:16.009Z [INFO]: [Firebase] Admin SDK initialized successfully {}
2026-05-13T14:29:22.374Z [INFO]: [ReviewAutomationJob] Scheduling with pattern: "0 10,15,21 * * *" {}
2026-05-13T14:29:22.390Z [INFO]: [ReviewAutomationJob] Cron started {}
2026-05-13T14:29:22.394Z [INFO]: [Server] HTTP server running on port 3000 {"environment":"production"}
2026-05-13T14:29:37.315Z [INFO]: [Firebase] Admin SDK initialized successfully {}
2026-05-13T14:29:39.259Z [ERROR]: [ReviewService] Failed to process review safely {"outletId":"fUJCqqTZj6WHS8QZahh4","reviewId":"test123","error":"Invalid WhatsApp number: undefined"}
2026-05-13T14:30:55.891Z [ERROR]: [ReviewService] Failed to process review safely {"outletId":"fUJCqqTZj6WHS8QZahh4","reviewId":"test123","error":"Invalid WhatsApp number: 9384926154"}
2026-05-13T14:31:19.296Z [INFO]: [WhatsApp] Alert sent to manager {"to":"+919384926154","outletName":"Hari Krishnan","rating":2,"provider":"twilio"}
2026-05-13T14:31:19.685Z [INFO]: [ReviewService] Negative review escalated {"outletId":"fUJCqqTZj6WHS8QZahh4","reviewId":"test123","rating":2}
2026-05-13T14:33:14.098Z [INFO]: [WhatsApp] Alert sent to manager {"to":"+919384926154","outletName":"Hari Krishnan","rating":2,"provider":"twilio"}
2026-05-13T14:33:14.527Z [INFO]: [ReviewService] Negative review escalated {"outletId":"fUJCqqTZj6WHS8QZahh4","reviewId":"test123","rating":2}
2026-05-13T14:50:28.270Z [INFO]: [Server] Received SIGINT — graceful shutdown initiated {}
2026-05-13T14:54:12.607Z [INFO]: [ReviewAutomationJob] Scheduling with pattern: "0 10,15,21 * * *" {}
2026-05-13T14:54:12.620Z [INFO]: [ReviewAutomationJob] Cron started {}
2026-05-13T14:54:12.622Z [INFO]: [Server] HTTP server running on port 3000 {"environment":"production"}
2026-05-13T14:54:45.504Z [INFO]: [Firebase] Admin SDK initialized successfully {}
2026-05-13T14:56:25.502Z [ERROR]: [GoogleSync] Failed to sync business data {"error":"Quota exceeded for quota metric 'Requests' and limit 'Requests per minute' of service 'mybusinessaccountmanagement.googleapis.com' for consumer 'project_number:111717206874'."}
2026-05-13T15:30:00.657Z [INFO]: [ReviewAutomationJob] Starting run {}
2026-05-13T15:30:01.176Z [INFO]: [ReviewAutomationJob] Processing 1 active outlet(s) {}
2026-05-13T15:30:01.178Z [INFO]: [ReviewService] Processing outlet {"outletId":"fUJCqqTZj6WHS8QZahh4","name":"Hari Krishnan"}
2026-05-13T15:30:01.181Z [ERROR]: [ReviewService] Failed to fetch reviews from Google {"outletId":"fUJCqqTZj6WHS8QZahh4","error":"google.mybusinessreviews is not a function"}
2026-05-13T15:30:01.318Z [INFO]: [ReviewAutomationJob] Run complete {"outlets":1,"totalFetched":0,"totalNew":0,"totalProcessed":0,"errors":0,"durationMs":660}
2026-05-13T15:49:49.984Z [INFO]: [Server] Received SIGINT — graceful shutdown initiated {}
2026-05-13T15:49:57.017Z [INFO]: [ReviewAutomationJob] Scheduling with pattern: "0 10,15,21 * * *" {}
2026-05-13T15:49:57.028Z [INFO]: [ReviewAutomationJob] Cron started {}
2026-05-13T15:49:57.031Z [INFO]: [Server] HTTP server running on port 3000 {"environment":"production"}
2026-05-13T15:50:04.383Z [INFO]: [Firebase] Admin SDK initialized successfully {}
2026-05-13T15:54:06.776Z [ERROR]: [GoogleSync] Failed to sync business data {"error":"Quota exceeded for quota metric 'Requests' and limit 'Requests per minute' of service 'mybusinessaccountmanagement.googleapis.com' for consumer 'project_number:111717206874'."}
2026-05-13T17:04:54.364Z [INFO]: [Server] Received SIGINT — graceful shutdown initiated {}
2026-05-13T20:34:19.214Z [INFO]: [ReviewAutomationJob] Scheduling with pattern: "0 10,15,21 * * *" {}
2026-05-13T20:34:19.235Z [INFO]: [ReviewAutomationJob] Cron started {}
2026-05-13T20:34:19.244Z [INFO]: [Server] HTTP server running on port 3000 {"environment":"production"}
2026-05-13T20:37:06.528Z [INFO]: [Firebase] Admin SDK initialized successfully {}
2026-05-13T20:37:08.320Z [ERROR]: [OutletRoute] Failed to fetch reviews {"error":"9 FAILED_PRECONDITION: The query requires an index. You can create it here: https://console.firebase.google.com/v1/r/project/gmb-onerepute/firestore/indexes?create_composite=Ck1wcm9qZWN0cy9nbWItb25lcmVwdXRlL2RhdGFiYXNlcy8oZGVmYXVsdCkvY29sbGVjdGlvbkdyb3Vwcy9yZXZpZXdzL2luZGV4ZXMvXxABGgwKCG91dGxldElkEAEaDQoJY3JlYXRlZEF0EAIaDAoIX19uYW1lX18QAg"}
2026-05-13T20:37:08.369Z [ERROR]: [OutletRoute] Failed to fetch analytics {"error":"9 FAILED_PRECONDITION: The query requires an index. You can create it here: https://console.firebase.google.com/v1/r/project/gmb-onerepute/firestore/indexes?create_composite=Ck1wcm9qZWN0cy9nbWItb25lcmVwdXRlL2RhdGFiYXNlcy8oZGVmYXVsdCkvY29sbGVjdGlvbkdyb3Vwcy9yZXZpZXdzL2luZGV4ZXMvXxABGgwKCG91dGxldElkEAEaDQoJY3JlYXRlZEF0EAEaDAoIX19uYW1lX18QAQ"}
2026-05-13T20:37:09.536Z [ERROR]: [OutletRoute] Failed to fetch reviews {"error":"9 FAILED_PRECONDITION: The query requires an index. You can create it here: https://console.firebase.google.com/v1/r/project/gmb-onerepute/firestore/indexes?create_composite=Ck1wcm9qZWN0cy9nbWItb25lcmVwdXRlL2RhdGFiYXNlcy8oZGVmYXVsdCkvY29sbGVjdGlvbkdyb3Vwcy9yZXZpZXdzL2luZGV4ZXMvXxABGgwKCG91dGxldElkEAEaDQoJY3JlYXRlZEF0EAIaDAoIX19uYW1lX18QAg"}
2026-05-13T20:37:09.626Z [ERROR]: [OutletRoute] Failed to fetch analytics {"error":"9 FAILED_PRECONDITION: The query requires an index. You can create it here: https://console.firebase.google.com/v1/r/project/gmb-onerepute/firestore/indexes?create_composite=Ck1wcm9qZWN0cy9nbWItb25lcmVwdXRlL2RhdGFiYXNlcy8oZGVmYXVsdCkvY29sbGVjdGlvbkdyb3Vwcy9yZXZpZXdzL2luZGV4ZXMvXxABGgwKCG91dGxldElkEAEaDQoJY3JlYXRlZEF0EAEaDAoIX19uYW1lX18QAQ"}
2026-05-13T20:37:41.184Z [ERROR]: [OutletRoute] Failed to fetch analytics {"error":"9 FAILED_PRECONDITION: The query requires an index. You can create it here: https://console.firebase.google.com/v1/r/project/gmb-onerepute/firestore/indexes?create_composite=Ck1wcm9qZWN0cy9nbWItb25lcmVwdXRlL2RhdGFiYXNlcy8oZGVmYXVsdCkvY29sbGVjdGlvbkdyb3Vwcy9yZXZpZXdzL2luZGV4ZXMvXxABGgwKCG91dGxldElkEAEaDQoJY3JlYXRlZEF0EAEaDAoIX19uYW1lX18QAQ"}
2026-05-13T20:37:41.192Z [ERROR]: [OutletRoute] Failed to fetch reviews {"error":"9 FAILED_PRECONDITION: The query requires an index. You can create it here: https://console.firebase.google.com/v1/r/project/gmb-onerepute/firestore/indexes?create_composite=Ck1wcm9qZWN0cy9nbWItb25lcmVwdXRlL2RhdGFiYXNlcy8oZGVmYXVsdCkvY29sbGVjdGlvbkdyb3Vwcy9yZXZpZXdzL2luZGV4ZXMvXxABGgwKCG91dGxldElkEAEaDQoJY3JlYXRlZEF0EAIaDAoIX19uYW1lX18QAg"}
2026-05-13T20:37:42.344Z [ERROR]: [OutletRoute] Failed to fetch analytics {"error":"9 FAILED_PRECONDITION: The query requires an index. You can create it here: https://console.firebase.google.com/v1/r/project/gmb-onerepute/firestore/indexes?create_composite=Ck1wcm9qZWN0cy9nbWItb25lcmVwdXRlL2RhdGFiYXNlcy8oZGVmYXVsdCkvY29sbGVjdGlvbkdyb3Vwcy9yZXZpZXdzL2luZGV4ZXMvXxABGgwKCG91dGxldElkEAEaDQoJY3JlYXRlZEF0EAEaDAoIX19uYW1lX18QAQ"}
2026-05-13T20:37:42.473Z [ERROR]: [OutletRoute] Failed to fetch reviews {"error":"9 FAILED_PRECONDITION: The query requires an index. You can create it here: https://console.firebase.google.com/v1/r/project/gmb-onerepute/firestore/indexes?create_composite=Ck1wcm9qZWN0cy9nbWItb25lcmVwdXRlL2RhdGFiYXNlcy8oZGVmYXVsdCkvY29sbGVjdGlvbkdyb3Vwcy9yZXZpZXdzL2luZGV4ZXMvXxABGgwKCG91dGxldElkEAEaDQoJY3JlYXRlZEF0EAIaDAoIX19uYW1lX18QAg"}
2026-05-13T20:38:17.140Z [INFO]: [ReviewAutomationJob] Scheduling with pattern: "0 10,15,21 * * *" {}
2026-05-13T20:38:17.153Z [INFO]: [ReviewAutomationJob] Cron started {}
2026-05-13T20:38:17.157Z [INFO]: [Server] HTTP server running on port 3000 {"environment":"production"}
2026-05-13T20:40:44.856Z [INFO]: [ReviewAutomationJob] Scheduling with pattern: "0 10,15,21 * * *" {}
2026-05-13T20:40:44.867Z [INFO]: [ReviewAutomationJob] Cron started {}
2026-05-13T20:40:44.872Z [INFO]: [Server] HTTP server running on port 3000 {"environment":"production"}
2026-05-13T20:42:34.938Z [INFO]: [ReviewAutomationJob] Scheduling with pattern: "0 10,15,21 * * *" {}
2026-05-13T20:42:34.946Z [INFO]: [ReviewAutomationJob] Cron started {}
2026-05-13T20:42:34.949Z [INFO]: [Server] HTTP server running on port 3000 {"environment":"production"}
2026-05-13T20:42:56.163Z [INFO]: [ReviewAutomationJob] Scheduling with pattern: "0 10,15,21 * * *" {}
2026-05-13T20:42:56.176Z [INFO]: [ReviewAutomationJob] Cron started {}
2026-05-13T20:42:56.179Z [INFO]: [Server] HTTP server running on port 3000 {"environment":"production"}
2026-05-13T20:43:12.387Z [INFO]: [ReviewAutomationJob] Scheduling with pattern: "0 10,15,21 * * *" {}
2026-05-13T20:43:12.400Z [INFO]: [ReviewAutomationJob] Cron started {}
2026-05-13T20:43:12.403Z [INFO]: [Server] HTTP server running on port 3000 {"environment":"production"}
2026-05-13T20:43:58.283Z [INFO]: [ReviewAutomationJob] Scheduling with pattern: "0 10,15,21 * * *" {}
2026-05-13T20:43:58.298Z [INFO]: [ReviewAutomationJob] Cron started {}
2026-05-13T20:43:58.302Z [INFO]: [Server] HTTP server running on port 3000 {"environment":"production"}
2026-05-13T20:48:07.708Z [INFO]: [Firebase] Admin SDK initialized successfully {}
2026-05-13T20:49:35.711Z [INFO]: [ReviewAutomationJob] Scheduling with pattern: "0 10,15,21 * * *" {}
2026-05-13T20:49:35.724Z [INFO]: [ReviewAutomationJob] Cron started {}
2026-05-13T20:49:35.728Z [INFO]: [Server] HTTP server running on port 3000 {"environment":"production"}
2026-05-13T20:53:12.299Z [INFO]: [ReviewAutomationJob] Scheduling with pattern: "0 10,15,21 * * *" {}
2026-05-13T20:53:12.326Z [INFO]: [ReviewAutomationJob] Cron started {}
2026-05-13T20:53:12.329Z [INFO]: [Server] HTTP server running on port 3000 {"environment":"production"}
2026-05-13T20:58:02.854Z [INFO]: [Firebase] Admin SDK initialized successfully {}
2026-05-13T22:15:35.092Z [INFO]: [Server] Received SIGINT — graceful shutdown initiated {}
2026-05-14T13:07:57.120Z [INFO]: [ReviewAutomationJob] Scheduling with pattern: "0 10,15,21 * * *" {}
2026-05-14T13:07:57.144Z [INFO]: [ReviewAutomationJob] Cron started {}
2026-05-14T13:07:57.146Z [INFO]: [Server] HTTP server running on port 3000 {"environment":"production"}
2026-05-14T13:08:09.859Z [INFO]: [Server] Received SIGINT — graceful shutdown initiated {}
2026-05-14T13:17:03.862Z [INFO]: [ReviewAutomationJob] Scheduling with pattern: "0 10,15,21 * * *" {}
2026-05-14T13:17:03.871Z [INFO]: [ReviewAutomationJob] Cron started {}
2026-05-14T13:17:03.874Z [INFO]: [Server] HTTP server running on port 3000 {"environment":"production"}
2026-05-14T13:21:44.448Z [INFO]: [Firebase] Admin SDK initialized successfully {}
2026-05-14T13:35:44.097Z [INFO]: [Server] Received SIGINT — graceful shutdown initiated {}
2026-05-14T13:37:11.106Z [INFO]: [ReviewAutomationJob] Scheduling with pattern: "0 10,15,21 * * *" {}
2026-05-14T13:37:11.115Z [INFO]: [ReviewAutomationJob] Cron started {}
2026-05-14T13:37:11.117Z [INFO]: [Server] HTTP server running on port 3000 {"environment":"production"}
2026-05-14T13:39:03.703Z [INFO]: [ReviewAutomationJob] Scheduling with pattern: "0 10,15,21 * * *" {}
2026-05-14T13:39:03.715Z [INFO]: [ReviewAutomationJob] Cron started {}
2026-05-14T13:39:03.718Z [INFO]: [Server] HTTP server running on port 3000 {"environment":"production"}
2026-05-14T13:39:49.343Z [INFO]: [ReviewAutomationJob] Scheduling with pattern: "0 10,15,21 * * *" {}
2026-05-14T13:39:49.352Z [INFO]: [ReviewAutomationJob] Cron started {}
2026-05-14T13:39:49.355Z [INFO]: [Server] HTTP server running on port 3000 {"environment":"production"}
2026-05-14T13:40:31.576Z [INFO]: [ReviewAutomationJob] Scheduling with pattern: "0 10,15,21 * * *" {}
2026-05-14T13:40:31.585Z [INFO]: [ReviewAutomationJob] Cron started {}
2026-05-14T13:40:31.588Z [INFO]: [Server] HTTP server running on port 3000 {"environment":"production"}
2026-05-14T13:40:33.358Z [INFO]: [Firebase] Admin SDK initialized successfully {}
2026-05-14T13:40:44.699Z [ERROR]: [TestRoute] Execution failed {"error":"isPositive is not defined"}
2026-05-14T13:41:03.551Z [INFO]: [ReviewAutomationJob] Scheduling with pattern: "0 10,15,21 * * *" {}
2026-05-14T13:41:03.564Z [INFO]: [ReviewAutomationJob] Cron started {}
2026-05-14T13:41:03.567Z [INFO]: [Server] HTTP server running on port 3000 {"environment":"production"}
2026-05-14T13:41:03.964Z [INFO]: [Firebase] Admin SDK initialized successfully {}
2026-05-14T13:41:04.977Z [INFO]: [TestRoute] Starting test run {"outletId":"fUJCqqTZj6WHS8QZahh4","rating":5}
2026-05-14T13:41:07.838Z [ERROR]: [ReviewService] Failed to process review safely {"outletId":"fUJCqqTZj6WHS8QZahh4","reviewId":"test-1778766064977","error":"google.mybusinessreviews is not a function"}
2026-05-14T13:41:07.939Z [ERROR]: [TestRoute] Execution failed {"error":"isPositive is not defined"}
2026-05-14T13:42:19.906Z [INFO]: [ReviewAutomationJob] Scheduling with pattern: "0 10,15,21 * * *" {}
2026-05-14T13:42:19.917Z [INFO]: [ReviewAutomationJob] Cron started {}
2026-05-14T13:42:19.920Z [INFO]: [Server] HTTP server running on port 3000 {"environment":"production"}
2026-05-14T13:42:31.338Z [INFO]: [ReviewAutomationJob] Scheduling with pattern: "0 10,15,21 * * *" {}
2026-05-14T13:42:31.347Z [INFO]: [ReviewAutomationJob] Cron started {}
2026-05-14T13:42:31.350Z [INFO]: [Server] HTTP server running on port 3000 {"environment":"production"}
2026-05-14T13:42:33.439Z [INFO]: [Firebase] Admin SDK initialized successfully {}
2026-05-14T13:42:34.501Z [INFO]: [TestRoute] Starting test run {"outletId":"fUJCqqTZj6WHS8QZahh4","rating":3}
2026-05-14T13:42:38.416Z [INFO]: [WhatsApp] Alert sent to manager {"to":"+919384926154","outletName":"Hari Krishnan","rating":3,"provider":"twilio"}
2026-05-14T13:42:38.721Z [INFO]: [ReviewService] Review escalated {"outletId":"fUJCqqTZj6WHS8QZahh4","reviewId":"test-1778766154500","rating":3}
2026-05-14T13:42:38.722Z [ERROR]: [TestRoute] Execution failed {"error":"isPositive is not defined"}
2026-05-14T13:42:59.336Z [INFO]: [Server] Received SIGINT — graceful shutdown initiated {}
2026-05-14T13:47:11.751Z [INFO]: [ReviewAutomationJob] Scheduling with pattern: "0 10,15,21 * * *" {}
2026-05-14T13:47:11.760Z [INFO]: [ReviewAutomationJob] Cron started {}
2026-05-14T13:47:11.763Z [INFO]: [Server] HTTP server running on port 3000 {"environment":"production"}
2026-05-14T13:48:08.919Z [INFO]: [Firebase] Admin SDK initialized successfully {}
2026-05-14T13:48:09.986Z [INFO]: [TestRoute] Starting test run {"outletId":"fUJCqqTZj6WHS8QZahh4","rating":3,"threshold":3,"isPositive":false}
2026-05-14T13:48:11.200Z [INFO]: [WhatsApp] Alert sent to manager {"to":"+919384926154","outletName":"Hari Krishnan","rating":3,"provider":"twilio"}
2026-05-14T13:48:11.437Z [INFO]: [ReviewService] Review escalated {"outletId":"fUJCqqTZj6WHS8QZahh4","reviewId":"test-1778766489985","rating":3}
2026-05-14T13:48:44.129Z [INFO]: [TestRoute] Starting test run {"outletId":"fUJCqqTZj6WHS8QZahh4","rating":1,"threshold":3,"isPositive":false}
2026-05-14T13:48:44.817Z [INFO]: [WhatsApp] Alert sent to manager {"to":"+919384926154","outletName":"Hari Krishnan","rating":1,"provider":"twilio"}
2026-05-14T13:48:44.982Z [INFO]: [ReviewService] Review escalated {"outletId":"fUJCqqTZj6WHS8QZahh4","reviewId":"test-1778766524129","rating":1}
2026-05-14T13:50:08.796Z [INFO]: [TestRoute] Starting test run {"outletId":"fUJCqqTZj6WHS8QZahh4","rating":4,"threshold":3,"isPositive":true}
2026-05-14T13:50:10.637Z [ERROR]: [ReviewService] Failed to process review safely {"outletId":"fUJCqqTZj6WHS8QZahh4","reviewId":"test-1778766608796","error":"google.mybusinessreviews is not a function"}
2026-05-14T13:53:15.329Z [INFO]: [TestRoute] Starting test run {"outletId":"fUJCqqTZj6WHS8QZahh4","rating":4,"threshold":2,"isPositive":true}
2026-05-14T13:53:16.761Z [ERROR]: [ReviewService] Failed to process review safely {"outletId":"fUJCqqTZj6WHS8QZahh4","reviewId":"test-1778766795329","error":"google.mybusinessreviews is not a function"}
2026-05-14T13:53:21.911Z [INFO]: [TestRoute] Starting test run {"outletId":"fUJCqqTZj6WHS8QZahh4","rating":3,"threshold":2,"isPositive":true}
2026-05-14T13:53:23.191Z [ERROR]: [ReviewService] Failed to process review safely {"outletId":"fUJCqqTZj6WHS8QZahh4","reviewId":"test-1778766801911","error":"google.mybusinessreviews is not a function"}
2026-05-14T13:53:32.865Z [INFO]: [TestRoute] Starting test run {"outletId":"fUJCqqTZj6WHS8QZahh4","rating":2,"threshold":2,"isPositive":false}
2026-05-14T13:53:33.519Z [INFO]: [WhatsApp] Alert sent to manager {"to":"+919384926154","outletName":"Hari Krishnan","rating":2,"provider":"twilio"}
2026-05-14T13:53:33.669Z [INFO]: [ReviewService] Review escalated {"outletId":"fUJCqqTZj6WHS8QZahh4","reviewId":"test-1778766812865","rating":2}
2026-05-14T19:24:41.933Z [INFO]: [Server] Received SIGINT — graceful shutdown initiated {}
2026-05-14T19:27:55.607Z [INFO]: [ReviewAutomationJob] Scheduling with pattern: "0 10,15,21 * * *" {}
2026-05-14T19:27:55.614Z [INFO]: [ReviewAutomationJob] Cron started {}
2026-05-14T19:27:55.616Z [INFO]: [Server] HTTP server running on port 3000 {"environment":"production"}
2026-05-14T20:17:08.272Z [INFO]: [ReviewAutomationJob] Scheduling with pattern: "0 10,15,21 * * *" {}
2026-05-14T20:17:08.283Z [INFO]: [ReviewAutomationJob] Cron started {}
2026-05-14T20:17:08.286Z [INFO]: [Server] HTTP server running on port 3000 {"environment":"production"}
2026-05-15T16:05:49.757Z [INFO]: [ReviewAutomationJob] Scheduling with pattern: "0 10,15,21 * * *" {}
2026-05-15T16:05:49.767Z [INFO]: [ReviewAutomationJob] Cron started {}
2026-05-15T16:05:49.770Z [INFO]: [Server] HTTP server running on port 3000 {"environment":"production"}
2026-05-15T16:13:58.491Z [INFO]: [ReviewAutomationJob] Scheduling with pattern: "0 10,15,21 * * *" {}
2026-05-15T16:13:58.501Z [INFO]: [ReviewAutomationJob] Cron started {}
2026-05-15T16:13:58.505Z [INFO]: [Server] HTTP server running on port 3000 {"environment":"production"}
2026-05-15T16:35:26.322Z [INFO]: [Server] Received SIGINT — graceful shutdown initiated {}
2026-05-17T17:40:37.341Z [INFO]: [ReviewAutomationJob] Scheduling with pattern: "0 10,15,21 * * *" {}
2026-05-17T17:40:37.351Z [INFO]: [ReviewAutomationJob] Cron started {}
2026-05-17T17:40:37.354Z [INFO]: [Server] HTTP server running on port 3000 {"environment":"production"}
2026-05-17T17:40:37.914Z [INFO]: [Firebase] Admin SDK initialized successfully {}
2026-05-22T08:10:33.730Z [INFO]: [ReviewAutomationJob] Scheduling with pattern: "*/10 * * * *" {}
2026-05-22T08:10:33.741Z [INFO]: [ReviewAutomationJob] Cron started {}
2026-05-22T08:10:33.744Z [INFO]: [Server] HTTP server running on port 3000 {"environment":"production"}
2026-05-22T08:40:00.470Z [INFO]: [ReviewAutomationJob] Starting run {}
2026-05-22T08:40:00.859Z [INFO]: [Firebase] Admin SDK initialized successfully {}
2026-05-22T08:40:02.783Z [INFO]: [ReviewAutomationJob] Processing 1 active outlet(s) {}
2026-05-22T08:40:02.785Z [INFO]: [ReviewService] Processing outlet {"outletId":"fUJCqqTZj6WHS8QZahh4","name":"Hari Krishnan"}
2026-05-22T08:40:02.786Z [ERROR]: [ReviewService] Failed to fetch reviews from provider {"outletId":"fUJCqqTZj6WHS8QZahh4","providerType":"SCRAPER","error":"Missing placeId for outlet"}
2026-05-22T08:40:02.930Z [INFO]: [ReviewAutomationJob] Run complete {"outlets":1,"totalFetched":0,"totalNew":0,"totalProcessed":0,"errors":0,"durationMs":2459}
2026-05-22T08:49:24.668Z [INFO]: [TestRoute] Starting test run {"outletId":"fUJCqqTZj6WHS8QZahh4","rating":4,"threshold":2,"isPositive":true}
2026-05-22T08:49:27.401Z [INFO]: [ReviewService] Reply saved for manual posting {"outletId":"fUJCqqTZj6WHS8QZahh4","reviewId":"test-1779439764668","rating":4}
2026-05-22T08:50:00.604Z [INFO]: [ReviewAutomationJob] Starting run {}
2026-05-22T08:50:01.071Z [INFO]: [ReviewAutomationJob] Processing 1 active outlet(s) {}
2026-05-22T08:50:01.072Z [INFO]: [ReviewService] Processing outlet {"outletId":"fUJCqqTZj6WHS8QZahh4","name":"Hari Krishnan"}
2026-05-22T08:50:01.072Z [ERROR]: [ReviewService] Failed to fetch reviews from provider {"outletId":"fUJCqqTZj6WHS8QZahh4","providerType":"SCRAPER","error":"Missing placeId for outlet"}
2026-05-22T08:50:01.208Z [INFO]: [ReviewAutomationJob] Run complete {"outlets":1,"totalFetched":0,"totalNew":0,"totalProcessed":0,"errors":0,"durationMs":603}
2026-05-22T09:00:00.811Z [INFO]: [ReviewAutomationJob] Starting run {}
2026-05-22T09:00:01.781Z [INFO]: [ReviewAutomationJob] Processing 1 active outlet(s) {}
2026-05-22T09:00:01.782Z [INFO]: [ReviewService] Processing outlet {"outletId":"fUJCqqTZj6WHS8QZahh4","name":"Hari Krishnan"}
2026-05-22T09:00:01.782Z [ERROR]: [ReviewService] Failed to fetch reviews from provider {"outletId":"fUJCqqTZj6WHS8QZahh4","providerType":"SCRAPER","error":"Missing placeId for outlet"}
2026-05-22T09:00:01.895Z [INFO]: [ReviewAutomationJob] Run complete {"outlets":1,"totalFetched":0,"totalNew":0,"totalProcessed":0,"errors":0,"durationMs":1084}
2026-05-22T09:00:40.201Z [INFO]: [ReviewAutomationJob] Scheduling with pattern: "*/10 * * * *" {}
2026-05-22T09:00:40.214Z [INFO]: [ReviewAutomationJob] Cron started {}
2026-05-22T09:00:40.216Z [INFO]: [Server] HTTP server running on port 3000 {"environment":"production"}
2026-05-22T09:00:55.201Z [INFO]: [ReviewAutomationJob] Scheduling with pattern: "*/10 * * * *" {}
2026-05-22T09:00:55.224Z [INFO]: [ReviewAutomationJob] Cron started {}
2026-05-22T09:00:55.227Z [INFO]: [Server] HTTP server running on port 3000 {"environment":"production"}
2026-05-22T09:01:21.580Z [INFO]: [ReviewAutomationJob] Scheduling with pattern: "*/10 * * * *" {}
2026-05-22T09:01:21.645Z [INFO]: [ReviewAutomationJob] Cron started {}
2026-05-22T09:01:21.658Z [INFO]: [Server] HTTP server running on port 3000 {"environment":"production"}
2026-05-22T09:01:27.663Z [INFO]: [ReviewAutomationJob] Scheduling with pattern: "*/10 * * * *" {}
2026-05-22T09:01:27.675Z [INFO]: [ReviewAutomationJob] Cron started {}
2026-05-22T09:01:27.679Z [INFO]: [Server] HTTP server running on port 3000 {"environment":"production"}
2026-05-22T09:01:45.358Z [INFO]: [ReviewAutomationJob] Scheduling with pattern: "*/10 * * * *" {}
2026-05-22T09:01:45.371Z [INFO]: [ReviewAutomationJob] Cron started {}
2026-05-22T09:01:45.377Z [INFO]: [Server] HTTP server running on port 3000 {"environment":"production"}
2026-05-22T09:02:09.863Z [INFO]: [ReviewAutomationJob] Scheduling with pattern: "*/10 * * * *" {}
2026-05-22T09:02:09.874Z [INFO]: [ReviewAutomationJob] Cron started {}
2026-05-22T09:02:09.878Z [INFO]: [Server] HTTP server running on port 3000 {"environment":"production"}
2026-05-22T09:02:14.666Z [INFO]: [ReviewAutomationJob] Scheduling with pattern: "*/10 * * * *" {}
2026-05-22T09:02:14.677Z [INFO]: [ReviewAutomationJob] Cron started {}
2026-05-22T09:02:14.679Z [INFO]: [Server] HTTP server running on port 3000 {"environment":"production"}
2026-05-22T09:02:24.668Z [INFO]: [ReviewAutomationJob] Scheduling with pattern: "*/10 * * * *" {}
2026-05-22T09:02:24.679Z [INFO]: [ReviewAutomationJob] Cron started {}
2026-05-22T09:02:24.683Z [INFO]: [Server] HTTP server running on port 3000 {"environment":"production"}
2026-05-22T09:02:37.044Z [INFO]: [ReviewAutomationJob] Scheduling with pattern: "*/10 * * * *" {}
2026-05-22T09:02:37.055Z [INFO]: [ReviewAutomationJob] Cron started {}
2026-05-22T09:02:37.058Z [INFO]: [Server] HTTP server running on port 3000 {"environment":"production"}
2026-05-22T09:02:42.601Z [INFO]: [ReviewAutomationJob] Scheduling with pattern: "*/10 * * * *" {}
2026-05-22T09:02:42.611Z [INFO]: [ReviewAutomationJob] Cron started {}
2026-05-22T09:02:42.615Z [INFO]: [Server] HTTP server running on port 3000 {"environment":"production"}
2026-05-22T09:02:48.456Z [INFO]: [ReviewAutomationJob] Scheduling with pattern: "*/10 * * * *" {}
2026-05-22T09:02:48.466Z [INFO]: [ReviewAutomationJob] Cron started {}
2026-05-22T09:02:48.470Z [INFO]: [Server] HTTP server running on port 3000 {"environment":"production"}
2026-05-22T09:03:21.970Z [INFO]: [ReviewAutomationJob] Scheduling with pattern: "*/10 * * * *" {}
2026-05-22T09:03:21.978Z [INFO]: [ReviewAutomationJob] Cron started {}
2026-05-22T09:03:21.981Z [INFO]: [Server] HTTP server running on port 3000 {"environment":"production"}
2026-05-22T09:10:00.758Z [INFO]: [ReviewAutomationJob] Starting run {}
2026-05-22T09:10:01.026Z [INFO]: [Firebase] Admin SDK initialized successfully {}
2026-05-22T09:10:02.827Z [INFO]: [ReviewAutomationJob] Processing 1 active outlet(s) {}
2026-05-22T09:10:02.829Z [INFO]: [ReviewService] Processing outlet {"outletId":"fUJCqqTZj6WHS8QZahh4","name":"Hari Krishnan"}
2026-05-22T09:10:02.830Z [ERROR]: [ReviewService] Failed to fetch reviews from provider {"outletId":"fUJCqqTZj6WHS8QZahh4","providerType":"SCRAPER","error":"Missing placeId for outlet"}
2026-05-22T09:10:02.985Z [INFO]: [ReviewAutomationJob] Run complete {"outlets":1,"totalFetched":0,"totalNew":0,"totalProcessed":0,"errors":0,"durationMs":2227}
2026-05-22T09:20:00.365Z [INFO]: [ReviewAutomationJob] Starting run {}
2026-05-22T09:20:01.346Z [INFO]: [ReviewAutomationJob] Processing 1 active outlet(s) {}
2026-05-22T09:20:01.347Z [INFO]: [ReviewService] Processing outlet {"outletId":"fUJCqqTZj6WHS8QZahh4","name":"Hari Krishnan"}
2026-05-22T09:20:01.347Z [ERROR]: [ReviewService] Failed to fetch reviews from provider {"outletId":"fUJCqqTZj6WHS8QZahh4","providerType":"SCRAPER","error":"Missing placeId for outlet"}
2026-05-22T09:20:01.557Z [INFO]: [ReviewAutomationJob] Run complete {"outlets":1,"totalFetched":0,"totalNew":0,"totalProcessed":0,"errors":0,"durationMs":1192}
2026-05-22T09:30:00.588Z [INFO]: [ReviewAutomationJob] Starting run {}
2026-05-22T09:30:16.993Z [INFO]: [ReviewAutomationJob] Processing 1 active outlet(s) {}
2026-05-22T09:30:17.002Z [INFO]: [ReviewService] Processing outlet {"outletId":"fUJCqqTZj6WHS8QZahh4","name":"Hari Krishnan"}
2026-05-22T09:30:17.003Z [ERROR]: [ReviewService] Failed to fetch reviews from provider {"outletId":"fUJCqqTZj6WHS8QZahh4","providerType":"SCRAPER","error":"Missing placeId for outlet"}
2026-05-22T09:30:17.149Z [INFO]: [ReviewAutomationJob] Run complete {"outlets":1,"totalFetched":0,"totalNew":0,"totalProcessed":0,"errors":0,"durationMs":16561}
2026-05-22T09:40:00.725Z [INFO]: [ReviewAutomationJob] Starting run {}
2026-05-22T09:40:01.728Z [INFO]: [ReviewAutomationJob] Processing 1 active outlet(s) {}
2026-05-22T09:40:01.729Z [INFO]: [ReviewService] Processing outlet {"outletId":"fUJCqqTZj6WHS8QZahh4","name":"Hari Krishnan"}
2026-05-22T09:40:01.730Z [ERROR]: [ReviewService] Failed to fetch reviews from provider {"outletId":"fUJCqqTZj6WHS8QZahh4","providerType":"SCRAPER","error":"Missing placeId for outlet"}
2026-05-22T09:40:01.854Z [INFO]: [ReviewAutomationJob] Run complete {"outlets":1,"totalFetched":0,"totalNew":0,"totalProcessed":0,"errors":0,"durationMs":1129}
2026-05-22T09:50:00.002Z [INFO]: [ReviewAutomationJob] Starting run {}
2026-05-22T09:50:48.768Z [INFO]: [ReviewAutomationJob] Processing 1 active outlet(s) {}
2026-05-22T09:50:48.769Z [INFO]: [ReviewService] Processing outlet {"outletId":"fUJCqqTZj6WHS8QZahh4","name":"Hari Krishnan"}
2026-05-22T09:50:48.769Z [ERROR]: [ReviewService] Failed to fetch reviews from provider {"outletId":"fUJCqqTZj6WHS8QZahh4","providerType":"SCRAPER","error":"Missing placeId for outlet"}
2026-05-22T09:50:50.036Z [INFO]: [ReviewAutomationJob] Run complete {"outlets":1,"totalFetched":0,"totalNew":0,"totalProcessed":0,"errors":0,"durationMs":50034}
2026-05-22T09:54:34.542Z [INFO]: [Server] Received SIGINT — graceful shutdown initiated {}
2026-05-22T12:36:03.402Z [INFO]: [ReviewAutomationJob] Scheduling with pattern: "*/10 * * * *" {}
2026-05-22T12:36:03.412Z [INFO]: [ReviewAutomationJob] Cron started {}
2026-05-22T12:36:03.414Z [INFO]: [Server] HTTP server running on port 3000 {"environment":"production"}
2026-05-22T12:40:00.782Z [INFO]: [ReviewAutomationJob] Starting run {}
2026-05-22T12:40:01.217Z [INFO]: [Firebase] Admin SDK initialized successfully {}
2026-05-22T12:40:03.423Z [INFO]: [ReviewAutomationJob] Processing 1 active outlet(s) {}
2026-05-22T12:40:03.425Z [INFO]: [ReviewService] Processing outlet {"outletId":"fUJCqqTZj6WHS8QZahh4","name":"Hari Krishnan"}
2026-05-22T12:40:03.428Z [ERROR]: [ReviewService] Failed to fetch reviews from provider {"outletId":"fUJCqqTZj6WHS8QZahh4","providerType":"SCRAPER","error":"Missing placeId for outlet"}
2026-05-22T12:40:03.593Z [INFO]: [ReviewAutomationJob] Run complete {"outlets":1,"totalFetched":0,"totalNew":0,"totalProcessed":0,"errors":0,"durationMs":2812}
2026-05-22T12:43:22.654Z [INFO]: [ReviewAutomationJob] Scheduling with pattern: "*/10 * * * *" {}
2026-05-22T12:43:22.663Z [INFO]: [ReviewAutomationJob] Cron started {}
2026-05-22T12:43:22.669Z [INFO]: [Server] HTTP server running on port 3000 {"environment":"production"}
2026-05-22T12:43:43.761Z [INFO]: [ReviewAutomationJob] Scheduling with pattern: "*/10 * * * *" {}
2026-05-22T12:43:43.771Z [INFO]: [ReviewAutomationJob] Cron started {}
2026-05-22T12:43:43.774Z [INFO]: [Server] HTTP server running on port 3000 {"environment":"production"}
2026-05-22T12:45:17.326Z [INFO]: [ReviewAutomationJob] Scheduling with pattern: "*/10 * * * *" {}
2026-05-22T12:45:17.335Z [INFO]: [ReviewAutomationJob] Cron started {}
2026-05-22T12:45:17.339Z [INFO]: [Server] HTTP server running on port 3000 {"environment":"production"}
2026-05-22T12:50:00.077Z [INFO]: [ReviewAutomationJob] Starting run {}
2026-05-22T12:50:00.398Z [INFO]: [Firebase] Admin SDK initialized successfully {}
2026-05-22T12:50:01.963Z [INFO]: [ReviewAutomationJob] Processing 1 active outlet(s) {}
2026-05-22T12:50:01.968Z [INFO]: [ReviewService] Processing outlet {"outletId":"fUJCqqTZj6WHS8QZahh4","name":"Hari Krishnan"}
2026-05-22T12:50:01.969Z [ERROR]: [ReviewService] Failed to fetch reviews from provider {"outletId":"fUJCqqTZj6WHS8QZahh4","providerType":"SCRAPER","error":"Missing placeId for outlet"}
2026-05-22T12:50:02.101Z [INFO]: [ReviewAutomationJob] Run complete {"outlets":1,"totalFetched":0,"totalNew":0,"totalProcessed":0,"errors":0,"durationMs":2024}
2026-05-22T13:00:00.532Z [INFO]: [ReviewAutomationJob] Starting run {}
2026-05-22T13:00:02.847Z [INFO]: [ReviewAutomationJob] Processing 1 active outlet(s) {}
2026-05-22T13:00:02.848Z [INFO]: [ReviewService] Processing outlet {"outletId":"fUJCqqTZj6WHS8QZahh4","name":"Hari Krishnan"}
2026-05-22T13:00:02.848Z [ERROR]: [ReviewService] Failed to fetch reviews from provider {"outletId":"fUJCqqTZj6WHS8QZahh4","providerType":"SCRAPER","error":"Missing placeId for outlet"}
2026-05-22T13:00:03.154Z [INFO]: [ReviewAutomationJob] Run complete {"outlets":1,"totalFetched":0,"totalNew":0,"totalProcessed":0,"errors":0,"durationMs":2622}
2026-05-22T13:00:25.024Z [INFO]: [Server] Received SIGINT — graceful shutdown initiated {}
2026-05-22T13:00:32.090Z [INFO]: [ReviewAutomationJob] Scheduling with pattern: "*/10 * * * *" {}
2026-05-22T13:00:32.100Z [INFO]: [ReviewAutomationJob] Cron started {}
2026-05-22T13:00:32.103Z [INFO]: [Server] HTTP server running on port 3000 {"environment":"production"}
2026-05-22T13:06:18.458Z [INFO]: [ReviewAutomationJob] Scheduling with pattern: "*/10 * * * *" {}
2026-05-22T13:06:18.468Z [INFO]: [ReviewAutomationJob] Cron started {}
2026-05-22T13:06:18.471Z [INFO]: [Server] HTTP server running on port 3000 {"environment":"production"}
2026-05-22T13:10:00.302Z [INFO]: [ReviewAutomationJob] Starting run {}
2026-05-22T13:10:00.577Z [INFO]: [Firebase] Admin SDK initialized successfully {}
2026-05-22T13:10:02.043Z [INFO]: [ReviewAutomationJob] Processing 1 active outlet(s) {}
2026-05-22T13:10:02.045Z [INFO]: [ReviewService] Processing outlet {"outletId":"fUJCqqTZj6WHS8QZahh4","name":"Hari Krishnan"}
2026-05-22T13:10:02.046Z [ERROR]: [ReviewService] Failed to fetch reviews from provider {"outletId":"fUJCqqTZj6WHS8QZahh4","providerType":"SCRAPER","error":"Missing placeId for outlet"}
2026-05-22T13:10:02.193Z [INFO]: [ReviewAutomationJob] Run complete {"outlets":1,"totalFetched":0,"totalNew":0,"totalProcessed":0,"errors":0,"durationMs":1891}
2026-05-22T13:10:12.726Z [INFO]: [ReviewAutomationJob] Scheduling with pattern: "*/10 * * * *" {}
2026-05-22T13:10:12.735Z [INFO]: [ReviewAutomationJob] Cron started {}
2026-05-22T13:10:12.738Z [INFO]: [Server] HTTP server running on port 3000 {"environment":"production"}
2026-05-22T13:10:46.953Z [INFO]: [Firebase] Admin SDK initialized successfully {}
2026-05-22T13:10:48.122Z [INFO]: [ReviewService] Processing outlet {"outletId":"fUJCqqTZj6WHS8QZahh4","name":"Hari Krishnan"}
2026-05-22T13:10:48.125Z [ERROR]: [ReviewService] Failed to fetch reviews from provider {"outletId":"fUJCqqTZj6WHS8QZahh4","providerType":"SCRAPER","error":"Missing placeId for outlet"}
2026-05-22T13:11:18.564Z [INFO]: [ReviewService] Processing outlet {"outletId":"fUJCqqTZj6WHS8QZahh4","name":"Hari Krishnan"}
2026-05-22T13:11:18.565Z [ERROR]: [ReviewService] Failed to fetch reviews from provider {"outletId":"fUJCqqTZj6WHS8QZahh4","providerType":"SCRAPER","error":"Missing placeId for outlet"}
2026-05-22T13:12:03.293Z [INFO]: [ReviewAutomationJob] Scheduling with pattern: "*/10 * * * *" {}
2026-05-22T13:12:03.304Z [INFO]: [ReviewAutomationJob] Cron started {}
2026-05-22T13:12:03.306Z [INFO]: [Server] HTTP server running on port 3000 {"environment":"production"}
2026-05-22T13:12:07.477Z [INFO]: [ReviewAutomationJob] Scheduling with pattern: "*/10 * * * *" {}
2026-05-22T13:12:07.486Z [INFO]: [ReviewAutomationJob] Cron started {}
2026-05-22T13:12:07.489Z [INFO]: [Server] HTTP server running on port 3000 {"environment":"production"}
2026-05-22T13:20:03.606Z [INFO]: [ReviewAutomationJob] Scheduling with pattern: "*/10 * * * *" {}
2026-05-22T13:20:03.615Z [INFO]: [ReviewAutomationJob] Cron started {}
2026-05-22T13:20:03.618Z [INFO]: [Server] HTTP server running on port 3000 {"environment":"production"}
2026-05-22T13:20:11.102Z [INFO]: [ReviewAutomationJob] Scheduling with pattern: "*/10 * * * *" {}
2026-05-22T13:20:11.112Z [INFO]: [ReviewAutomationJob] Cron started {}
2026-05-22T13:20:11.115Z [INFO]: [Server] HTTP server running on port 3000 {"environment":"production"}
2026-05-22T13:21:51.978Z [INFO]: [ReviewAutomationJob] Scheduling with pattern: "*/10 * * * *" {}
2026-05-22T13:21:51.987Z [INFO]: [ReviewAutomationJob] Cron started {}
2026-05-22T13:21:51.991Z [INFO]: [Server] HTTP server running on port 3000 {"environment":"production"}
2026-05-22T13:22:14.265Z [INFO]: [ReviewAutomationJob] Scheduling with pattern: "*/10 * * * *" {}
2026-05-22T13:22:14.274Z [INFO]: [ReviewAutomationJob] Cron started {}
2026-05-22T13:22:14.277Z [INFO]: [Server] HTTP server running on port 3000 {"environment":"production"}
2026-05-22T13:22:15.763Z [INFO]: [Firebase] Admin SDK initialized successfully {}
2026-05-22T13:22:17.083Z [INFO]: [ReviewService] Processing outlet {"outletId":"fUJCqqTZj6WHS8QZahh4","name":"Hari Krishnan"}
2026-05-22T13:22:17.086Z [ERROR]: [ReviewService] Failed to fetch reviews from provider {"outletId":"fUJCqqTZj6WHS8QZahh4","providerType":"GBP","error":"google.mybusinessreviews is not a function"}
2026-05-22T13:22:51.402Z [INFO]: [ReviewAutomationJob] Scheduling with pattern: "*/10 * * * *" {}
2026-05-22T13:22:51.411Z [INFO]: [ReviewAutomationJob] Cron started {}
2026-05-22T13:22:51.414Z [INFO]: [Server] HTTP server running on port 3000 {"environment":"production"}
2026-05-22T13:25:15.283Z [INFO]: [ReviewAutomationJob] Scheduling with pattern: "*/10 * * * *" {}
2026-05-22T13:25:15.311Z [INFO]: [ReviewAutomationJob] Cron started {}
2026-05-22T13:25:15.314Z [INFO]: [Server] HTTP server running on port 3000 {"environment":"production"}
2026-05-22T13:26:25.042Z [INFO]: [ReviewAutomationJob] Scheduling with pattern: "*/10 * * * *" {}
2026-05-22T13:26:25.051Z [INFO]: [ReviewAutomationJob] Cron started {}
2026-05-22T13:26:25.055Z [INFO]: [Server] HTTP server running on port 3000 {"environment":"production"}
2026-05-22T13:26:30.107Z [INFO]: [Firebase] Admin SDK initialized successfully {}
2026-05-22T13:26:31.529Z [INFO]: [ReviewService] Processing outlet {"outletId":"fUJCqqTZj6WHS8QZahh4","name":"Hari Krishnan"}
2026-05-22T13:26:31.531Z [WARN]: [ReviewService] SCRAPER placeId missing; using googleLocationId fallback {"outletId":"fUJCqqTZj6WHS8QZahh4","googleLocationId":"ChIJ5ytFdOthUjoRstynBWlA-EM"}
2026-05-22T13:26:34.819Z [WARN]: [Retry] Apify.run attempt 1/3 failed — retrying in 926ms {"error":"Request failed with status code 401"}
2026-05-22T13:26:36.092Z [WARN]: [Retry] Apify.run attempt 2/3 failed — retrying in 1736ms {"error":"Request failed with status code 401"}
2026-05-22T13:26:38.183Z [WARN]: [Retry] Apify.run failed after 3 attempts {"error":"Request failed with status code 401"}
2026-05-22T13:26:38.185Z [ERROR]: [ReviewService] Failed to fetch reviews from provider {"outletId":"fUJCqqTZj6WHS8QZahh4","providerType":"SCRAPER","error":"Request failed with status code 401"}
2026-05-22T13:30:00.356Z [INFO]: [ReviewAutomationJob] Starting run {}
2026-05-22T13:30:01.209Z [INFO]: [ReviewAutomationJob] Processing 1 active outlet(s) {}
2026-05-22T13:30:01.210Z [INFO]: [ReviewService] Processing outlet {"outletId":"fUJCqqTZj6WHS8QZahh4","name":"Hari Krishnan"}
2026-05-22T13:30:01.210Z [WARN]: [ReviewService] SCRAPER placeId missing; using googleLocationId fallback {"outletId":"fUJCqqTZj6WHS8QZahh4","googleLocationId":"ChIJ5ytFdOthUjoRstynBWlA-EM"}
2026-05-22T13:30:03.389Z [WARN]: [Retry] Apify.run attempt 1/3 failed — retrying in 1051ms {"error":"Request failed with status code 401"}
2026-05-22T13:30:04.942Z [WARN]: [Retry] Apify.run attempt 2/3 failed — retrying in 1619ms {"error":"Request failed with status code 401"}
2026-05-22T13:30:07.112Z [WARN]: [Retry] Apify.run failed after 3 attempts {"error":"Request failed with status code 401"}
2026-05-22T13:30:07.113Z [ERROR]: [ReviewService] Failed to fetch reviews from provider {"outletId":"fUJCqqTZj6WHS8QZahh4","providerType":"SCRAPER","error":"Request failed with status code 401"}
2026-05-22T13:30:07.282Z [INFO]: [ReviewAutomationJob] Run complete {"outlets":1,"totalFetched":0,"totalNew":0,"totalProcessed":0,"errors":0,"durationMs":6926}
2026-05-22T13:33:23.614Z [INFO]: [ReviewService] Processing outlet {"outletId":"fUJCqqTZj6WHS8QZahh4","name":"Hari Krishnan"}
2026-05-22T13:33:23.615Z [WARN]: [ReviewService] SCRAPER placeId missing; using googleLocationId fallback {"outletId":"fUJCqqTZj6WHS8QZahh4","googleLocationId":"ChIJ5ytFdOthUjoRstynBWlA-EM"}
2026-05-22T13:33:25.532Z [WARN]: [Retry] Apify.run attempt 1/3 failed — retrying in 883ms {"error":"Request failed with status code 401"}
2026-05-22T13:33:26.759Z [WARN]: [Retry] Apify.run attempt 2/3 failed — retrying in 2282ms {"error":"Request failed with status code 401"}
2026-05-22T13:33:29.481Z [WARN]: [Retry] Apify.run failed after 3 attempts {"error":"Request failed with status code 401"}
2026-05-22T13:33:29.482Z [ERROR]: [ReviewService] Failed to fetch reviews from provider {"outletId":"fUJCqqTZj6WHS8QZahh4","providerType":"SCRAPER","error":"Request failed with status code 401"}
2026-05-22T13:33:43.011Z [INFO]: [ReviewService] Processing outlet {"outletId":"fUJCqqTZj6WHS8QZahh4","name":"Hari Krishnan"}
2026-05-22T13:33:43.012Z [WARN]: [ReviewService] SCRAPER placeId missing; using googleLocationId fallback {"outletId":"fUJCqqTZj6WHS8QZahh4","googleLocationId":"ChIJ5ytFdOthUjoRstynBWlA-EM"}
2026-05-22T13:33:44.569Z [WARN]: [Retry] Apify.run attempt 1/3 failed — retrying in 939ms {"error":"Request failed with status code 401"}
2026-05-22T13:33:45.958Z [WARN]: [Retry] Apify.run attempt 2/3 failed — retrying in 1988ms {"error":"Request failed with status code 401"}
2026-05-22T13:33:48.400Z [WARN]: [Retry] Apify.run failed after 3 attempts {"error":"Request failed with status code 401"}
2026-05-22T13:33:48.401Z [ERROR]: [ReviewService] Failed to fetch reviews from provider {"outletId":"fUJCqqTZj6WHS8QZahh4","providerType":"SCRAPER","error":"Request failed with status code 401"}
2026-05-22T13:33:58.731Z [INFO]: [Server] Received SIGINT — graceful shutdown initiated {}
2026-05-22T13:34:04.015Z [INFO]: [ReviewAutomationJob] Scheduling with pattern: "*/10 * * * *" {}
2026-05-22T13:34:04.024Z [INFO]: [ReviewAutomationJob] Cron started {}
2026-05-22T13:34:04.027Z [INFO]: [Server] HTTP server running on port 3000 {"environment":"production"}
2026-05-22T13:34:08.997Z [INFO]: [Firebase] Admin SDK initialized successfully {}
2026-05-22T13:34:10.334Z [INFO]: [ReviewService] Processing outlet {"outletId":"fUJCqqTZj6WHS8QZahh4","name":"Hari Krishnan"}
2026-05-22T13:34:10.335Z [WARN]: [ReviewService] SCRAPER placeId missing; using googleLocationId fallback {"outletId":"fUJCqqTZj6WHS8QZahh4","googleLocationId":"ChIJ5ytFdOthUjoRstynBWlA-EM"}
2026-05-22T13:34:12.141Z [WARN]: [Retry] Apify.run attempt 1/3 failed — retrying in 1161ms {"error":"Request failed with status code 404"}
2026-05-22T13:34:13.631Z [WARN]: [Retry] Apify.run attempt 2/3 failed — retrying in 1625ms {"error":"Request failed with status code 404"}
2026-05-22T13:34:15.586Z [WARN]: [Retry] Apify.run failed after 3 attempts {"error":"Request failed with status code 404"}
2026-05-22T13:34:15.596Z [ERROR]: [ReviewService] Failed to fetch reviews from provider {"outletId":"fUJCqqTZj6WHS8QZahh4","providerType":"SCRAPER","error":"Request failed with status code 404"}
2026-05-22T13:34:25.347Z [INFO]: [Server] Received SIGINT — graceful shutdown initiated {}
2026-05-22T13:34:29.749Z [INFO]: [ReviewAutomationJob] Scheduling with pattern: "*/10 * * * *" {}
2026-05-22T13:34:29.758Z [INFO]: [ReviewAutomationJob] Cron started {}
2026-05-22T13:34:29.762Z [INFO]: [Server] HTTP server running on port 3000 {"environment":"production"}
2026-05-22T13:34:32.069Z [INFO]: [Firebase] Admin SDK initialized successfully {}
2026-05-22T13:34:34.442Z [INFO]: [ReviewService] Processing outlet {"outletId":"fUJCqqTZj6WHS8QZahh4","name":"Hari Krishnan"}
2026-05-22T13:34:34.444Z [WARN]: [ReviewService] SCRAPER placeId missing; using googleLocationId fallback {"outletId":"fUJCqqTZj6WHS8QZahh4","googleLocationId":"ChIJ5ytFdOthUjoRstynBWlA-EM"}
2026-05-22T13:34:37.153Z [WARN]: [Retry] Apify.run attempt 1/3 failed — retrying in 1078ms {"error":"Request failed with status code 404"}
2026-05-22T13:34:38.570Z [WARN]: [Retry] Apify.run attempt 2/3 failed — retrying in 1998ms {"error":"Request failed with status code 404"}
2026-05-22T13:34:40.927Z [WARN]: [Retry] Apify.run failed after 3 attempts {"error":"Request failed with status code 404"}
2026-05-22T13:34:40.929Z [ERROR]: [ReviewService] Failed to fetch reviews from provider {"outletId":"fUJCqqTZj6WHS8QZahh4","providerType":"SCRAPER","error":"Request failed with status code 404"}
2026-05-22T13:38:52.887Z [INFO]: [Server] Received SIGINT — graceful shutdown initiated {}
2026-05-22T13:38:57.409Z [INFO]: [ReviewAutomationJob] Scheduling with pattern: "*/10 * * * *" {}
2026-05-22T13:38:57.419Z [INFO]: [ReviewAutomationJob] Cron started {}
2026-05-22T13:38:57.421Z [INFO]: [Server] HTTP server running on port 3000 {"environment":"production"}
2026-05-22T13:39:00.829Z [INFO]: [Firebase] Admin SDK initialized successfully {}
2026-05-22T13:39:02.488Z [INFO]: [ReviewService] Processing outlet {"outletId":"fUJCqqTZj6WHS8QZahh4","name":"Hari Krishnan"}
2026-05-22T13:39:02.491Z [WARN]: [ReviewService] SCRAPER placeId missing; using googleLocationId fallback {"outletId":"fUJCqqTZj6WHS8QZahh4","googleLocationId":"ChIJ5ytFdOthUjoRstynBWlA-EM"}
2026-05-22T13:39:05.207Z [INFO]: [ApifyProvider] Reviews fetched {"outletId":"fUJCqqTZj6WHS8QZahh4","placeId":"ChIJ5ytFdOthUjoRstynBWlA-EM","count":0}
2026-05-22T13:39:05.364Z [INFO]: [ReviewService] New reviews to process {"outletId":"fUJCqqTZj6WHS8QZahh4","fetched":0,"new":0}
2026-05-22T13:40:00.064Z [INFO]: [ReviewAutomationJob] Starting run {}
2026-05-22T13:40:00.511Z [INFO]: [ReviewAutomationJob] Processing 1 active outlet(s) {}
2026-05-22T13:40:00.512Z [INFO]: [ReviewService] Processing outlet {"outletId":"fUJCqqTZj6WHS8QZahh4","name":"Hari Krishnan"}
2026-05-22T13:40:00.513Z [WARN]: [ReviewService] SCRAPER placeId missing; using googleLocationId fallback {"outletId":"fUJCqqTZj6WHS8QZahh4","googleLocationId":"ChIJ5ytFdOthUjoRstynBWlA-EM"}
2026-05-22T13:40:00.513Z [INFO]: [ReviewService] Cooldown active - skipping fetch {"outletId":"fUJCqqTZj6WHS8QZahh4","cooldownMinutes":360,"elapsedMinutes":1}
2026-05-22T13:40:00.515Z [INFO]: [ReviewAutomationJob] Run complete {"outlets":1,"totalFetched":0,"totalNew":0,"totalProcessed":0,"errors":0,"durationMs":452}
2026-05-22T13:43:00.801Z [INFO]: [ReviewService] Processing outlet {"outletId":"fUJCqqTZj6WHS8QZahh4","name":"Hari Krishnan"}
2026-05-22T13:43:00.802Z [WARN]: [ReviewService] SCRAPER placeId missing; using googleLocationId fallback {"outletId":"fUJCqqTZj6WHS8QZahh4","googleLocationId":"ChIJ5ytFdOthUjoRstynBWlA-EM"}
2026-05-22T13:43:00.803Z [INFO]: [ReviewService] Cooldown active - skipping fetch {"outletId":"fUJCqqTZj6WHS8QZahh4","cooldownMinutes":360,"elapsedMinutes":4}
2026-05-22T13:43:14.549Z [INFO]: [ReviewService] Processing outlet {"outletId":"fUJCqqTZj6WHS8QZahh4","name":"Hari Krishnan"}
2026-05-22T13:43:14.550Z [WARN]: [ReviewService] SCRAPER placeId missing; using googleLocationId fallback {"outletId":"fUJCqqTZj6WHS8QZahh4","googleLocationId":"ChIJ5ytFdOthUjoRstynBWlA-EM"}
2026-05-22T13:43:14.551Z [INFO]: [ReviewService] Cooldown active - skipping fetch {"outletId":"fUJCqqTZj6WHS8QZahh4","cooldownMinutes":360,"elapsedMinutes":4}
2026-05-22T13:43:24.168Z [INFO]: [ReviewService] Processing outlet {"outletId":"fUJCqqTZj6WHS8QZahh4","name":"Hari Krishnan"}
2026-05-22T13:43:24.168Z [WARN]: [ReviewService] SCRAPER placeId missing; using googleLocationId fallback {"outletId":"fUJCqqTZj6WHS8QZahh4","googleLocationId":"ChIJ5ytFdOthUjoRstynBWlA-EM"}
2026-05-22T13:43:24.169Z [INFO]: [ReviewService] Cooldown active - skipping fetch {"outletId":"fUJCqqTZj6WHS8QZahh4","cooldownMinutes":360,"elapsedMinutes":4}
2026-05-22T13:43:27.409Z [INFO]: [Server] Received SIGINT — graceful shutdown initiated {}
2026-05-22T13:43:31.694Z [INFO]: [ReviewAutomationJob] Scheduling with pattern: "*/10 * * * *" {}
2026-05-22T13:43:31.703Z [INFO]: [ReviewAutomationJob] Cron started {}
2026-05-22T13:43:31.706Z [INFO]: [Server] HTTP server running on port 3000 {"environment":"production"}
2026-05-22T13:43:37.214Z [INFO]: [Firebase] Admin SDK initialized successfully {}
2026-05-22T13:43:39.443Z [INFO]: [ReviewService] Processing outlet {"outletId":"fUJCqqTZj6WHS8QZahh4","name":"Hari Krishnan"}
2026-05-22T13:43:39.445Z [WARN]: [ReviewService] SCRAPER placeId missing; using googleLocationId fallback {"outletId":"fUJCqqTZj6WHS8QZahh4","googleLocationId":"ChIJ5ytFdOthUjoRstynBWlA-EM"}
2026-05-22T13:43:39.446Z [INFO]: [ReviewService] Cooldown active - skipping fetch {"outletId":"fUJCqqTZj6WHS8QZahh4","cooldownMinutes":360,"elapsedMinutes":5}
2026-05-22T13:45:09.873Z [INFO]: [ReviewAutomationJob] Scheduling with pattern: "*/10 * * * *" {}
2026-05-22T13:45:09.890Z [INFO]: [ReviewAutomationJob] Cron started {}
2026-05-22T13:45:09.895Z [INFO]: [Server] HTTP server running on port 3000 {"environment":"production"}
2026-05-22T13:45:23.782Z [INFO]: [ReviewAutomationJob] Scheduling with pattern: "*/10 * * * *" {}
2026-05-22T13:45:23.793Z [INFO]: [ReviewAutomationJob] Cron started {}
2026-05-22T13:45:23.796Z [INFO]: [Server] HTTP server running on port 3000 {"environment":"production"}
2026-05-22T13:45:31.272Z [INFO]: [Firebase] Admin SDK initialized successfully {}
2026-05-22T13:45:35.887Z [INFO]: [ReviewService] Processing outlet {"outletId":"fUJCqqTZj6WHS8QZahh4","name":"Hari Krishnan"}
2026-05-22T13:45:35.889Z [WARN]: [ReviewService] SCRAPER placeId missing; using googleLocationId fallback {"outletId":"fUJCqqTZj6WHS8QZahh4","googleLocationId":"ChIJ5ytFdOthUjoRstynBWlA-EM"}
2026-05-22T13:45:42.001Z [INFO]: [ApifyProvider] Reviews fetched {"outletId":"fUJCqqTZj6WHS8QZahh4","placeId":"ChIJ5ytFdOthUjoRstynBWlA-EM","count":0}
2026-05-22T13:45:42.210Z [INFO]: [ReviewService] New reviews to process {"outletId":"fUJCqqTZj6WHS8QZahh4","fetched":0,"new":0}
2026-05-22T13:50:00.712Z [INFO]: [ReviewAutomationJob] Starting run {}
2026-05-22T13:50:01.613Z [INFO]: [ReviewAutomationJob] Processing 1 active outlet(s) {}
2026-05-22T13:50:01.614Z [INFO]: [ReviewService] Processing outlet {"outletId":"fUJCqqTZj6WHS8QZahh4","name":"Hari Krishnan"}
2026-05-22T13:50:01.615Z [WARN]: [ReviewService] SCRAPER placeId missing; using googleLocationId fallback {"outletId":"fUJCqqTZj6WHS8QZahh4","googleLocationId":"ChIJ5ytFdOthUjoRstynBWlA-EM"}
2026-05-22T13:50:01.615Z [INFO]: [ReviewService] Cooldown active - skipping fetch {"outletId":"fUJCqqTZj6WHS8QZahh4","cooldownMinutes":360,"elapsedMinutes":4}
2026-05-22T13:50:01.616Z [INFO]: [ReviewAutomationJob] Run complete {"outlets":1,"totalFetched":0,"totalNew":0,"totalProcessed":0,"errors":0,"durationMs":904}
2026-05-22T13:55:29.691Z [INFO]: [ReviewAutomationJob] Scheduling with pattern: "*/10 * * * *" {}
2026-05-22T13:55:29.700Z [INFO]: [ReviewAutomationJob] Cron started {}
2026-05-22T13:55:29.703Z [INFO]: [Server] HTTP server running on port 3000 {"environment":"production"}
2026-05-22T13:57:16.025Z [INFO]: [ReviewAutomationJob] Scheduling with pattern: "*/10 * * * *" {}
2026-05-22T13:57:16.036Z [INFO]: [ReviewAutomationJob] Cron started {}
2026-05-22T13:57:16.038Z [INFO]: [Server] HTTP server running on port 3000 {"environment":"production"}
2026-05-22T13:57:22.562Z [INFO]: [Firebase] Admin SDK initialized successfully {}
2026-05-22T13:57:24.436Z [INFO]: [ReviewService] Processing outlet {"outletId":"fUJCqqTZj6WHS8QZahh4","name":"Hari Krishnan"}
2026-05-22T13:57:24.438Z [WARN]: [ReviewService] SCRAPER placeId missing; using googleLocationId fallback {"outletId":"fUJCqqTZj6WHS8QZahh4","googleLocationId":"ChIJ5ytFdOthUjoRstynBWlA-EM"}
2026-05-22T13:57:28.002Z [INFO]: [ApifyProvider] Reviews fetched {"outletId":"fUJCqqTZj6WHS8QZahh4","placeId":"ChIJ5ytFdOthUjoRstynBWlA-EM","count":0}
2026-05-22T13:57:29.756Z [INFO]: [ReviewService] New reviews to process {"outletId":"fUJCqqTZj6WHS8QZahh4","fetched":0,"new":0}
2026-05-22T14:00:00.025Z [INFO]: [ReviewAutomationJob] Starting run {}
2026-05-22T14:00:00.573Z [INFO]: [ReviewAutomationJob] Processing 1 active outlet(s) {}
2026-05-22T14:00:00.574Z [INFO]: [ReviewService] Processing outlet {"outletId":"fUJCqqTZj6WHS8QZahh4","name":"Hari Krishnan"}
2026-05-22T14:00:00.575Z [WARN]: [ReviewService] SCRAPER placeId missing; using googleLocationId fallback {"outletId":"fUJCqqTZj6WHS8QZahh4","googleLocationId":"ChIJ5ytFdOthUjoRstynBWlA-EM"}
2026-05-22T14:00:00.576Z [INFO]: [ReviewService] Cooldown active - skipping fetch {"outletId":"fUJCqqTZj6WHS8QZahh4","cooldownMinutes":360,"elapsedMinutes":3}
2026-05-22T14:00:00.576Z [INFO]: [ReviewAutomationJob] Run complete {"outlets":1,"totalFetched":0,"totalNew":0,"totalProcessed":0,"errors":0,"durationMs":551}
2026-05-22T14:01:23.552Z [INFO]: [ReviewAutomationJob] Scheduling with pattern: "*/10 * * * *" {}
2026-05-22T14:01:23.561Z [INFO]: [ReviewAutomationJob] Cron started {}
2026-05-22T14:01:23.564Z [INFO]: [Server] HTTP server running on port 3000 {"environment":"production"}
2026-05-22T14:01:28.310Z [INFO]: [ReviewAutomationJob] Scheduling with pattern: "*/10 * * * *" {}
2026-05-22T14:01:28.322Z [INFO]: [ReviewAutomationJob] Cron started {}
2026-05-22T14:01:28.325Z [INFO]: [Server] HTTP server running on port 3000 {"environment":"production"}
2026-05-22T14:01:42.519Z [INFO]: [Server] Received SIGINT — graceful shutdown initiated {}
2026-05-22T14:01:48.765Z [INFO]: [ReviewAutomationJob] Scheduling with pattern: "*/10 * * * *" {}
2026-05-22T14:01:48.774Z [INFO]: [ReviewAutomationJob] Cron started {}
2026-05-22T14:01:48.777Z [INFO]: [Server] HTTP server running on port 3000 {"environment":"production"}
2026-05-22T14:01:52.650Z [INFO]: [Firebase] Admin SDK initialized successfully {}
2026-05-22T14:02:05.596Z [INFO]: [ReviewService] Processing outlet {"outletId":"fUJCqqTZj6WHS8QZahh4","name":"Hari Krishnan"}
2026-05-22T14:02:05.598Z [WARN]: [ReviewService] SCRAPER placeId missing; using googleLocationId fallback {"outletId":"fUJCqqTZj6WHS8QZahh4","googleLocationId":"ChIJ5ytFdOthUjoRstynBWlA-EM"}
2026-05-22T14:02:50.653Z [WARN]: [Retry] Apify.run attempt 1/3 failed — retrying in 1060ms {"error":"timeout of 45000ms exceeded"}
2026-05-22T14:03:36.733Z [WARN]: [Retry] Apify.run attempt 2/3 failed — retrying in 1826ms {"error":"timeout of 45000ms exceeded"}
2026-05-22T14:03:48.127Z [INFO]: [ApifyProvider] Reviews fetched {"outletId":"fUJCqqTZj6WHS8QZahh4","placeId":"ChIJ5ytFdOthUjoRstynBWlA-EM","count":4}
2026-05-22T14:03:49.949Z [INFO]: [ReviewService] New reviews to process {"outletId":"fUJCqqTZj6WHS8QZahh4","fetched":4,"new":2}
2026-05-22T14:03:52.799Z [INFO]: [ReviewService] Reply saved for manual posting {"outletId":"fUJCqqTZj6WHS8QZahh4","reviewId":"0a382fc310ecce21b4790693c0b936d175fcfac09ec30c3ef2fe18936493222f","rating":4}
2026-05-22T14:04:03.172Z [INFO]: [ReviewService] Reply saved for manual posting {"outletId":"fUJCqqTZj6WHS8QZahh4","reviewId":"e1ffaef01dd4e5cdb3488d9aa6c59bcfd87223a7010e780ad1f5489a88167ccc","rating":5}
2026-05-22T14:10:00.259Z [INFO]: [ReviewAutomationJob] Starting run {}
2026-05-22T14:10:01.091Z [INFO]: [ReviewAutomationJob] Processing 1 active outlet(s) {}
2026-05-22T14:10:01.095Z [INFO]: [ReviewService] Processing outlet {"outletId":"fUJCqqTZj6WHS8QZahh4","name":"Hari Krishnan"}
2026-05-22T14:10:01.098Z [WARN]: [ReviewService] SCRAPER placeId missing; using googleLocationId fallback {"outletId":"fUJCqqTZj6WHS8QZahh4","googleLocationId":"ChIJ5ytFdOthUjoRstynBWlA-EM"}
2026-05-22T14:10:01.100Z [INFO]: [ReviewService] Cooldown active - skipping fetch {"outletId":"fUJCqqTZj6WHS8QZahh4","cooldownMinutes":360,"elapsedMinutes":6}
2026-05-22T14:10:01.102Z [INFO]: [ReviewAutomationJob] Run complete {"outlets":1,"totalFetched":0,"totalNew":0,"totalProcessed":0,"errors":0,"durationMs":843}
2026-05-22T14:13:35.136Z [INFO]: [ReviewAutomationJob] Scheduling with pattern: "*/10 * * * *" {}
2026-05-22T14:13:35.146Z [INFO]: [ReviewAutomationJob] Cron started {}
2026-05-22T14:13:35.149Z [INFO]: [Server] HTTP server running on port 3000 {"environment":"production"}
2026-05-22T14:13:54.545Z [INFO]: [ReviewAutomationJob] Scheduling with pattern: "*/10 * * * *" {}
2026-05-22T14:13:54.556Z [INFO]: [ReviewAutomationJob] Cron started {}
2026-05-22T14:13:54.559Z [INFO]: [Server] HTTP server running on port 3000 {"environment":"production"}
2026-05-22T14:15:21.298Z [INFO]: [ReviewAutomationJob] Scheduling with pattern: "*/10 * * * *" {}
2026-05-22T14:15:21.308Z [INFO]: [ReviewAutomationJob] Cron started {}
2026-05-22T14:15:21.311Z [INFO]: [Server] HTTP server running on port 3000 {"environment":"production"}
2026-05-22T14:15:26.119Z [INFO]: [Firebase] Admin SDK initialized successfully {}
2026-05-22T14:15:27.466Z [INFO]: [ReviewService] Processing outlet {"outletId":"fUJCqqTZj6WHS8QZahh4","name":"Hari Krishnan"}
2026-05-22T14:15:27.468Z [WARN]: [ReviewService] SCRAPER placeId missing; using googleLocationId fallback {"outletId":"fUJCqqTZj6WHS8QZahh4","googleLocationId":"ChIJ5ytFdOthUjoRstynBWlA-EM"}
2026-05-22T14:15:37.614Z [INFO]: [ApifyProvider] Reviews fetched {"outletId":"fUJCqqTZj6WHS8QZahh4","placeId":"ChIJ5ytFdOthUjoRstynBWlA-EM","count":2}
2026-05-22T14:15:38.965Z [INFO]: [ReviewService] New reviews to process {"outletId":"fUJCqqTZj6WHS8QZahh4","fetched":2,"new":2}
2026-05-22T14:15:41.873Z [INFO]: [ReviewService] Reply saved for manual posting {"outletId":"fUJCqqTZj6WHS8QZahh4","reviewId":"da29965f3e81bcf5533242cb1435d70d098c92438a557143da7e4dd64e2941d9","rating":4}
2026-05-22T14:15:48.484Z [INFO]: [ReviewService] Reply saved for manual posting {"outletId":"fUJCqqTZj6WHS8QZahh4","reviewId":"97e79db802cb2e98acfe22478a9c0cb81110678d1babc073ac18f38af0c319d4","rating":5}
2026-05-22T14:19:21.121Z [INFO]: [ReviewAutomationJob] Scheduling with pattern: "*/10 * * * *" {}
2026-05-22T14:19:21.130Z [INFO]: [ReviewAutomationJob] Cron started {}
2026-05-22T14:19:21.133Z [INFO]: [Server] HTTP server running on port 3000 {"environment":"production"}
2026-05-22T14:20:00.543Z [INFO]: [ReviewAutomationJob] Starting run {}
2026-05-22T14:20:04.056Z [INFO]: [ReviewAutomationJob] Scheduling with pattern: "*/10 * * * *" {}
2026-05-22T14:20:04.067Z [INFO]: [ReviewAutomationJob] Cron started {}
2026-05-22T14:20:04.071Z [INFO]: [Server] HTTP server running on port 3000 {"environment":"production"}
2026-05-22T14:20:40.702Z [INFO]: [Firebase] Admin SDK initialized successfully {}
2026-05-22T14:20:42.105Z [INFO]: [ReviewService] Processing outlet {"outletId":"fUJCqqTZj6WHS8QZahh4","name":"Hari Krishnan"}
2026-05-22T14:20:42.107Z [WARN]: [ReviewService] SCRAPER placeId missing; using googleLocationId fallback {"outletId":"fUJCqqTZj6WHS8QZahh4","googleLocationId":"ChIJ5ytFdOthUjoRstynBWlA-EM"}
2026-05-22T14:21:44.194Z [WARN]: [Retry] Apify.run attempt 1/3 failed — retrying in 1070ms {"error":"Apify run did not succeed: READY"}
2026-05-22T14:21:53.873Z [INFO]: [ApifyProvider] Reviews fetched {"outletId":"fUJCqqTZj6WHS8QZahh4","placeId":"ChIJ5ytFdOthUjoRstynBWlA-EM","count":2}
2026-05-22T14:21:54.743Z [INFO]: [ReviewService] New reviews to process {"outletId":"fUJCqqTZj6WHS8QZahh4","fetched":2,"new":0}
2026-05-22T14:23:32.503Z [INFO]: [Server] Received SIGINT — graceful shutdown initiated {}
2026-05-22T14:23:37.177Z [INFO]: [ReviewAutomationJob] Scheduling with pattern: "*/10 * * * *" {}
2026-05-22T14:23:37.191Z [INFO]: [ReviewAutomationJob] Cron started {}
2026-05-22T14:23:37.194Z [INFO]: [Server] HTTP server running on port 3000 {"environment":"production"}
2026-05-22T14:23:43.865Z [INFO]: [Firebase] Admin SDK initialized successfully {}
2026-05-22T14:23:44.966Z [INFO]: [ReviewService] Processing outlet {"outletId":"fUJCqqTZj6WHS8QZahh4","name":"Hari Krishnan"}
2026-05-22T14:23:44.967Z [WARN]: [ReviewService] SCRAPER placeId missing; using googleLocationId fallback {"outletId":"fUJCqqTZj6WHS8QZahh4","googleLocationId":"ChIJ5ytFdOthUjoRstynBWlA-EM"}
2026-05-22T14:24:46.949Z [WARN]: [Retry] Apify.run attempt 1/3 failed — retrying in 865ms {"error":"Apify run did not succeed: READY"}
2026-05-22T14:24:55.446Z [INFO]: [ApifyProvider] Reviews fetched {"outletId":"fUJCqqTZj6WHS8QZahh4","placeId":"ChIJ5ytFdOthUjoRstynBWlA-EM","count":2}
2026-05-22T14:24:56.235Z [INFO]: [ReviewService] New reviews to process {"outletId":"fUJCqqTZj6WHS8QZahh4","fetched":2,"new":0}
2026-05-22T14:27:22.712Z [INFO]: [ReviewAutomationJob] Scheduling with pattern: "*/10 * * * *" {}
2026-05-22T14:27:22.723Z [INFO]: [ReviewAutomationJob] Cron started {}
2026-05-22T14:27:22.726Z [INFO]: [Server] HTTP server running on port 3000 {"environment":"production"}
2026-05-22T14:29:59.425Z [INFO]: [ReviewAutomationJob] Scheduling with pattern: "*/10 * * * *" {}
2026-05-22T14:29:59.435Z [INFO]: [ReviewAutomationJob] Cron started {}
2026-05-22T14:29:59.438Z [INFO]: [Server] HTTP server running on port 3000 {"environment":"production"}
2026-05-22T14:30:00.443Z [INFO]: [ReviewAutomationJob] Starting run {}
2026-05-22T14:30:00.754Z [INFO]: [Firebase] Admin SDK initialized successfully {}
2026-05-22T14:30:02.434Z [INFO]: [ReviewAutomationJob] Processing 1 active outlet(s) {}
2026-05-22T14:30:02.436Z [INFO]: [ReviewService] Processing outlet {"outletId":"fUJCqqTZj6WHS8QZahh4","name":"Hari Krishnan"}
2026-05-22T14:30:02.437Z [WARN]: [ReviewService] SCRAPER placeId missing; using googleLocationId fallback {"outletId":"fUJCqqTZj6WHS8QZahh4","googleLocationId":"ChIJ5ytFdOthUjoRstynBWlA-EM"}
2026-05-22T14:30:02.438Z [INFO]: [ReviewService] Cooldown active - skipping fetch {"outletId":"fUJCqqTZj6WHS8QZahh4","cooldownMinutes":360,"elapsedMinutes":5}
2026-05-22T14:30:02.439Z [INFO]: [ReviewAutomationJob] Run complete {"outlets":1,"totalFetched":0,"totalNew":0,"totalProcessed":0,"errors":0,"durationMs":1996}
2026-05-22T14:30:21.269Z [INFO]: [ReviewService] Processing outlet {"outletId":"fUJCqqTZj6WHS8QZahh4","name":"Hari Krishnan"}
2026-05-22T14:30:21.270Z [WARN]: [ReviewService] SCRAPER placeId missing; using googleLocationId fallback {"outletId":"fUJCqqTZj6WHS8QZahh4","googleLocationId":"ChIJ5ytFdOthUjoRstynBWlA-EM"}
2026-05-22T14:30:31.445Z [INFO]: [ApifyProvider] Reviews fetched {"outletId":"fUJCqqTZj6WHS8QZahh4","placeId":"ChIJ5ytFdOthUjoRstynBWlA-EM","count":2}
2026-05-22T14:30:32.129Z [INFO]: [ReviewService] New reviews to process {"outletId":"fUJCqqTZj6WHS8QZahh4","fetched":2,"new":2}
2026-05-22T14:30:34.690Z [INFO]: [ReviewService] Reply saved for manual posting {"outletId":"fUJCqqTZj6WHS8QZahh4","reviewId":"da29965f3e81bcf5533242cb1435d70d098c92438a557143da7e4dd64e2941d9","rating":4}
2026-05-22T14:30:40.392Z [INFO]: [ReviewService] Reply saved for manual posting {"outletId":"fUJCqqTZj6WHS8QZahh4","reviewId":"97e79db802cb2e98acfe22478a9c0cb81110678d1babc073ac18f38af0c319d4","rating":5}
2026-05-22T14:32:14.562Z [INFO]: [ReviewService] Processing outlet {"outletId":"fUJCqqTZj6WHS8QZahh4","name":"Hari Krishnan"}
2026-05-22T14:32:14.562Z [WARN]: [ReviewService] SCRAPER placeId missing; using googleLocationId fallback {"outletId":"fUJCqqTZj6WHS8QZahh4","googleLocationId":"ChIJ5ytFdOthUjoRstynBWlA-EM"}
2026-05-22T14:32:27.760Z [INFO]: [ApifyProvider] Reviews fetched {"outletId":"fUJCqqTZj6WHS8QZahh4","placeId":"ChIJ5ytFdOthUjoRstynBWlA-EM","count":2}
2026-05-22T14:32:28.146Z [INFO]: [ReviewService] New reviews to process {"outletId":"fUJCqqTZj6WHS8QZahh4","fetched":2,"new":2}
2026-05-22T14:32:30.913Z [INFO]: [ReviewService] Reply saved for manual posting {"outletId":"fUJCqqTZj6WHS8QZahh4","reviewId":"da29965f3e81bcf5533242cb1435d70d098c92438a557143da7e4dd64e2941d9","rating":4}
2026-05-22T14:32:38.578Z [INFO]: [ReviewService] Reply saved for manual posting {"outletId":"fUJCqqTZj6WHS8QZahh4","reviewId":"97e79db802cb2e98acfe22478a9c0cb81110678d1babc073ac18f38af0c319d4","rating":5}
2026-05-22T14:38:57.828Z [INFO]: [ReviewService] Processing outlet {"outletId":"fUJCqqTZj6WHS8QZahh4","name":"Hari Krishnan"}
2026-05-22T14:38:57.829Z [WARN]: [ReviewService] SCRAPER placeId missing; using googleLocationId fallback {"outletId":"fUJCqqTZj6WHS8QZahh4","googleLocationId":"ChIJ5ytFdOthUjoRstynBWlA-EM"}
2026-05-22T14:40:00.267Z [INFO]: [ReviewAutomationJob] Starting run {}
2026-05-22T14:40:00.340Z [WARN]: [Retry] Apify.run attempt 1/3 failed — retrying in 869ms {"error":"Apify run did not succeed: READY"}
2026-05-22T14:40:00.732Z [INFO]: [ReviewAutomationJob] Processing 1 active outlet(s) {}
2026-05-22T14:40:00.733Z [INFO]: [ReviewService] Processing outlet {"outletId":"fUJCqqTZj6WHS8QZahh4","name":"Hari Krishnan"}
2026-05-22T14:40:00.734Z [WARN]: [ReviewService] SCRAPER placeId missing; using googleLocationId fallback {"outletId":"fUJCqqTZj6WHS8QZahh4","googleLocationId":"ChIJ5ytFdOthUjoRstynBWlA-EM"}
2026-05-22T14:40:00.734Z [INFO]: [ReviewService] Cooldown active - skipping fetch {"outletId":"fUJCqqTZj6WHS8QZahh4","cooldownMinutes":360,"elapsedMinutes":8}
2026-05-22T14:40:00.735Z [INFO]: [ReviewAutomationJob] Run complete {"outlets":1,"totalFetched":0,"totalNew":0,"totalProcessed":0,"errors":0,"durationMs":468}
2026-05-22T14:40:08.860Z [INFO]: [ApifyProvider] Reviews fetched {"outletId":"fUJCqqTZj6WHS8QZahh4","placeId":"ChIJ5ytFdOthUjoRstynBWlA-EM","count":2}
2026-05-22T14:40:09.250Z [INFO]: [ReviewService] New reviews to process {"outletId":"fUJCqqTZj6WHS8QZahh4","fetched":2,"new":2}
2026-05-22T14:40:11.514Z [INFO]: [ReviewService] Reply saved for manual posting {"outletId":"fUJCqqTZj6WHS8QZahh4","reviewId":"da29965f3e81bcf5533242cb1435d70d098c92438a557143da7e4dd64e2941d9","rating":4}
2026-05-22T14:40:19.451Z [INFO]: [ReviewService] Reply saved for manual posting {"outletId":"fUJCqqTZj6WHS8QZahh4","reviewId":"97e79db802cb2e98acfe22478a9c0cb81110678d1babc073ac18f38af0c319d4","rating":5}
2026-05-22T14:50:00.555Z [INFO]: [ReviewAutomationJob] Starting run {}
2026-05-22T14:50:02.165Z [INFO]: [ReviewAutomationJob] Processing 1 active outlet(s) {}
2026-05-22T14:50:02.166Z [INFO]: [ReviewService] Processing outlet {"outletId":"fUJCqqTZj6WHS8QZahh4","name":"Hari Krishnan"}
2026-05-22T14:50:02.166Z [WARN]: [ReviewService] SCRAPER placeId missing; using googleLocationId fallback {"outletId":"fUJCqqTZj6WHS8QZahh4","googleLocationId":"ChIJ5ytFdOthUjoRstynBWlA-EM"}
2026-05-22T14:50:02.167Z [INFO]: [ReviewService] Cooldown active - skipping fetch {"outletId":"fUJCqqTZj6WHS8QZahh4","cooldownMinutes":360,"elapsedMinutes":10}
2026-05-22T14:50:02.167Z [INFO]: [ReviewAutomationJob] Run complete {"outlets":1,"totalFetched":0,"totalNew":0,"totalProcessed":0,"errors":0,"durationMs":1613}
2026-05-22T14:56:18.183Z [INFO]: [ReviewService] Processing outlet {"outletId":"fUJCqqTZj6WHS8QZahh4","name":"Hari Krishnan"}
2026-05-22T14:56:18.184Z [WARN]: [ReviewService] SCRAPER placeId missing; using googleLocationId fallback {"outletId":"fUJCqqTZj6WHS8QZahh4","googleLocationId":"ChIJ5ytFdOthUjoRstynBWlA-EM"}
2026-05-22T14:57:20.392Z [WARN]: [Retry] Apify.run attempt 1/3 failed — retrying in 861ms {"error":"Apify run did not succeed: READY"}
2026-05-22T14:58:21.754Z [WARN]: [Retry] Apify.run attempt 2/3 failed — retrying in 2099ms {"error":"Apify run did not succeed: READY"}
2026-05-22T14:58:51.016Z [INFO]: [ReviewAutomationJob] Scheduling with pattern: "*/10 * * * *" {}
2026-05-22T14:58:51.038Z [INFO]: [ReviewAutomationJob] Cron started {}
2026-05-22T14:58:51.041Z [INFO]: [Server] HTTP server running on port 3000 {"environment":"production"}
2026-05-22T14:58:52.982Z [INFO]: [Firebase] Admin SDK initialized successfully {}
2026-05-22T14:58:55.278Z [INFO]: [ReviewService] Processing outlet {"outletId":"fUJCqqTZj6WHS8QZahh4","name":"Hari Krishnan"}
2026-05-22T14:58:55.280Z [WARN]: [ReviewService] SCRAPER placeId missing; using googleLocationId fallback {"outletId":"fUJCqqTZj6WHS8QZahh4","googleLocationId":"ChIJ5ytFdOthUjoRstynBWlA-EM"}
2026-05-22T14:59:57.972Z [WARN]: [Retry] Apify.run attempt 1/3 failed — retrying in 1044ms {"error":"Apify run did not succeed: READY"}
2026-05-22T15:00:00.662Z [INFO]: [ReviewAutomationJob] Starting run {}
2026-05-22T15:00:01.485Z [INFO]: [ReviewAutomationJob] Processing 1 active outlet(s) {}
2026-05-22T15:00:01.487Z [INFO]: [ReviewService] Processing outlet {"outletId":"fUJCqqTZj6WHS8QZahh4","name":"Hari Krishnan"}
2026-05-22T15:00:01.489Z [WARN]: [ReviewService] SCRAPER placeId missing; using googleLocationId fallback {"outletId":"fUJCqqTZj6WHS8QZahh4","googleLocationId":"ChIJ5ytFdOthUjoRstynBWlA-EM"}
2026-05-22T15:00:01.490Z [INFO]: [ReviewService] Cooldown active - skipping fetch {"outletId":"fUJCqqTZj6WHS8QZahh4","cooldownMinutes":360,"elapsedMinutes":20}
2026-05-22T15:00:01.492Z [INFO]: [ReviewAutomationJob] Run complete {"outlets":1,"totalFetched":0,"totalNew":0,"totalProcessed":0,"errors":0,"durationMs":829}
2026-05-22T15:00:06.020Z [INFO]: [ApifyProvider] Reviews fetched {"outletId":"fUJCqqTZj6WHS8QZahh4","placeId":"ChIJ5ytFdOthUjoRstynBWlA-EM","count":3}
2026-05-22T15:00:08.277Z [INFO]: [ReviewService] New reviews to process {"outletId":"fUJCqqTZj6WHS8QZahh4","fetched":3,"new":3}
2026-05-22T15:00:14.164Z [INFO]: [WhatsApp] Alert sent to manager {"to":"+919384926154","outletName":"Hari Krishnan","rating":2,"provider":"twilio"}
2026-05-22T15:00:14.769Z [INFO]: [ReviewService] Review escalated {"outletId":"fUJCqqTZj6WHS8QZahh4","reviewId":"7994463f915846156accc019931a9c0b103cbe87066c31a7b4fde0484394393f","rating":2}
2026-05-22T15:00:22.065Z [INFO]: [ReviewService] Reply saved for manual posting {"outletId":"fUJCqqTZj6WHS8QZahh4","reviewId":"da29965f3e81bcf5533242cb1435d70d098c92438a557143da7e4dd64e2941d9","rating":4}
2026-05-22T15:00:33.451Z [INFO]: [ReviewService] Reply saved for manual posting {"outletId":"fUJCqqTZj6WHS8QZahh4","reviewId":"97e79db802cb2e98acfe22478a9c0cb81110678d1babc073ac18f38af0c319d4","rating":5}
2026-05-22T15:05:19.857Z [INFO]: [ReviewAutomationJob] Scheduling with pattern: "*/10 * * * *" {}
2026-05-22T15:05:19.867Z [INFO]: [ReviewAutomationJob] Cron started {}
2026-05-22T15:05:19.871Z [INFO]: [Server] HTTP server running on port 3000 {"environment":"production"}
2026-05-22T15:06:20.638Z [INFO]: [ReviewAutomationJob] Scheduling with pattern: "*/10 * * * *" {}
2026-05-22T15:06:20.648Z [INFO]: [ReviewAutomationJob] Cron started {}
2026-05-22T15:06:20.651Z [INFO]: [Server] HTTP server running on port 3000 {"environment":"production"}
2026-05-22T15:10:00.049Z [INFO]: [ReviewAutomationJob] Starting run {}
2026-05-22T15:10:00.478Z [INFO]: [Firebase] Admin SDK initialized successfully {}
2026-05-22T15:10:02.474Z [INFO]: [ReviewAutomationJob] Processing 1 active outlet(s) {}
2026-05-22T15:10:02.478Z [INFO]: [ReviewService] Processing outlet {"outletId":"fUJCqqTZj6WHS8QZahh4","name":"Hari Krishnan"}
2026-05-22T15:10:02.479Z [WARN]: [ReviewService] SCRAPER placeId missing; using googleLocationId fallback {"outletId":"fUJCqqTZj6WHS8QZahh4","googleLocationId":"ChIJ5ytFdOthUjoRstynBWlA-EM"}
2026-05-22T15:10:02.481Z [INFO]: [ReviewService] Cooldown active - skipping fetch {"outletId":"fUJCqqTZj6WHS8QZahh4","cooldownMinutes":360,"elapsedMinutes":10}
2026-05-22T15:10:02.482Z [INFO]: [ReviewAutomationJob] Run complete {"outlets":1,"totalFetched":0,"totalNew":0,"totalProcessed":0,"errors":0,"durationMs":2433}
2026-05-22T15:11:16.566Z [INFO]: [ReviewService] Processing outlet {"outletId":"fUJCqqTZj6WHS8QZahh4","name":"Hari Krishnan"}
2026-05-22T15:11:16.567Z [WARN]: [ReviewService] SCRAPER placeId missing; using googleLocationId fallback {"outletId":"fUJCqqTZj6WHS8QZahh4","googleLocationId":"ChIJ5ytFdOthUjoRstynBWlA-EM"}
2026-05-22T15:12:18.731Z [WARN]: [Retry] Apify.run attempt 1/3 failed — retrying in 878ms {"error":"Apify run did not succeed: READY"}
2026-05-22T15:12:25.987Z [INFO]: [ApifyProvider] Reviews fetched {"outletId":"fUJCqqTZj6WHS8QZahh4","placeId":"ChIJ5ytFdOthUjoRstynBWlA-EM","count":3}
2026-05-22T15:12:26.660Z [INFO]: [ReviewService] New reviews to process {"outletId":"fUJCqqTZj6WHS8QZahh4","fetched":3,"new":3}
2026-05-22T15:12:27.944Z [INFO]: [WhatsApp] Alert sent to manager {"to":"+919384926154","outletName":"Hari Krishnan","rating":2,"provider":"twilio"}
2026-05-22T15:12:28.365Z [INFO]: [ReviewService] Review escalated {"outletId":"fUJCqqTZj6WHS8QZahh4","reviewId":"7994463f915846156accc019931a9c0b103cbe87066c31a7b4fde0484394393f","rating":2}
2026-05-22T15:12:40.381Z [INFO]: [ReviewService] Reply saved for manual posting {"outletId":"fUJCqqTZj6WHS8QZahh4","reviewId":"da29965f3e81bcf5533242cb1435d70d098c92438a557143da7e4dd64e2941d9","rating":4}
2026-05-22T15:12:46.153Z [INFO]: [ReviewService] Reply saved for manual posting {"outletId":"fUJCqqTZj6WHS8QZahh4","reviewId":"97e79db802cb2e98acfe22478a9c0cb81110678d1babc073ac18f38af0c319d4","rating":5}
2026-05-22T15:13:54.047Z [INFO]: [ReviewAutomationJob] Scheduling with pattern: "*/10 * * * *" {}
2026-05-22T15:13:54.059Z [INFO]: [ReviewAutomationJob] Cron started {}
2026-05-22T15:13:54.062Z [INFO]: [Server] HTTP server running on port 3000 {"environment":"production"}
2026-05-22T15:19:46.105Z [INFO]: [Firebase] Admin SDK initialized successfully {}
2026-05-22T15:20:00.223Z [INFO]: [ReviewAutomationJob] Starting run {}
2026-05-22T15:20:00.736Z [INFO]: [ReviewAutomationJob] Processing 1 active outlet(s) {}
2026-05-22T15:20:00.739Z [INFO]: [ReviewService] Processing outlet {"outletId":"fUJCqqTZj6WHS8QZahh4","name":"Hari Krishnan"}
2026-05-22T15:20:00.740Z [WARN]: [ReviewService] SCRAPER placeId missing; using googleLocationId fallback {"outletId":"fUJCqqTZj6WHS8QZahh4","googleLocationId":"ChIJ5ytFdOthUjoRstynBWlA-EM"}
2026-05-22T15:20:00.742Z [INFO]: [ReviewService] Cooldown active - skipping fetch {"outletId":"fUJCqqTZj6WHS8QZahh4","cooldownMinutes":360,"elapsedMinutes":8}
2026-05-22T15:20:00.745Z [INFO]: [ReviewAutomationJob] Run complete {"outlets":1,"totalFetched":0,"totalNew":0,"totalProcessed":0,"errors":0,"durationMs":521}
2026-05-22T15:22:48.484Z [INFO]: [ReviewAutomationJob] Scheduling with pattern: "*/10 * * * *" {}
2026-05-22T15:22:48.495Z [INFO]: [ReviewAutomationJob] Cron started {}
2026-05-22T15:22:48.501Z [INFO]: [Server] HTTP server running on port 3000 {"environment":"production"}
2026-05-22T15:29:35.037Z [INFO]: [ReviewAutomationJob] Scheduling with pattern: "*/10 * * * *" {}
2026-05-22T15:29:35.046Z [INFO]: [ReviewAutomationJob] Cron started {}
2026-05-22T15:29:35.049Z [INFO]: [Server] HTTP server running on port 3000 {"environment":"production"}
2026-05-22T15:30:00.307Z [INFO]: [ReviewAutomationJob] Starting run {}
2026-05-22T15:30:00.728Z [INFO]: [Firebase] Admin SDK initialized successfully {}
2026-05-22T15:30:02.663Z [INFO]: [ReviewAutomationJob] Processing 1 active outlet(s) {}
2026-05-22T15:30:02.666Z [INFO]: [ReviewService] Processing outlet {"outletId":"fUJCqqTZj6WHS8QZahh4","name":"Hari Krishnan"}
2026-05-22T15:30:02.668Z [WARN]: [ReviewService] SCRAPER placeId missing; using googleLocationId fallback {"outletId":"fUJCqqTZj6WHS8QZahh4","googleLocationId":"ChIJ5ytFdOthUjoRstynBWlA-EM"}
2026-05-22T15:30:02.671Z [INFO]: [ReviewService] Cooldown active - skipping fetch {"outletId":"fUJCqqTZj6WHS8QZahh4","cooldownMinutes":360,"elapsedMinutes":18}
2026-05-22T15:30:02.675Z [INFO]: [ReviewAutomationJob] Run complete {"outlets":1,"totalFetched":0,"totalNew":0,"totalProcessed":0,"errors":0,"durationMs":2368}
2026-05-22T15:30:18.100Z [INFO]: [Server] Received SIGINT — graceful shutdown initiated {}
2026-05-22T15:30:23.369Z [INFO]: [ReviewAutomationJob] Scheduling with pattern: "*/10 * * * *" {}
2026-05-22T15:30:23.384Z [INFO]: [ReviewAutomationJob] Cron started {}
2026-05-22T15:30:23.389Z [INFO]: [Server] HTTP server running on port 3000 {"environment":"production"}
2026-05-22T15:30:31.583Z [INFO]: [Firebase] Admin SDK initialized successfully {}
2026-05-22T15:30:33.024Z [INFO]: [ReviewService] Processing outlet {"outletId":"fUJCqqTZj6WHS8QZahh4","name":"Hari Krishnan"}
2026-05-22T15:30:33.026Z [WARN]: [ReviewService] SCRAPER placeId missing; using googleLocationId fallback {"outletId":"fUJCqqTZj6WHS8QZahh4","googleLocationId":"ChIJ5ytFdOthUjoRstynBWlA-EM"}
2026-05-22T15:31:36.276Z [WARN]: [Retry] Apify.run attempt 1/3 failed — retrying in 858ms {"error":"Apify run did not succeed: READY"}
2026-05-22T15:31:45.345Z [INFO]: [ApifyProvider] Reviews fetched {"outletId":"fUJCqqTZj6WHS8QZahh4","placeId":"ChIJ5ytFdOthUjoRstynBWlA-EM","count":3}
2026-05-22T15:31:46.085Z [INFO]: [ReviewService] New reviews to process {"outletId":"fUJCqqTZj6WHS8QZahh4","fetched":3,"new":3}
2026-05-22T15:31:48.835Z [INFO]: [WhatsApp] Alert sent to manager {"to":"+919384926154","outletName":"Hari Krishnan","rating":2,"provider":"twilio"}
2026-05-22T15:31:49.248Z [INFO]: [ReviewService] Review escalated {"outletId":"fUJCqqTZj6WHS8QZahh4","reviewId":"7994463f915846156accc019931a9c0b103cbe87066c31a7b4fde0484394393f","rating":2}
2026-05-22T15:31:57.215Z [INFO]: [ReviewService] Reply saved for manual posting {"outletId":"fUJCqqTZj6WHS8QZahh4","reviewId":"da29965f3e81bcf5533242cb1435d70d098c92438a557143da7e4dd64e2941d9","rating":4}
2026-05-22T15:32:08.868Z [INFO]: [ReviewService] Reply saved for manual posting {"outletId":"fUJCqqTZj6WHS8QZahh4","reviewId":"97e79db802cb2e98acfe22478a9c0cb81110678d1babc073ac18f38af0c319d4","rating":5}
2026-05-22T15:40:00.406Z [INFO]: [ReviewAutomationJob] Starting run {}
2026-05-22T15:40:03.549Z [INFO]: [ReviewAutomationJob] Processing 1 active outlet(s) {}
2026-05-22T15:40:03.551Z [INFO]: [ReviewService] Processing outlet {"outletId":"fUJCqqTZj6WHS8QZahh4","name":"Hari Krishnan"}
2026-05-22T15:40:03.552Z [WARN]: [ReviewService] SCRAPER placeId missing; using googleLocationId fallback {"outletId":"fUJCqqTZj6WHS8QZahh4","googleLocationId":"ChIJ5ytFdOthUjoRstynBWlA-EM"}
2026-05-22T15:40:03.554Z [INFO]: [ReviewService] Cooldown active - skipping fetch {"outletId":"fUJCqqTZj6WHS8QZahh4","cooldownMinutes":360,"elapsedMinutes":8}
2026-05-22T15:40:03.555Z [INFO]: [ReviewAutomationJob] Run complete {"outlets":1,"totalFetched":0,"totalNew":0,"totalProcessed":0,"errors":0,"durationMs":3149}
2026-05-22T15:44:25.143Z [INFO]: [ReviewAutomationJob] Scheduling with pattern: "*/10 * * * *" {}
2026-05-22T15:44:25.154Z [INFO]: [ReviewAutomationJob] Cron started {}
2026-05-22T15:44:25.157Z [INFO]: [Server] HTTP server running on port 3000 {"environment":"production"}
2026-05-22T15:45:14.112Z [INFO]: [ReviewAutomationJob] Scheduling with pattern: "*/10 * * * *" {}
2026-05-22T15:45:14.123Z [INFO]: [ReviewAutomationJob] Cron started {}
2026-05-22T15:45:14.127Z [INFO]: [Server] HTTP server running on port 3000 {"environment":"production"}
2026-05-22T15:46:19.974Z [INFO]: [ReviewAutomationJob] Scheduling with pattern: "*/10 * * * *" {}
2026-05-22T15:46:19.984Z [INFO]: [ReviewAutomationJob] Cron started {}
2026-05-22T15:46:19.987Z [INFO]: [Server] HTTP server running on port 3000 {"environment":"production"}
2026-05-22T15:47:09.455Z [INFO]: [ReviewAutomationJob] Scheduling with pattern: "*/10 * * * *" {}
2026-05-22T15:47:09.466Z [INFO]: [ReviewAutomationJob] Cron started {}
2026-05-22T15:47:09.469Z [INFO]: [Server] HTTP server running on port 3000 {"environment":"production"}
2026-05-22T15:47:14.853Z [INFO]: [Firebase] Admin SDK initialized successfully {}
2026-05-22T15:50:00.765Z [INFO]: [ReviewAutomationJob] Starting run {}
2026-05-22T15:50:01.240Z [INFO]: [ReviewAutomationJob] Processing 1 active outlet(s) {}
2026-05-22T15:50:01.243Z [INFO]: [ReviewService] Processing outlet {"outletId":"fUJCqqTZj6WHS8QZahh4","name":"Hari Krishnan"}
2026-05-22T15:50:01.243Z [WARN]: [ReviewService] SCRAPER placeId missing; using googleLocationId fallback {"outletId":"fUJCqqTZj6WHS8QZahh4","googleLocationId":"ChIJ5ytFdOthUjoRstynBWlA-EM"}
2026-05-22T15:50:01.244Z [INFO]: [ReviewService] Cooldown active - skipping fetch {"outletId":"fUJCqqTZj6WHS8QZahh4","cooldownMinutes":360,"elapsedMinutes":18}
2026-05-22T15:50:01.246Z [INFO]: [ReviewAutomationJob] Run complete {"outlets":1,"totalFetched":0,"totalNew":0,"totalProcessed":0,"errors":0,"durationMs":480}
2026-05-22T16:00:00.692Z [INFO]: [ReviewAutomationJob] Starting run {}
2026-05-22T16:00:01.427Z [INFO]: [ReviewAutomationJob] Processing 1 active outlet(s) {}
2026-05-22T16:00:01.427Z [INFO]: [ReviewService] Processing outlet {"outletId":"fUJCqqTZj6WHS8QZahh4","name":"Hari Krishnan"}
2026-05-22T16:00:01.428Z [WARN]: [ReviewService] SCRAPER placeId missing; using googleLocationId fallback {"outletId":"fUJCqqTZj6WHS8QZahh4","googleLocationId":"ChIJ5ytFdOthUjoRstynBWlA-EM"}
2026-05-22T16:00:01.429Z [INFO]: [ReviewService] Cooldown active - skipping fetch {"outletId":"fUJCqqTZj6WHS8QZahh4","cooldownMinutes":360,"elapsedMinutes":28}
2026-05-22T16:00:01.429Z [INFO]: [ReviewAutomationJob] Run complete {"outlets":1,"totalFetched":0,"totalNew":0,"totalProcessed":0,"errors":0,"durationMs":737}
2026-05-22T16:01:49.294Z [INFO]: [ReviewAutomationJob] Scheduling with pattern: "*/10 * * * *" {}
2026-05-22T16:01:49.304Z [INFO]: [ReviewAutomationJob] Cron started {}
2026-05-22T16:01:49.307Z [INFO]: [Server] HTTP server running on port 3000 {"environment":"production"}
2026-05-22T16:04:20.263Z [INFO]: [ReviewAutomationJob] Scheduling with pattern: "*/10 * * * *" {}
2026-05-22T16:04:20.274Z [INFO]: [ReviewAutomationJob] Cron started {}
2026-05-22T16:04:20.277Z [INFO]: [Server] HTTP server running on port 3000 {"environment":"production"}
2026-05-22T16:10:00.410Z [INFO]: [ReviewAutomationJob] Starting run {}
2026-05-22T16:10:00.763Z [INFO]: [Firebase] Admin SDK initialized successfully {}
2026-05-22T16:10:02.626Z [INFO]: [ReviewAutomationJob] Processing 1 active outlet(s) {}
2026-05-22T16:10:02.630Z [INFO]: [ReviewService] Processing outlet {"outletId":"fUJCqqTZj6WHS8QZahh4","name":"Hari Krishnan"}
2026-05-22T16:10:02.632Z [WARN]: [ReviewService] SCRAPER placeId missing; using googleLocationId fallback {"outletId":"fUJCqqTZj6WHS8QZahh4","googleLocationId":"ChIJ5ytFdOthUjoRstynBWlA-EM"}
2026-05-22T16:10:02.636Z [INFO]: [ReviewService] Cooldown active - skipping fetch {"outletId":"fUJCqqTZj6WHS8QZahh4","cooldownMinutes":360,"elapsedMinutes":38}
2026-05-22T16:10:02.638Z [INFO]: [ReviewAutomationJob] Run complete {"outlets":1,"totalFetched":0,"totalNew":0,"totalProcessed":0,"errors":0,"durationMs":2229}
2026-05-22T16:20:00.787Z [INFO]: [ReviewAutomationJob] Starting run {}
2026-05-22T16:20:01.835Z [INFO]: [ReviewAutomationJob] Processing 1 active outlet(s) {}
2026-05-22T16:20:01.835Z [INFO]: [ReviewService] Processing outlet {"outletId":"fUJCqqTZj6WHS8QZahh4","name":"Hari Krishnan"}
2026-05-22T16:20:01.836Z [WARN]: [ReviewService] SCRAPER placeId missing; using googleLocationId fallback {"outletId":"fUJCqqTZj6WHS8QZahh4","googleLocationId":"ChIJ5ytFdOthUjoRstynBWlA-EM"}
2026-05-22T16:20:01.837Z [INFO]: [ReviewService] Cooldown active - skipping fetch {"outletId":"fUJCqqTZj6WHS8QZahh4","cooldownMinutes":360,"elapsedMinutes":48}
2026-05-22T16:20:01.837Z [INFO]: [ReviewAutomationJob] Run complete {"outlets":1,"totalFetched":0,"totalNew":0,"totalProcessed":0,"errors":0,"durationMs":1050}
2026-05-22T16:30:00.770Z [INFO]: [ReviewAutomationJob] Starting run {}
2026-05-22T16:30:02.177Z [INFO]: [ReviewAutomationJob] Processing 1 active outlet(s) {}
2026-05-22T16:30:02.178Z [INFO]: [ReviewService] Processing outlet {"outletId":"fUJCqqTZj6WHS8QZahh4","name":"Freddie and Me"}
2026-05-22T16:30:02.179Z [WARN]: [ReviewService] SCRAPER placeId missing; using googleLocationId fallback {"outletId":"fUJCqqTZj6WHS8QZahh4","googleLocationId":"ChIJ5ytFdOthUjoRstynBWlA-EM"}
2026-05-22T16:30:02.179Z [INFO]: [ReviewService] Cooldown active - skipping fetch {"outletId":"fUJCqqTZj6WHS8QZahh4","cooldownMinutes":360,"elapsedMinutes":58}
2026-05-22T16:30:02.180Z [INFO]: [ReviewAutomationJob] Run complete {"outlets":1,"totalFetched":0,"totalNew":0,"totalProcessed":0,"errors":0,"durationMs":1410}
2026-05-22T16:40:00.992Z [INFO]: [ReviewAutomationJob] Starting run {}
2026-05-22T16:40:02.065Z [INFO]: [ReviewAutomationJob] Processing 1 active outlet(s) {}
2026-05-22T16:40:02.066Z [INFO]: [ReviewService] Processing outlet {"outletId":"fUJCqqTZj6WHS8QZahh4","name":"Freddie and Me"}
2026-05-22T16:40:02.068Z [WARN]: [ReviewService] SCRAPER placeId missing; using googleLocationId fallback {"outletId":"fUJCqqTZj6WHS8QZahh4","googleLocationId":"ChIJ5ytFdOthUjoRstynBWlA-EM"}
2026-05-22T16:40:02.070Z [INFO]: [ReviewService] Cooldown active - skipping fetch {"outletId":"fUJCqqTZj6WHS8QZahh4","cooldownMinutes":360,"elapsedMinutes":68}
2026-05-22T16:40:02.071Z [INFO]: [ReviewAutomationJob] Run complete {"outlets":1,"totalFetched":0,"totalNew":0,"totalProcessed":0,"errors":0,"durationMs":1079}
2026-05-22T16:50:00.464Z [INFO]: [ReviewAutomationJob] Starting run {}
2026-05-22T16:50:03.170Z [INFO]: [ReviewAutomationJob] Processing 1 active outlet(s) {}
2026-05-22T16:50:03.170Z [INFO]: [ReviewService] Processing outlet {"outletId":"fUJCqqTZj6WHS8QZahh4","name":"Freddie and Me"}
2026-05-22T16:50:03.171Z [WARN]: [ReviewService] SCRAPER placeId missing; using googleLocationId fallback {"outletId":"fUJCqqTZj6WHS8QZahh4","googleLocationId":"ChIJ5ytFdOthUjoRstynBWlA-EM"}
2026-05-22T16:50:03.171Z [INFO]: [ReviewService] Cooldown active - skipping fetch {"outletId":"fUJCqqTZj6WHS8QZahh4","cooldownMinutes":360,"elapsedMinutes":78}
2026-05-22T16:50:03.171Z [INFO]: [ReviewAutomationJob] Run complete {"outlets":1,"totalFetched":0,"totalNew":0,"totalProcessed":0,"errors":0,"durationMs":2707}
2026-05-22T17:00:00.420Z [INFO]: [ReviewAutomationJob] Starting run {}
2026-05-22T17:00:01.904Z [INFO]: [ReviewAutomationJob] Processing 1 active outlet(s) {}
2026-05-22T17:00:01.905Z [INFO]: [ReviewService] Processing outlet {"outletId":"fUJCqqTZj6WHS8QZahh4","name":"Freddie and Me"}
2026-05-22T17:00:01.905Z [WARN]: [ReviewService] SCRAPER placeId missing; using googleLocationId fallback {"outletId":"fUJCqqTZj6WHS8QZahh4","googleLocationId":"ChIJ5ytFdOthUjoRstynBWlA-EM"}
2026-05-22T17:00:01.906Z [INFO]: [ReviewService] Cooldown active - skipping fetch {"outletId":"fUJCqqTZj6WHS8QZahh4","cooldownMinutes":360,"elapsedMinutes":88}
2026-05-22T17:00:01.906Z [INFO]: [ReviewAutomationJob] Run complete {"outlets":1,"totalFetched":0,"totalNew":0,"totalProcessed":0,"errors":0,"durationMs":1486}
2026-05-22T17:30:00.773Z [INFO]: [ReviewAutomationJob] Starting run {}
2026-05-22T17:30:01.997Z [INFO]: [ReviewAutomationJob] Processing 1 active outlet(s) {}
2026-05-22T17:30:01.998Z [INFO]: [ReviewService] Processing outlet {"outletId":"fUJCqqTZj6WHS8QZahh4","name":"Freddie and Me"}
2026-05-22T17:30:01.998Z [WARN]: [ReviewService] SCRAPER placeId missing; using googleLocationId fallback {"outletId":"fUJCqqTZj6WHS8QZahh4","googleLocationId":"ChIJ5ytFdOthUjoRstynBWlA-EM"}
2026-05-22T17:30:01.998Z [INFO]: [ReviewService] Cooldown active - skipping fetch {"outletId":"fUJCqqTZj6WHS8QZahh4","cooldownMinutes":360,"elapsedMinutes":118}
2026-05-22T17:30:01.999Z [INFO]: [ReviewAutomationJob] Run complete {"outlets":1,"totalFetched":0,"totalNew":0,"totalProcessed":0,"errors":0,"durationMs":1226}
2026-05-22T17:40:00.892Z [INFO]: [ReviewAutomationJob] Starting run {}
2026-05-22T17:40:26.040Z [INFO]: [ReviewAutomationJob] Processing 1 active outlet(s) {}
2026-05-22T17:40:26.041Z [INFO]: [ReviewService] Processing outlet {"outletId":"fUJCqqTZj6WHS8QZahh4","name":"Freddie and Me"}
2026-05-22T17:40:26.041Z [WARN]: [ReviewService] SCRAPER placeId missing; using googleLocationId fallback {"outletId":"fUJCqqTZj6WHS8QZahh4","googleLocationId":"ChIJ5ytFdOthUjoRstynBWlA-EM"}
2026-05-22T17:40:26.041Z [INFO]: [ReviewService] Cooldown active - skipping fetch {"outletId":"fUJCqqTZj6WHS8QZahh4","cooldownMinutes":360,"elapsedMinutes":129}
2026-05-22T17:40:26.041Z [INFO]: [ReviewAutomationJob] Run complete {"outlets":1,"totalFetched":0,"totalNew":0,"totalProcessed":0,"errors":0,"durationMs":25149}
2026-05-22T17:50:00.137Z [INFO]: [ReviewAutomationJob] Starting run {}
2026-05-22T17:50:01.232Z [INFO]: [ReviewAutomationJob] Processing 1 active outlet(s) {}
2026-05-22T17:50:01.232Z [INFO]: [ReviewService] Processing outlet {"outletId":"fUJCqqTZj6WHS8QZahh4","name":"Freddie and Me"}
2026-05-22T17:50:01.232Z [WARN]: [ReviewService] SCRAPER placeId missing; using googleLocationId fallback {"outletId":"fUJCqqTZj6WHS8QZahh4","googleLocationId":"ChIJ5ytFdOthUjoRstynBWlA-EM"}
2026-05-22T17:50:01.233Z [INFO]: [ReviewService] Cooldown active - skipping fetch {"outletId":"fUJCqqTZj6WHS8QZahh4","cooldownMinutes":360,"elapsedMinutes":138}
2026-05-22T17:50:01.233Z [INFO]: [ReviewAutomationJob] Run complete {"outlets":1,"totalFetched":0,"totalNew":0,"totalProcessed":0,"errors":0,"durationMs":1096}
2026-05-22T18:00:00.508Z [INFO]: [ReviewAutomationJob] Starting run {}
2026-05-22T18:00:01.459Z [INFO]: [ReviewAutomationJob] Processing 1 active outlet(s) {}
2026-05-22T18:00:01.460Z [INFO]: [ReviewService] Processing outlet {"outletId":"fUJCqqTZj6WHS8QZahh4","name":"Freddie and Me"}
2026-05-22T18:00:01.460Z [WARN]: [ReviewService] SCRAPER placeId missing; using googleLocationId fallback {"outletId":"fUJCqqTZj6WHS8QZahh4","googleLocationId":"ChIJ5ytFdOthUjoRstynBWlA-EM"}
2026-05-22T18:00:01.460Z [INFO]: [ReviewService] Cooldown active - skipping fetch {"outletId":"fUJCqqTZj6WHS8QZahh4","cooldownMinutes":360,"elapsedMinutes":148}
2026-05-22T18:00:01.461Z [INFO]: [ReviewAutomationJob] Run complete {"outlets":1,"totalFetched":0,"totalNew":0,"totalProcessed":0,"errors":0,"durationMs":953}
2026-05-22T18:10:00.584Z [INFO]: [ReviewAutomationJob] Starting run {}
2026-05-22T18:10:01.365Z [INFO]: [ReviewAutomationJob] Processing 1 active outlet(s) {}
2026-05-22T18:10:01.366Z [INFO]: [ReviewService] Processing outlet {"outletId":"fUJCqqTZj6WHS8QZahh4","name":"Freddie and Me"}
2026-05-22T18:10:01.366Z [WARN]: [ReviewService] SCRAPER placeId missing; using googleLocationId fallback {"outletId":"fUJCqqTZj6WHS8QZahh4","googleLocationId":"ChIJ5ytFdOthUjoRstynBWlA-EM"}
2026-05-22T18:10:01.366Z [INFO]: [ReviewService] Cooldown active - skipping fetch {"outletId":"fUJCqqTZj6WHS8QZahh4","cooldownMinutes":360,"elapsedMinutes":158}
2026-05-22T18:10:01.366Z [INFO]: [ReviewAutomationJob] Run complete {"outlets":1,"totalFetched":0,"totalNew":0,"totalProcessed":0,"errors":0,"durationMs":782}
2026-05-22T18:20:00.024Z [INFO]: [ReviewAutomationJob] Starting run {}
2026-05-22T18:20:03.092Z [INFO]: [ReviewAutomationJob] Processing 1 active outlet(s) {}
2026-05-22T18:20:03.092Z [INFO]: [ReviewService] Processing outlet {"outletId":"fUJCqqTZj6WHS8QZahh4","name":"Freddie and Me"}
2026-05-22T18:20:03.093Z [WARN]: [ReviewService] SCRAPER placeId missing; using googleLocationId fallback {"outletId":"fUJCqqTZj6WHS8QZahh4","googleLocationId":"ChIJ5ytFdOthUjoRstynBWlA-EM"}
2026-05-22T18:20:03.093Z [INFO]: [ReviewService] Cooldown active - skipping fetch {"outletId":"fUJCqqTZj6WHS8QZahh4","cooldownMinutes":360,"elapsedMinutes":168}
2026-05-22T18:20:03.093Z [INFO]: [ReviewAutomationJob] Run complete {"outlets":1,"totalFetched":0,"totalNew":0,"totalProcessed":0,"errors":0,"durationMs":3069}
2026-05-22T18:30:00.644Z [INFO]: [ReviewAutomationJob] Starting run {}
2026-05-22T18:30:02.280Z [INFO]: [ReviewAutomationJob] Processing 1 active outlet(s) {}
2026-05-22T18:30:02.280Z [INFO]: [ReviewService] Processing outlet {"outletId":"fUJCqqTZj6WHS8QZahh4","name":"Freddie and Me"}
2026-05-22T18:30:02.281Z [WARN]: [ReviewService] SCRAPER placeId missing; using googleLocationId fallback {"outletId":"fUJCqqTZj6WHS8QZahh4","googleLocationId":"ChIJ5ytFdOthUjoRstynBWlA-EM"}
2026-05-22T18:30:02.282Z [INFO]: [ReviewService] Cooldown active - skipping fetch {"outletId":"fUJCqqTZj6WHS8QZahh4","cooldownMinutes":360,"elapsedMinutes":178}
2026-05-22T18:30:02.282Z [INFO]: [ReviewAutomationJob] Run complete {"outlets":1,"totalFetched":0,"totalNew":0,"totalProcessed":0,"errors":0,"durationMs":1639}
2026-05-22T18:40:00.099Z [INFO]: [ReviewAutomationJob] Starting run {}
2026-05-22T18:40:00.864Z [INFO]: [ReviewAutomationJob] Processing 1 active outlet(s) {}
2026-05-22T18:40:00.864Z [INFO]: [ReviewService] Processing outlet {"outletId":"fUJCqqTZj6WHS8QZahh4","name":"Freddie and Me"}
2026-05-22T18:40:00.864Z [WARN]: [ReviewService] SCRAPER placeId missing; using googleLocationId fallback {"outletId":"fUJCqqTZj6WHS8QZahh4","googleLocationId":"ChIJ5ytFdOthUjoRstynBWlA-EM"}
2026-05-22T18:40:00.865Z [INFO]: [ReviewService] Cooldown active - skipping fetch {"outletId":"fUJCqqTZj6WHS8QZahh4","cooldownMinutes":360,"elapsedMinutes":188}
2026-05-22T18:40:00.865Z [INFO]: [ReviewAutomationJob] Run complete {"outlets":1,"totalFetched":0,"totalNew":0,"totalProcessed":0,"errors":0,"durationMs":766}
2026-05-22T18:41:51.406Z [INFO]: [Server] Received SIGINT — graceful shutdown initiated {}
2026-05-22T18:41:55.072Z [INFO]: [ReviewAutomationJob] Scheduling with pattern: "*/10 * * * *" {}
2026-05-22T18:41:55.078Z [INFO]: [ReviewAutomationJob] Cron started {}
2026-05-22T18:41:55.079Z [INFO]: [Server] HTTP server running on port 3000 {"environment":"production"}
2026-05-22T18:50:00.934Z [INFO]: [ReviewAutomationJob] Starting run {}
2026-05-22T18:50:01.462Z [INFO]: [Firebase] Admin SDK initialized successfully {}
2026-05-22T18:50:03.629Z [INFO]: [ReviewAutomationJob] Processing 1 active outlet(s) {}
2026-05-22T18:50:03.632Z [INFO]: [ReviewService] Processing outlet {"outletId":"fUJCqqTZj6WHS8QZahh4","name":"Freddie and Me"}
2026-05-22T18:50:03.634Z [WARN]: [ReviewService] SCRAPER placeId missing; using googleLocationId fallback {"outletId":"fUJCqqTZj6WHS8QZahh4","googleLocationId":"ChIJ5ytFdOthUjoRstynBWlA-EM"}
2026-05-22T18:50:03.635Z [INFO]: [ReviewService] Cooldown active - skipping fetch {"outletId":"fUJCqqTZj6WHS8QZahh4","cooldownMinutes":360,"elapsedMinutes":198}
2026-05-22T18:50:03.638Z [INFO]: [ReviewAutomationJob] Run complete {"outlets":1,"totalFetched":0,"totalNew":0,"totalProcessed":0,"errors":0,"durationMs":2705}
2026-05-22T19:00:00.325Z [INFO]: [ReviewAutomationJob] Starting run {}
2026-05-22T19:00:01.466Z [INFO]: [ReviewAutomationJob] Processing 1 active outlet(s) {}
2026-05-22T19:00:01.467Z [INFO]: [ReviewService] Processing outlet {"outletId":"fUJCqqTZj6WHS8QZahh4","name":"Freddie and Me"}
2026-05-22T19:00:01.468Z [WARN]: [ReviewService] SCRAPER placeId missing; using googleLocationId fallback {"outletId":"fUJCqqTZj6WHS8QZahh4","googleLocationId":"ChIJ5ytFdOthUjoRstynBWlA-EM"}
2026-05-22T19:00:01.468Z [INFO]: [ReviewService] Cooldown active - skipping fetch {"outletId":"fUJCqqTZj6WHS8QZahh4","cooldownMinutes":360,"elapsedMinutes":208}
2026-05-22T19:00:01.469Z [INFO]: [ReviewAutomationJob] Run complete {"outlets":1,"totalFetched":0,"totalNew":0,"totalProcessed":0,"errors":0,"durationMs":1144}
2026-05-22T19:10:00.185Z [INFO]: [ReviewAutomationJob] Starting run {}
2026-05-22T19:10:00.982Z [INFO]: [ReviewAutomationJob] Processing 1 active outlet(s) {}
2026-05-22T19:10:00.983Z [INFO]: [ReviewService] Processing outlet {"outletId":"fUJCqqTZj6WHS8QZahh4","name":"Freddie and Me"}
2026-05-22T19:10:00.984Z [WARN]: [ReviewService] SCRAPER placeId missing; using googleLocationId fallback {"outletId":"fUJCqqTZj6WHS8QZahh4","googleLocationId":"ChIJ5ytFdOthUjoRstynBWlA-EM"}
2026-05-22T19:10:00.984Z [INFO]: [ReviewService] Cooldown active - skipping fetch {"outletId":"fUJCqqTZj6WHS8QZahh4","cooldownMinutes":360,"elapsedMinutes":218}
2026-05-22T19:10:00.985Z [INFO]: [ReviewAutomationJob] Run complete {"outlets":1,"totalFetched":0,"totalNew":0,"totalProcessed":0,"errors":0,"durationMs":800}
2026-05-22T19:18:18.615Z [ERROR]: [ReviewRoute] Failed to fetch escalations {"error":"9 FAILED_PRECONDITION: The query requires an index. You can create it here: https://console.firebase.google.com/v1/r/project/gmb-onerepute/firestore/indexes?create_composite=Ck1wcm9qZWN0cy9nbWItb25lcmVwdXRlL2RhdGFiYXNlcy8oZGVmYXVsdCkvY29sbGVjdGlvbkdyb3Vwcy9yZXZpZXdzL2luZGV4ZXMvXxABGgoKBnN0YXR1cxABGg0KCWNyZWF0ZWRBdBACGgwKCF9fbmFtZV9fEAI"}
2026-05-22T19:18:19.752Z [ERROR]: [ReviewRoute] Failed to fetch escalations {"error":"9 FAILED_PRECONDITION: The query requires an index. You can create it here: https://console.firebase.google.com/v1/r/project/gmb-onerepute/firestore/indexes?create_composite=Ck1wcm9qZWN0cy9nbWItb25lcmVwdXRlL2RhdGFiYXNlcy8oZGVmYXVsdCkvY29sbGVjdGlvbkdyb3Vwcy9yZXZpZXdzL2luZGV4ZXMvXxABGgoKBnN0YXR1cxABGg0KCWNyZWF0ZWRBdBACGgwKCF9fbmFtZV9fEAI"}
2026-05-22T19:20:00.926Z [INFO]: [ReviewAutomationJob] Starting run {}
2026-05-22T19:20:01.343Z [INFO]: [ReviewAutomationJob] Processing 1 active outlet(s) {}
2026-05-22T19:20:01.345Z [INFO]: [ReviewService] Processing outlet {"outletId":"fUJCqqTZj6WHS8QZahh4","name":"Freddie and Me"}
2026-05-22T19:20:01.346Z [WARN]: [ReviewService] SCRAPER placeId missing; using googleLocationId fallback {"outletId":"fUJCqqTZj6WHS8QZahh4","googleLocationId":"ChIJ5ytFdOthUjoRstynBWlA-EM"}
2026-05-22T19:20:01.346Z [INFO]: [ReviewService] Cooldown active - skipping fetch {"outletId":"fUJCqqTZj6WHS8QZahh4","cooldownMinutes":360,"elapsedMinutes":228}
2026-05-22T19:20:01.347Z [INFO]: [ReviewAutomationJob] Run complete {"outlets":1,"totalFetched":0,"totalNew":0,"totalProcessed":0,"errors":0,"durationMs":421}
2026-05-22T19:20:35.346Z [ERROR]: [ReviewRoute] Failed to fetch escalations {"error":"9 FAILED_PRECONDITION: The query requires an index. You can create it here: https://console.firebase.google.com/v1/r/project/gmb-onerepute/firestore/indexes?create_composite=Ck1wcm9qZWN0cy9nbWItb25lcmVwdXRlL2RhdGFiYXNlcy8oZGVmYXVsdCkvY29sbGVjdGlvbkdyb3Vwcy9yZXZpZXdzL2luZGV4ZXMvXxABGgoKBnN0YXR1cxABGg0KCWNyZWF0ZWRBdBACGgwKCF9fbmFtZV9fEAI"}
2026-05-22T19:20:36.547Z [ERROR]: [ReviewRoute] Failed to fetch escalations {"error":"9 FAILED_PRECONDITION: The query requires an index. You can create it here: https://console.firebase.google.com/v1/r/project/gmb-onerepute/firestore/indexes?create_composite=Ck1wcm9qZWN0cy9nbWItb25lcmVwdXRlL2RhdGFiYXNlcy8oZGVmYXVsdCkvY29sbGVjdGlvbkdyb3Vwcy9yZXZpZXdzL2luZGV4ZXMvXxABGgoKBnN0YXR1cxABGg0KCWNyZWF0ZWRBdBACGgwKCF9fbmFtZV9fEAI"}
2026-05-22T19:20:40.707Z [ERROR]: [ReviewRoute] Failed to fetch escalations {"error":"9 FAILED_PRECONDITION: The query requires an index. You can create it here: https://console.firebase.google.com/v1/r/project/gmb-onerepute/firestore/indexes?create_composite=Ck1wcm9qZWN0cy9nbWItb25lcmVwdXRlL2RhdGFiYXNlcy8oZGVmYXVsdCkvY29sbGVjdGlvbkdyb3Vwcy9yZXZpZXdzL2luZGV4ZXMvXxABGgoKBnN0YXR1cxABGg0KCWNyZWF0ZWRBdBACGgwKCF9fbmFtZV9fEAI"}
2026-05-22T19:20:41.861Z [ERROR]: [ReviewRoute] Failed to fetch escalations {"error":"9 FAILED_PRECONDITION: The query requires an index. You can create it here: https://console.firebase.google.com/v1/r/project/gmb-onerepute/firestore/indexes?create_composite=Ck1wcm9qZWN0cy9nbWItb25lcmVwdXRlL2RhdGFiYXNlcy8oZGVmYXVsdCkvY29sbGVjdGlvbkdyb3Vwcy9yZXZpZXdzL2luZGV4ZXMvXxABGgoKBnN0YXR1cxABGg0KCWNyZWF0ZWRBdBACGgwKCF9fbmFtZV9fEAI"}
2026-05-22T19:21:57.208Z [ERROR]: [ReviewRoute] Failed to fetch escalations {"error":"9 FAILED_PRECONDITION: The query requires an index. You can create it here: https://console.firebase.google.com/v1/r/project/gmb-onerepute/firestore/indexes?create_composite=Ck1wcm9qZWN0cy9nbWItb25lcmVwdXRlL2RhdGFiYXNlcy8oZGVmYXVsdCkvY29sbGVjdGlvbkdyb3Vwcy9yZXZpZXdzL2luZGV4ZXMvXxABGgoKBnN0YXR1cxABGg0KCWNyZWF0ZWRBdBACGgwKCF9fbmFtZV9fEAI"}
2026-05-22T19:22:00.114Z [ERROR]: [ReviewRoute] Failed to fetch escalations {"error":"9 FAILED_PRECONDITION: The query requires an index. You can create it here: https://console.firebase.google.com/v1/r/project/gmb-onerepute/firestore/indexes?create_composite=Ck1wcm9qZWN0cy9nbWItb25lcmVwdXRlL2RhdGFiYXNlcy8oZGVmYXVsdCkvY29sbGVjdGlvbkdyb3Vwcy9yZXZpZXdzL2luZGV4ZXMvXxABGgoKBnN0YXR1cxABGg0KCWNyZWF0ZWRBdBACGgwKCF9fbmFtZV9fEAI"}
2026-05-22T19:22:59.989Z [ERROR]: [ReviewRoute] Failed to fetch escalations {"error":"9 FAILED_PRECONDITION: The query requires an index. You can create it here: https://console.firebase.google.com/v1/r/project/gmb-onerepute/firestore/indexes?create_composite=Ck1wcm9qZWN0cy9nbWItb25lcmVwdXRlL2RhdGFiYXNlcy8oZGVmYXVsdCkvY29sbGVjdGlvbkdyb3Vwcy9yZXZpZXdzL2luZGV4ZXMvXxABGgoKBnN0YXR1cxABGg0KCWNyZWF0ZWRBdBACGgwKCF9fbmFtZV9fEAI"}
2026-05-22T19:23:13.793Z [INFO]: [Server] Received SIGINT — graceful shutdown initiated {}
2026-05-22T19:23:20.018Z [INFO]: [ReviewAutomationJob] Scheduling with pattern: "*/10 * * * *" {}
2026-05-22T19:23:20.028Z [INFO]: [ReviewAutomationJob] Cron started {}
2026-05-22T19:23:20.032Z [INFO]: [Server] HTTP server running on port 3000 {"environment":"production"}
2026-05-22T19:25:50.718Z [INFO]: [Firebase] Admin SDK initialized successfully {}
2026-05-22T19:25:52.133Z [ERROR]: [ReviewRoute] Failed to fetch escalations {"error":"9 FAILED_PRECONDITION: The query requires an index. That index is currently building and cannot be used yet. See its status here: https://console.firebase.google.com/v1/r/project/gmb-onerepute/firestore/indexes?create_composite=Clhwcm9qZWN0cy9nbWItb25lcmVwdXRlL2RhdGFiYXNlcy8oZGVmYXVsdCkvY29sbGVjdGlvbkdyb3Vwcy9yZXZpZXdzL2luZGV4ZXMvQ0lDQWdKaVVwb01LEAEaCgoGc3RhdHVzEAEaDQoJY3JlYXRlZEF0EAIaDAoIX19uYW1lX18QAg"}
2026-05-22T19:25:53.285Z [ERROR]: [ReviewRoute] Failed to fetch escalations {"error":"9 FAILED_PRECONDITION: The query requires an index. That index is currently building and cannot be used yet. See its status here: https://console.firebase.google.com/v1/r/project/gmb-onerepute/firestore/indexes?create_composite=Clhwcm9qZWN0cy9nbWItb25lcmVwdXRlL2RhdGFiYXNlcy8oZGVmYXVsdCkvY29sbGVjdGlvbkdyb3Vwcy9yZXZpZXdzL2luZGV4ZXMvQ0lDQWdKaVVwb01LEAEaCgoGc3RhdHVzEAEaDQoJY3JlYXRlZEF0EAIaDAoIX19uYW1lX18QAg"}
2026-05-22T19:26:08.449Z [ERROR]: [ReviewRoute] Failed to fetch escalations {"error":"9 FAILED_PRECONDITION: The query requires an index. That index is currently building and cannot be used yet. See its status here: https://console.firebase.google.com/v1/r/project/gmb-onerepute/firestore/indexes?create_composite=Clhwcm9qZWN0cy9nbWItb25lcmVwdXRlL2RhdGFiYXNlcy8oZGVmYXVsdCkvY29sbGVjdGlvbkdyb3Vwcy9yZXZpZXdzL2luZGV4ZXMvQ0lDQWdKaVVwb01LEAEaCgoGc3RhdHVzEAEaDQoJY3JlYXRlZEF0EAIaDAoIX19uYW1lX18QAg"}
2026-05-22T19:26:09.582Z [ERROR]: [ReviewRoute] Failed to fetch escalations {"error":"9 FAILED_PRECONDITION: The query requires an index. That index is currently building and cannot be used yet. See its status here: https://console.firebase.google.com/v1/r/project/gmb-onerepute/firestore/indexes?create_composite=Clhwcm9qZWN0cy9nbWItb25lcmVwdXRlL2RhdGFiYXNlcy8oZGVmYXVsdCkvY29sbGVjdGlvbkdyb3Vwcy9yZXZpZXdzL2luZGV4ZXMvQ0lDQWdKaVVwb01LEAEaCgoGc3RhdHVzEAEaDQoJY3JlYXRlZEF0EAIaDAoIX19uYW1lX18QAg"}
2026-05-22T19:26:16.859Z [ERROR]: [ReviewRoute] Failed to fetch escalations {"error":"9 FAILED_PRECONDITION: The query requires an index. That index is currently building and cannot be used yet. See its status here: https://console.firebase.google.com/v1/r/project/gmb-onerepute/firestore/indexes?create_composite=Clhwcm9qZWN0cy9nbWItb25lcmVwdXRlL2RhdGFiYXNlcy8oZGVmYXVsdCkvY29sbGVjdGlvbkdyb3Vwcy9yZXZpZXdzL2luZGV4ZXMvQ0lDQWdKaVVwb01LEAEaCgoGc3RhdHVzEAEaDQoJY3JlYXRlZEF0EAIaDAoIX19uYW1lX18QAg"}
2026-05-22T19:26:17.999Z [ERROR]: [ReviewRoute] Failed to fetch escalations {"error":"9 FAILED_PRECONDITION: The query requires an index. That index is currently building and cannot be used yet. See its status here: https://console.firebase.google.com/v1/r/project/gmb-onerepute/firestore/indexes?create_composite=Clhwcm9qZWN0cy9nbWItb25lcmVwdXRlL2RhdGFiYXNlcy8oZGVmYXVsdCkvY29sbGVjdGlvbkdyb3Vwcy9yZXZpZXdzL2luZGV4ZXMvQ0lDQWdKaVVwb01LEAEaCgoGc3RhdHVzEAEaDQoJY3JlYXRlZEF0EAIaDAoIX19uYW1lX18QAg"}
2026-05-22T19:26:21.060Z [ERROR]: [ReviewRoute] Failed to fetch escalations {"error":"9 FAILED_PRECONDITION: The query requires an index. That index is currently building and cannot be used yet. See its status here: https://console.firebase.google.com/v1/r/project/gmb-onerepute/firestore/indexes?create_composite=Clhwcm9qZWN0cy9nbWItb25lcmVwdXRlL2RhdGFiYXNlcy8oZGVmYXVsdCkvY29sbGVjdGlvbkdyb3Vwcy9yZXZpZXdzL2luZGV4ZXMvQ0lDQWdKaVVwb01LEAEaCgoGc3RhdHVzEAEaDQoJY3JlYXRlZEF0EAIaDAoIX19uYW1lX18QAg"}
2026-05-22T19:26:22.191Z [ERROR]: [ReviewRoute] Failed to fetch escalations {"error":"9 FAILED_PRECONDITION: The query requires an index. That index is currently building and cannot be used yet. See its status here: https://console.firebase.google.com/v1/r/project/gmb-onerepute/firestore/indexes?create_composite=Clhwcm9qZWN0cy9nbWItb25lcmVwdXRlL2RhdGFiYXNlcy8oZGVmYXVsdCkvY29sbGVjdGlvbkdyb3Vwcy9yZXZpZXdzL2luZGV4ZXMvQ0lDQWdKaVVwb01LEAEaCgoGc3RhdHVzEAEaDQoJY3JlYXRlZEF0EAIaDAoIX19uYW1lX18QAg"}
2026-05-22T19:26:24.759Z [ERROR]: [ReviewRoute] Failed to fetch escalations {"error":"9 FAILED_PRECONDITION: The query requires an index. That index is currently building and cannot be used yet. See its status here: https://console.firebase.google.com/v1/r/project/gmb-onerepute/firestore/indexes?create_composite=Clhwcm9qZWN0cy9nbWItb25lcmVwdXRlL2RhdGFiYXNlcy8oZGVmYXVsdCkvY29sbGVjdGlvbkdyb3Vwcy9yZXZpZXdzL2luZGV4ZXMvQ0lDQWdKaVVwb01LEAEaCgoGc3RhdHVzEAEaDQoJY3JlYXRlZEF0EAIaDAoIX19uYW1lX18QAg"}
2026-05-22T19:26:32.642Z [ERROR]: [ReviewRoute] Failed to fetch escalations {"error":"9 FAILED_PRECONDITION: The query requires an index. That index is currently building and cannot be used yet. See its status here: https://console.firebase.google.com/v1/r/project/gmb-onerepute/firestore/indexes?create_composite=Clhwcm9qZWN0cy9nbWItb25lcmVwdXRlL2RhdGFiYXNlcy8oZGVmYXVsdCkvY29sbGVjdGlvbkdyb3Vwcy9yZXZpZXdzL2luZGV4ZXMvQ0lDQWdKaVVwb01LEAEaCgoGc3RhdHVzEAEaDQoJY3JlYXRlZEF0EAIaDAoIX19uYW1lX18QAg"}
2026-05-22T19:26:33.839Z [ERROR]: [ReviewRoute] Failed to fetch escalations {"error":"9 FAILED_PRECONDITION: The query requires an index. That index is currently building and cannot be used yet. See its status here: https://console.firebase.google.com/v1/r/project/gmb-onerepute/firestore/indexes?create_composite=Clhwcm9qZWN0cy9nbWItb25lcmVwdXRlL2RhdGFiYXNlcy8oZGVmYXVsdCkvY29sbGVjdGlvbkdyb3Vwcy9yZXZpZXdzL2luZGV4ZXMvQ0lDQWdKaVVwb01LEAEaCgoGc3RhdHVzEAEaDQoJY3JlYXRlZEF0EAIaDAoIX19uYW1lX18QAg"}
2026-05-22T19:30:00.328Z [INFO]: [ReviewAutomationJob] Starting run {}
2026-05-22T19:30:00.813Z [INFO]: [ReviewAutomationJob] Processing 1 active outlet(s) {}
2026-05-22T19:30:00.816Z [INFO]: [ReviewService] Processing outlet {"outletId":"fUJCqqTZj6WHS8QZahh4","name":"Freddie and Me"}
2026-05-22T19:30:00.818Z [WARN]: [ReviewService] SCRAPER placeId missing; using googleLocationId fallback {"outletId":"fUJCqqTZj6WHS8QZahh4","googleLocationId":"ChIJ5ytFdOthUjoRstynBWlA-EM"}
2026-05-22T19:30:00.819Z [INFO]: [ReviewService] Cooldown active - skipping fetch {"outletId":"fUJCqqTZj6WHS8QZahh4","cooldownMinutes":360,"elapsedMinutes":238}
2026-05-22T19:30:00.820Z [INFO]: [ReviewAutomationJob] Run complete {"outlets":1,"totalFetched":0,"totalNew":0,"totalProcessed":0,"errors":0,"durationMs":493}
2026-05-22T19:40:00.650Z [INFO]: [ReviewAutomationJob] Starting run {}
2026-05-22T19:40:01.371Z [INFO]: [ReviewAutomationJob] Processing 1 active outlet(s) {}
2026-05-22T19:40:01.372Z [INFO]: [ReviewService] Processing outlet {"outletId":"fUJCqqTZj6WHS8QZahh4","name":"Freddie and Me"}
2026-05-22T19:40:01.375Z [WARN]: [ReviewService] SCRAPER placeId missing; using googleLocationId fallback {"outletId":"fUJCqqTZj6WHS8QZahh4","googleLocationId":"ChIJ5ytFdOthUjoRstynBWlA-EM"}
2026-05-22T19:40:01.378Z [INFO]: [ReviewService] Cooldown active - skipping fetch {"outletId":"fUJCqqTZj6WHS8QZahh4","cooldownMinutes":360,"elapsedMinutes":248}
2026-05-22T19:40:01.379Z [INFO]: [ReviewAutomationJob] Run complete {"outlets":1,"totalFetched":0,"totalNew":0,"totalProcessed":0,"errors":0,"durationMs":730}
2026-05-22T19:50:00.741Z [INFO]: [ReviewAutomationJob] Starting run {}
2026-05-22T19:50:01.175Z [INFO]: [ReviewAutomationJob] Processing 1 active outlet(s) {}
2026-05-22T19:50:01.176Z [INFO]: [ReviewService] Processing outlet {"outletId":"fUJCqqTZj6WHS8QZahh4","name":"Freddie and Me"}
2026-05-22T19:50:01.176Z [WARN]: [ReviewService] SCRAPER placeId missing; using googleLocationId fallback {"outletId":"fUJCqqTZj6WHS8QZahh4","googleLocationId":"ChIJ5ytFdOthUjoRstynBWlA-EM"}
2026-05-22T19:50:01.177Z [INFO]: [ReviewService] Cooldown active - skipping fetch {"outletId":"fUJCqqTZj6WHS8QZahh4","cooldownMinutes":360,"elapsedMinutes":258}
2026-05-22T19:50:01.177Z [INFO]: [ReviewAutomationJob] Run complete {"outlets":1,"totalFetched":0,"totalNew":0,"totalProcessed":0,"errors":0,"durationMs":436}
2026-05-22T20:00:00.967Z [INFO]: [ReviewAutomationJob] Starting run {}
2026-05-22T20:00:01.367Z [INFO]: [ReviewAutomationJob] Processing 1 active outlet(s) {}
2026-05-22T20:00:01.368Z [INFO]: [ReviewService] Processing outlet {"outletId":"fUJCqqTZj6WHS8QZahh4","name":"Freddie and Me"}
2026-05-22T20:00:01.368Z [WARN]: [ReviewService] SCRAPER placeId missing; using googleLocationId fallback {"outletId":"fUJCqqTZj6WHS8QZahh4","googleLocationId":"ChIJ5ytFdOthUjoRstynBWlA-EM"}
2026-05-22T20:00:01.368Z [INFO]: [ReviewService] Cooldown active - skipping fetch {"outletId":"fUJCqqTZj6WHS8QZahh4","cooldownMinutes":360,"elapsedMinutes":268}
2026-05-22T20:00:01.369Z [INFO]: [ReviewAutomationJob] Run complete {"outlets":1,"totalFetched":0,"totalNew":0,"totalProcessed":0,"errors":0,"durationMs":402}
2026-05-22T20:03:25.284Z [INFO]: [ReviewAutomationJob] Scheduling with pattern: "*/10 * * * *" {}
2026-05-22T20:03:25.296Z [INFO]: [ReviewAutomationJob] Cron started {}
2026-05-22T20:03:25.299Z [INFO]: [Server] HTTP server running on port 3000 {"environment":"production"}
2026-05-22T20:03:43.502Z [INFO]: [Firebase] Admin SDK initialized successfully {}
2026-05-22T20:06:54.714Z [INFO]: [ReviewAutomationJob] Scheduling with pattern: "*/10 * * * *" {}
2026-05-22T20:06:54.726Z [INFO]: [ReviewAutomationJob] Cron started {}
2026-05-22T20:06:54.729Z [INFO]: [Server] HTTP server running on port 3000 {"environment":"production"}
2026-05-22T20:06:55.365Z [INFO]: [Firebase] Admin SDK initialized successfully {}
2026-05-22T20:10:00.970Z [INFO]: [ReviewAutomationJob] Starting run {}
2026-05-22T20:10:01.426Z [INFO]: [ReviewAutomationJob] Processing 1 active outlet(s) {}
2026-05-22T20:10:01.428Z [INFO]: [ReviewService] Processing outlet {"outletId":"fUJCqqTZj6WHS8QZahh4","name":"Freddie and Me"}
2026-05-22T20:10:01.429Z [WARN]: [ReviewService] SCRAPER placeId missing; using googleLocationId fallback {"outletId":"fUJCqqTZj6WHS8QZahh4","googleLocationId":"ChIJ5ytFdOthUjoRstynBWlA-EM"}
2026-05-22T20:10:01.430Z [INFO]: [ReviewService] Cooldown active - skipping fetch {"outletId":"fUJCqqTZj6WHS8QZahh4","cooldownMinutes":360,"elapsedMinutes":278}
2026-05-22T20:10:01.432Z [INFO]: [ReviewAutomationJob] Run complete {"outlets":1,"totalFetched":0,"totalNew":0,"totalProcessed":0,"errors":0,"durationMs":462}
2026-05-22T20:20:00.919Z [INFO]: [ReviewAutomationJob] Starting run {}
2026-05-22T20:20:01.742Z [INFO]: [ReviewAutomationJob] Processing 1 active outlet(s) {}
2026-05-22T20:20:01.743Z [INFO]: [ReviewService] Processing outlet {"outletId":"fUJCqqTZj6WHS8QZahh4","name":"Freddie and Me"}
2026-05-22T20:20:01.744Z [WARN]: [ReviewService] SCRAPER placeId missing; using googleLocationId fallback {"outletId":"fUJCqqTZj6WHS8QZahh4","googleLocationId":"ChIJ5ytFdOthUjoRstynBWlA-EM"}
2026-05-22T20:20:01.745Z [INFO]: [ReviewService] Cooldown active - skipping fetch {"outletId":"fUJCqqTZj6WHS8QZahh4","cooldownMinutes":360,"elapsedMinutes":288}
2026-05-22T20:20:01.746Z [INFO]: [ReviewAutomationJob] Run complete {"outlets":1,"totalFetched":0,"totalNew":0,"totalProcessed":0,"errors":0,"durationMs":827}
2026-05-22T20:30:00.921Z [INFO]: [ReviewAutomationJob] Starting run {}
2026-05-22T20:30:01.779Z [INFO]: [ReviewAutomationJob] Processing 1 active outlet(s) {}
2026-05-22T20:30:01.780Z [INFO]: [ReviewService] Processing outlet {"outletId":"fUJCqqTZj6WHS8QZahh4","name":"Freddie and Me"}
2026-05-22T20:30:01.781Z [WARN]: [ReviewService] SCRAPER placeId missing; using googleLocationId fallback {"outletId":"fUJCqqTZj6WHS8QZahh4","googleLocationId":"ChIJ5ytFdOthUjoRstynBWlA-EM"}
2026-05-22T20:30:01.782Z [INFO]: [ReviewService] Cooldown active - skipping fetch {"outletId":"fUJCqqTZj6WHS8QZahh4","cooldownMinutes":360,"elapsedMinutes":298}
2026-05-22T20:30:01.782Z [INFO]: [ReviewAutomationJob] Run complete {"outlets":1,"totalFetched":0,"totalNew":0,"totalProcessed":0,"errors":0,"durationMs":861}
2026-05-22T20:40:00.957Z [INFO]: [ReviewAutomationJob] Starting run {}
2026-05-22T20:40:01.694Z [INFO]: [ReviewAutomationJob] Processing 1 active outlet(s) {}
2026-05-22T20:40:01.696Z [INFO]: [ReviewService] Processing outlet {"outletId":"fUJCqqTZj6WHS8QZahh4","name":"Freddie and Me"}
2026-05-22T20:40:01.697Z [WARN]: [ReviewService] SCRAPER placeId missing; using googleLocationId fallback {"outletId":"fUJCqqTZj6WHS8QZahh4","googleLocationId":"ChIJ5ytFdOthUjoRstynBWlA-EM"}
2026-05-22T20:40:01.697Z [INFO]: [ReviewService] Cooldown active - skipping fetch {"outletId":"fUJCqqTZj6WHS8QZahh4","cooldownMinutes":360,"elapsedMinutes":308}
2026-05-22T20:40:01.698Z [INFO]: [ReviewAutomationJob] Run complete {"outlets":1,"totalFetched":0,"totalNew":0,"totalProcessed":0,"errors":0,"durationMs":741}
2026-05-22T20:41:30.685Z [INFO]: [ReviewAutomationJob] Scheduling with pattern: "*/10 * * * *" {}
2026-05-22T20:41:30.704Z [INFO]: [ReviewAutomationJob] Cron started {}
2026-05-22T20:41:30.712Z [INFO]: [Server] HTTP server running on port 3000 {"environment":"production"}
2026-05-22T20:41:33.581Z [INFO]: [Firebase] Admin SDK initialized successfully {}
2026-05-22T20:45:23.871Z [INFO]: [ReviewAutomationJob] Scheduling with pattern: "*/10 * * * *" {}
2026-05-22T20:45:23.882Z [INFO]: [ReviewAutomationJob] Cron started {}
2026-05-22T20:45:23.884Z [INFO]: [Server] HTTP server running on port 3000 {"environment":"production"}
2026-05-22T20:45:27.972Z [INFO]: [Firebase] Admin SDK initialized successfully {}
2026-05-22T20:50:00.887Z [INFO]: [ReviewAutomationJob] Starting run {}
2026-05-22T20:50:01.420Z [INFO]: [ReviewAutomationJob] Processing 1 active outlet(s) {}
2026-05-22T20:50:01.423Z [INFO]: [ReviewService] Processing outlet {"outletId":"fUJCqqTZj6WHS8QZahh4","name":"Freddie and Me"}
2026-05-22T20:50:01.425Z [WARN]: [ReviewService] SCRAPER placeId missing; using googleLocationId fallback {"outletId":"fUJCqqTZj6WHS8QZahh4","googleLocationId":"ChIJ5ytFdOthUjoRstynBWlA-EM"}
2026-05-22T20:50:01.426Z [INFO]: [ReviewService] Cooldown active - skipping fetch {"outletId":"fUJCqqTZj6WHS8QZahh4","cooldownMinutes":360,"elapsedMinutes":318}
2026-05-22T20:50:01.427Z [INFO]: [ReviewAutomationJob] Run complete {"outlets":1,"totalFetched":0,"totalNew":0,"totalProcessed":0,"errors":0,"durationMs":540}
2026-05-22T20:50:57.646Z [INFO]: [ReviewAutomationJob] Scheduling with pattern: "*/10 * * * *" {}
2026-05-22T20:50:57.656Z [INFO]: [ReviewAutomationJob] Cron started {}
2026-05-22T20:50:57.659Z [INFO]: [Server] HTTP server running on port 3000 {"environment":"production"}
2026-05-22T20:51:22.240Z [INFO]: [ReviewAutomationJob] Scheduling with pattern: "*/10 * * * *" {}
2026-05-22T20:51:22.251Z [INFO]: [ReviewAutomationJob] Cron started {}
2026-05-22T20:51:22.254Z [INFO]: [Server] HTTP server running on port 3000 {"environment":"production"}
2026-05-22T20:51:22.795Z [INFO]: [Firebase] Admin SDK initialized successfully {}
2026-05-22T20:53:11.494Z [INFO]: [ReviewAutomationJob] Scheduling with pattern: "*/10 * * * *" {}
2026-05-22T20:53:11.503Z [INFO]: [ReviewAutomationJob] Cron started {}
2026-05-22T20:53:11.505Z [INFO]: [Server] HTTP server running on port 3000 {"environment":"production"}
2026-05-22T20:54:41.742Z [INFO]: [ReviewAutomationJob] Scheduling with pattern: "*/10 * * * *" {}
2026-05-22T20:54:41.751Z [INFO]: [ReviewAutomationJob] Cron started {}
2026-05-22T20:54:41.754Z [INFO]: [Server] HTTP server running on port 3000 {"environment":"production"}
2026-05-22T20:54:42.165Z [INFO]: [Firebase] Admin SDK initialized successfully {}
2026-05-22T21:00:00.260Z [INFO]: [ReviewAutomationJob] Starting run {}
2026-05-22T21:00:01.261Z [INFO]: [ReviewAutomationJob] Processing 1 active outlet(s) {}
2026-05-22T21:00:01.264Z [INFO]: [ReviewService] Processing outlet {"outletId":"fUJCqqTZj6WHS8QZahh4","name":"Freddie and Me"}
2026-05-22T21:00:01.265Z [WARN]: [ReviewService] SCRAPER placeId missing; using googleLocationId fallback {"outletId":"fUJCqqTZj6WHS8QZahh4","googleLocationId":"ChIJ5ytFdOthUjoRstynBWlA-EM"}
2026-05-22T21:00:01.267Z [INFO]: [ReviewService] Cooldown active - skipping fetch {"outletId":"fUJCqqTZj6WHS8QZahh4","cooldownMinutes":360,"elapsedMinutes":328}
2026-05-22T21:00:01.268Z [INFO]: [ReviewAutomationJob] Run complete {"outlets":1,"totalFetched":0,"totalNew":0,"totalProcessed":0,"errors":0,"durationMs":1008}
2026-05-22T21:10:00.659Z [INFO]: [ReviewAutomationJob] Starting run {}
2026-05-22T21:10:01.722Z [INFO]: [ReviewAutomationJob] Processing 1 active outlet(s) {}
2026-05-22T21:10:01.724Z [INFO]: [ReviewService] Processing outlet {"outletId":"fUJCqqTZj6WHS8QZahh4","name":"Freddie and Me"}
2026-05-22T21:10:01.724Z [WARN]: [ReviewService] SCRAPER placeId missing; using googleLocationId fallback {"outletId":"fUJCqqTZj6WHS8QZahh4","googleLocationId":"ChIJ5ytFdOthUjoRstynBWlA-EM"}
2026-05-22T21:10:01.725Z [INFO]: [ReviewService] Cooldown active - skipping fetch {"outletId":"fUJCqqTZj6WHS8QZahh4","cooldownMinutes":360,"elapsedMinutes":338}
2026-05-22T21:10:01.726Z [INFO]: [ReviewAutomationJob] Run complete {"outlets":1,"totalFetched":0,"totalNew":0,"totalProcessed":0,"errors":0,"durationMs":1067}
2026-05-22T21:12:27.351Z [INFO]: [Server] Received SIGINT — graceful shutdown initiated {}
2026-05-22T21:12:34.570Z [INFO]: [ReviewAutomationJob] Scheduling with pattern: "*/10 * * * *" {}
2026-05-22T21:12:34.584Z [INFO]: [ReviewAutomationJob] Cron started {}
2026-05-22T21:12:34.590Z [INFO]: [Server] HTTP server running on port 3000 {"environment":"production"}
2026-05-22T21:12:43.564Z [INFO]: [Firebase] Admin SDK initialized successfully {}
2026-05-22T21:15:26.150Z [INFO]: [ReviewAutomationJob] Scheduling with pattern: "*/10 * * * *" {}
2026-05-22T21:15:26.162Z [INFO]: [ReviewAutomationJob] Cron started {}
2026-05-22T21:15:26.166Z [INFO]: [Server] HTTP server running on port 3000 {"environment":"production"}
2026-05-22T21:16:34.670Z [INFO]: [ReviewAutomationJob] Scheduling with pattern: "*/10 * * * *" {}
2026-05-22T21:16:34.681Z [INFO]: [ReviewAutomationJob] Cron started {}
2026-05-22T21:16:34.683Z [INFO]: [Server] HTTP server running on port 3000 {"environment":"production"}
2026-05-22T21:16:37.528Z [INFO]: [Firebase] Admin SDK initialized successfully {}
2026-05-22T21:19:25.797Z [INFO]: [Server] Received SIGINT — graceful shutdown initiated {}
2026-05-23T06:43:05.384Z [INFO]: [ReviewAutomationJob] Scheduling with pattern: "*/10 * * * *" {}
2026-05-23T06:43:05.409Z [INFO]: [ReviewAutomationJob] Cron started {}
2026-05-23T06:43:05.413Z [INFO]: [Server] HTTP server running on port 3000 {"environment":"production"}
2026-05-23T06:49:14.472Z [INFO]: [Firebase] Admin SDK initialized successfully {}
2026-05-23T06:50:00.187Z [INFO]: [ReviewAutomationJob] Starting run {}
2026-05-23T06:50:00.607Z [INFO]: [ReviewAutomationJob] Processing 1 active outlet(s) {}
2026-05-23T06:50:00.610Z [INFO]: [ReviewService] Processing outlet {"outletId":"fUJCqqTZj6WHS8QZahh4","name":"Freddie and Me"}
2026-05-23T06:50:00.611Z [WARN]: [ReviewService] SCRAPER placeId missing; using googleLocationId fallback {"outletId":"fUJCqqTZj6WHS8QZahh4","googleLocationId":"ChIJ5ytFdOthUjoRstynBWlA-EM"}
2026-05-23T06:50:09.680Z [INFO]: [ApifyProvider] Reviews fetched {"outletId":"fUJCqqTZj6WHS8QZahh4","placeId":"ChIJ5ytFdOthUjoRstynBWlA-EM","count":3}
2026-05-23T06:50:10.346Z [INFO]: [ReviewService] New reviews to process {"outletId":"fUJCqqTZj6WHS8QZahh4","fetched":3,"new":0}
2026-05-23T06:50:10.347Z [INFO]: [ReviewAutomationJob] Run complete {"outlets":1,"totalFetched":3,"totalNew":0,"totalProcessed":0,"errors":0,"durationMs":10160}
2026-05-23T07:00:00.022Z [INFO]: [ReviewAutomationJob] Starting run {}
2026-05-23T07:00:00.414Z [INFO]: [ReviewAutomationJob] Processing 1 active outlet(s) {}
2026-05-23T07:00:00.415Z [INFO]: [ReviewService] Processing outlet {"outletId":"fUJCqqTZj6WHS8QZahh4","name":"Freddie and Me"}
2026-05-23T07:00:00.416Z [WARN]: [ReviewService] SCRAPER placeId missing; using googleLocationId fallback {"outletId":"fUJCqqTZj6WHS8QZahh4","googleLocationId":"ChIJ5ytFdOthUjoRstynBWlA-EM"}
2026-05-23T07:00:00.416Z [INFO]: [ReviewService] Cooldown active - skipping fetch {"outletId":"fUJCqqTZj6WHS8QZahh4","cooldownMinutes":360,"elapsedMinutes":10}
2026-05-23T07:00:00.417Z [INFO]: [ReviewAutomationJob] Run complete {"outlets":1,"totalFetched":0,"totalNew":0,"totalProcessed":0,"errors":0,"durationMs":395}
2026-05-23T07:20:00.900Z [INFO]: [ReviewAutomationJob] Starting run {}
2026-05-23T07:20:01.485Z [INFO]: [ReviewAutomationJob] Processing 1 active outlet(s) {}
2026-05-23T07:20:01.486Z [INFO]: [ReviewService] Processing outlet {"outletId":"fUJCqqTZj6WHS8QZahh4","name":"Freddie and Me"}
2026-05-23T07:20:01.487Z [WARN]: [ReviewService] SCRAPER placeId missing; using googleLocationId fallback {"outletId":"fUJCqqTZj6WHS8QZahh4","googleLocationId":"ChIJ5ytFdOthUjoRstynBWlA-EM"}
2026-05-23T07:20:01.488Z [INFO]: [ReviewService] Cooldown active - skipping fetch {"outletId":"fUJCqqTZj6WHS8QZahh4","cooldownMinutes":360,"elapsedMinutes":30}
2026-05-23T07:20:01.489Z [INFO]: [ReviewAutomationJob] Run complete {"outlets":1,"totalFetched":0,"totalNew":0,"totalProcessed":0,"errors":0,"durationMs":589}
2026-05-23T07:30:00.448Z [INFO]: [ReviewAutomationJob] Starting run {}
2026-05-23T07:30:00.847Z [INFO]: [ReviewAutomationJob] Processing 1 active outlet(s) {}
2026-05-23T07:30:00.848Z [INFO]: [ReviewService] Processing outlet {"outletId":"fUJCqqTZj6WHS8QZahh4","name":"Freddie and Me"}
2026-05-23T07:30:00.848Z [WARN]: [ReviewService] SCRAPER placeId missing; using googleLocationId fallback {"outletId":"fUJCqqTZj6WHS8QZahh4","googleLocationId":"ChIJ5ytFdOthUjoRstynBWlA-EM"}
2026-05-23T07:30:00.849Z [INFO]: [ReviewService] Cooldown active - skipping fetch {"outletId":"fUJCqqTZj6WHS8QZahh4","cooldownMinutes":360,"elapsedMinutes":40}
2026-05-23T07:30:00.850Z [INFO]: [ReviewAutomationJob] Run complete {"outlets":1,"totalFetched":0,"totalNew":0,"totalProcessed":0,"errors":0,"durationMs":402}
2026-05-23T07:40:00.122Z [INFO]: [ReviewAutomationJob] Starting run {}
2026-05-23T07:40:00.922Z [INFO]: [ReviewAutomationJob] Processing 1 active outlet(s) {}
2026-05-23T07:40:00.926Z [INFO]: [ReviewService] Processing outlet {"outletId":"fUJCqqTZj6WHS8QZahh4","name":"Freddie and Me"}
2026-05-23T07:40:00.929Z [WARN]: [ReviewService] SCRAPER placeId missing; using googleLocationId fallback {"outletId":"fUJCqqTZj6WHS8QZahh4","googleLocationId":"ChIJ5ytFdOthUjoRstynBWlA-EM"}
2026-05-23T07:40:00.939Z [INFO]: [ReviewService] Cooldown active - skipping fetch {"outletId":"fUJCqqTZj6WHS8QZahh4","cooldownMinutes":360,"elapsedMinutes":50}
2026-05-23T07:40:00.949Z [INFO]: [ReviewAutomationJob] Run complete {"outlets":1,"totalFetched":0,"totalNew":0,"totalProcessed":0,"errors":0,"durationMs":827}
2026-05-23T07:48:28.761Z [INFO]: [ReviewAutomationJob] Scheduling with pattern: "*/10 * * * *" {}
2026-05-23T07:48:28.776Z [INFO]: [ReviewAutomationJob] Cron started {}
2026-05-23T07:48:28.779Z [INFO]: [Server] HTTP server running on port 3000 {"environment":"production"}
2026-05-23T07:49:01.134Z [INFO]: [ReviewAutomationJob] Scheduling with pattern: "*/10 * * * *" {}
2026-05-23T07:49:01.145Z [INFO]: [ReviewAutomationJob] Cron started {}
2026-05-23T07:49:01.147Z [INFO]: [Server] HTTP server running on port 3000 {"environment":"production"}
2026-05-23T07:49:45.947Z [WARN]: [AdminRoute] Apify credits lookup failed {"error":"Request failed with status code 404"}
2026-05-23T07:50:00.700Z [INFO]: [ReviewAutomationJob] Starting run {}
2026-05-23T07:50:01.215Z [INFO]: [Firebase] Admin SDK initialized successfully {}
2026-05-23T07:50:02.682Z [WARN]: [AdminRoute] Apify credits lookup failed {"error":"Request failed with status code 404"}
2026-05-23T07:50:02.725Z [INFO]: [ReviewAutomationJob] Processing 1 active outlet(s) {}
2026-05-23T07:50:02.727Z [INFO]: [ReviewService] Processing outlet {"outletId":"fUJCqqTZj6WHS8QZahh4","name":"Freddie and Me"}
2026-05-23T07:50:02.728Z [WARN]: [ReviewService] SCRAPER placeId missing; using googleLocationId fallback {"outletId":"fUJCqqTZj6WHS8QZahh4","googleLocationId":"ChIJ5ytFdOthUjoRstynBWlA-EM"}
2026-05-23T07:50:02.729Z [INFO]: [ReviewService] Cooldown active - skipping fetch {"outletId":"fUJCqqTZj6WHS8QZahh4","cooldownMinutes":360,"elapsedMinutes":60}
2026-05-23T07:50:02.730Z [INFO]: [ReviewAutomationJob] Run complete {"outlets":1,"totalFetched":0,"totalNew":0,"totalProcessed":0,"errors":0,"durationMs":2031}
2026-05-23T07:51:41.681Z [WARN]: [AdminRoute] Apify credits lookup failed {"error":"Request failed with status code 404"}
2026-05-23T07:52:03.979Z [INFO]: [ReviewAutomationJob] Scheduling with pattern: "*/10 * * * *" {}
2026-05-23T07:52:03.991Z [INFO]: [ReviewAutomationJob] Cron started {}
2026-05-23T07:52:03.994Z [INFO]: [Server] HTTP server running on port 3000 {"environment":"production"}
2026-05-23T07:53:32.646Z [INFO]: [ReviewAutomationJob] Scheduling with pattern: "*/10 * * * *" {}
2026-05-23T07:53:32.658Z [INFO]: [ReviewAutomationJob] Cron started {}
2026-05-23T07:53:32.662Z [INFO]: [Server] HTTP server running on port 3000 {"environment":"production"}
2026-05-23T07:53:46.562Z [WARN]: [AdminRoute] Apify credits lookup failed {"error":"Request failed with status code 404"}
2026-05-23T07:53:46.945Z [WARN]: [AdminRoute] OpenAI credits lookup failed {"error":"Request failed with status code 401"}
2026-05-23T07:53:50.419Z [WARN]: [AdminRoute] Apify credits lookup failed {"error":"Request failed with status code 404"}
2026-05-23T07:53:50.724Z [WARN]: [AdminRoute] OpenAI credits lookup failed {"error":"Request failed with status code 401"}
2026-05-23T07:54:55.804Z [WARN]: [AdminRoute] Apify credits lookup failed {"error":"Request failed with status code 404"}
2026-05-23T07:54:56.195Z [WARN]: [AdminRoute] OpenAI credits lookup failed {"error":"Request failed with status code 401"}
2026-05-23T07:56:37.928Z [WARN]: [AdminRoute] Apify credits lookup failed {"error":"Request failed with status code 404"}
2026-05-23T07:56:38.356Z [WARN]: [AdminRoute] OpenAI credits lookup failed {"error":"Request failed with status code 401"}
2026-05-23T07:56:46.447Z [WARN]: [AdminRoute] Apify credits lookup failed {"error":"Request failed with status code 404"}
2026-05-23T07:56:46.848Z [WARN]: [AdminRoute] OpenAI credits lookup failed {"error":"Request failed with status code 401"}
2026-05-23T07:57:42.379Z [INFO]: [ReviewAutomationJob] Scheduling with pattern: "*/10 * * * *" {}
2026-05-23T07:57:42.388Z [INFO]: [ReviewAutomationJob] Cron started {}
2026-05-23T07:57:42.390Z [INFO]: [Server] HTTP server running on port 3000 {"environment":"production"}
2026-05-23T07:57:46.112Z [WARN]: [AdminRoute] Apify credits lookup failed {"error":"Request failed with status code 404"}
2026-05-23T07:57:46.636Z [WARN]: [AdminRoute] OpenAI credits lookup failed {"error":"Request failed with status code 401"}
2026-05-23T07:58:01.151Z [INFO]: [ReviewAutomationJob] Scheduling with pattern: "*/10 * * * *" {}
2026-05-23T07:58:01.162Z [INFO]: [ReviewAutomationJob] Cron started {}
2026-05-23T07:58:01.164Z [INFO]: [Server] HTTP server running on port 3000 {"environment":"production"}
2026-05-23T07:58:07.402Z [INFO]: [ReviewAutomationJob] Scheduling with pattern: "*/10 * * * *" {}
2026-05-23T07:58:07.412Z [INFO]: [ReviewAutomationJob] Cron started {}
2026-05-23T07:58:07.415Z [INFO]: [Server] HTTP server running on port 3000 {"environment":"production"}
2026-05-23T07:58:16.793Z [WARN]: [AdminRoute] Apify credits lookup failed {"error":"Request failed with status code 404"}
2026-05-23T07:58:17.194Z [WARN]: [AdminRoute] OpenAI credits lookup failed {"error":"Request failed with status code 401"}
2026-05-23T07:58:40.375Z [INFO]: [ReviewAutomationJob] Scheduling with pattern: "*/10 * * * *" {}
2026-05-23T07:58:40.385Z [INFO]: [ReviewAutomationJob] Cron started {}
2026-05-23T07:58:40.390Z [INFO]: [Server] HTTP server running on port 3000 {"environment":"production"}
2026-05-23T07:58:46.665Z [WARN]: [AdminRoute] Apify credits lookup failed {"error":"Request failed with status code 404"}
2026-05-23T07:58:47.102Z [WARN]: [AdminRoute] OpenAI credits lookup failed {"error":"Request failed with status code 401"}
2026-05-23T08:00:00.156Z [INFO]: [ReviewAutomationJob] Starting run {}
2026-05-23T08:00:00.406Z [INFO]: [Firebase] Admin SDK initialized successfully {}
2026-05-23T08:00:01.748Z [INFO]: [ReviewAutomationJob] Processing 1 active outlet(s) {}
2026-05-23T08:00:01.750Z [INFO]: [ReviewService] Processing outlet {"outletId":"fUJCqqTZj6WHS8QZahh4","name":"Freddie and Me"}
2026-05-23T08:00:01.751Z [WARN]: [ReviewService] SCRAPER placeId missing; using googleLocationId fallback {"outletId":"fUJCqqTZj6WHS8QZahh4","googleLocationId":"ChIJ5ytFdOthUjoRstynBWlA-EM"}
2026-05-23T08:00:01.752Z [INFO]: [ReviewService] Cooldown active - skipping fetch {"outletId":"fUJCqqTZj6WHS8QZahh4","cooldownMinutes":360,"elapsedMinutes":70}
2026-05-23T08:00:01.753Z [INFO]: [ReviewAutomationJob] Run complete {"outlets":1,"totalFetched":0,"totalNew":0,"totalProcessed":0,"errors":0,"durationMs":1597}
2026-05-23T08:02:27.181Z [INFO]: [ReviewAutomationJob] Scheduling with pattern: "*/10 * * * *" {}
2026-05-23T08:02:27.190Z [INFO]: [ReviewAutomationJob] Cron started {}
2026-05-23T08:02:27.193Z [INFO]: [Server] HTTP server running on port 3000 {"environment":"production"}
2026-05-23T08:02:45.421Z [WARN]: [AdminRoute] OpenAI usage lookup failed {"error":{"error":{"message":"Incorrect API key provided: sk-live-************************************************************ee08. You can find your API key at https://platform.openai.com/account/api-keys.","type":"invalid_request_error","param":null,"code":"invalid_api_key"}}}
2026-05-23T08:03:32.813Z [WARN]: [AdminRoute] OpenAI usage lookup failed {"error":{"error":{"message":"Incorrect API key provided: sk-live-************************************************************ee08. You can find your API key at https://platform.openai.com/account/api-keys.","type":"invalid_request_error","param":null,"code":"invalid_api_key"}}}
2026-05-23T08:03:41.028Z [INFO]: [Server] Received SIGINT — graceful shutdown initiated {}
2026-05-23T08:03:45.282Z [INFO]: [ReviewAutomationJob] Scheduling with pattern: "*/10 * * * *" {}
2026-05-23T08:03:45.292Z [INFO]: [ReviewAutomationJob] Cron started {}
2026-05-23T08:03:45.295Z [INFO]: [Server] HTTP server running on port 3000 {"environment":"production"}
2026-05-23T08:03:49.607Z [WARN]: [AdminRoute] OpenAI usage lookup failed {"error":{"error":"You have insufficient permissions for this operation. Missing scopes: api.usage.read. Check that you have the correct role in your organization, and if you're using a restricted API key, that it has the necessary scopes."}}
2026-05-23T08:08:35.948Z [INFO]: [ReviewAutomationJob] Scheduling with pattern: "*/10 * * * *" {}
2026-05-23T08:08:35.957Z [INFO]: [ReviewAutomationJob] Cron started {}
2026-05-23T08:08:35.960Z [INFO]: [Server] HTTP server running on port 3000 {"environment":"production"}
2026-05-23T08:08:40.767Z [INFO]: [ReviewAutomationJob] Scheduling with pattern: "*/10 * * * *" {}
2026-05-23T08:08:40.776Z [INFO]: [ReviewAutomationJob] Cron started {}
2026-05-23T08:08:40.779Z [INFO]: [Server] HTTP server running on port 3000 {"environment":"production"}
2026-05-23T08:08:43.933Z [INFO]: [ReviewAutomationJob] Scheduling with pattern: "*/10 * * * *" {}
2026-05-23T08:08:43.944Z [INFO]: [ReviewAutomationJob] Cron started {}
2026-05-23T08:08:43.947Z [INFO]: [Server] HTTP server running on port 3000 {"environment":"production"}
2026-05-23T08:08:50.566Z [WARN]: [AdminRoute] AI Credits lookup failed {"error":"404 page not found\n"}
2026-05-23T08:10:00.671Z [INFO]: [ReviewAutomationJob] Starting run {}
2026-05-23T08:10:00.950Z [INFO]: [Firebase] Admin SDK initialized successfully {}
2026-05-23T08:10:04.820Z [INFO]: [ReviewAutomationJob] Scheduling with pattern: "*/10 * * * *" {}
2026-05-23T08:10:04.830Z [INFO]: [ReviewAutomationJob] Cron started {}
2026-05-23T08:10:04.834Z [INFO]: [Server] HTTP server running on port 3000 {"environment":"production"}
2026-05-23T08:10:15.883Z [WARN]: [AdminRoute] AI Credits lookup failed {"error":"404 page not found\n"}
2026-05-23T08:11:10.642Z [INFO]: [ReviewAutomationJob] Scheduling with pattern: "*/10 * * * *" {}
2026-05-23T08:11:10.652Z [INFO]: [ReviewAutomationJob] Cron started {}
2026-05-23T08:11:10.654Z [INFO]: [Server] HTTP server running on port 3000 {"environment":"production"}
2026-05-23T08:11:14.894Z [WARN]: [AdminRoute] AI Credits lookup failed {"error":"404 page not found\n"}
2026-05-23T08:11:34.361Z [INFO]: [ReviewAutomationJob] Scheduling with pattern: "*/10 * * * *" {}
2026-05-23T08:11:34.373Z [INFO]: [ReviewAutomationJob] Cron started {}
2026-05-23T08:11:34.376Z [INFO]: [Server] HTTP server running on port 3000 {"environment":"production"}
2026-05-23T08:11:38.356Z [INFO]: [ReviewAutomationJob] Scheduling with pattern: "*/10 * * * *" {}
2026-05-23T08:11:38.366Z [INFO]: [ReviewAutomationJob] Cron started {}
2026-05-23T08:11:38.369Z [INFO]: [Server] HTTP server running on port 3000 {"environment":"production"}
2026-05-23T08:11:42.050Z [INFO]: [ReviewAutomationJob] Scheduling with pattern: "*/10 * * * *" {}
2026-05-23T08:11:42.059Z [INFO]: [ReviewAutomationJob] Cron started {}
2026-05-23T08:11:42.062Z [INFO]: [Server] HTTP server running on port 3000 {"environment":"production"}
2026-05-23T08:11:46.020Z [WARN]: [AdminRoute] AI Credits lookup failed {"error":"404 page not found\n"}
2026-05-23T08:13:52.058Z [INFO]: [ReviewAutomationJob] Scheduling with pattern: "*/10 * * * *" {}
2026-05-23T08:13:52.067Z [INFO]: [ReviewAutomationJob] Cron started {}
2026-05-23T08:13:52.070Z [INFO]: [Server] HTTP server running on port 3000 {"environment":"production"}
2026-05-23T08:13:58.304Z [WARN]: [AdminRoute] AI Credits lookup failed {"error":"404 page not found\n"}
2026-05-23T08:14:26.302Z [INFO]: [ReviewAutomationJob] Scheduling with pattern: "*/10 * * * *" {}
2026-05-23T08:14:26.311Z [INFO]: [ReviewAutomationJob] Cron started {}
2026-05-23T08:14:26.315Z [INFO]: [Server] HTTP server running on port 3000 {"environment":"production"}
2026-05-23T08:14:36.448Z [INFO]: [ReviewAutomationJob] Scheduling with pattern: "*/10 * * * *" {}
2026-05-23T08:14:36.457Z [INFO]: [ReviewAutomationJob] Cron started {}
2026-05-23T08:14:36.460Z [INFO]: [Server] HTTP server running on port 3000 {"environment":"production"}
2026-05-23T08:15:41.743Z [INFO]: [ReviewAutomationJob] Scheduling with pattern: "*/10 * * * *" {}
2026-05-23T08:15:41.752Z [INFO]: [ReviewAutomationJob] Cron started {}
2026-05-23T08:15:41.755Z [INFO]: [Server] HTTP server running on port 3000 {"environment":"production"}
2026-05-23T08:16:59.768Z [INFO]: [ReviewAutomationJob] Scheduling with pattern: "*/10 * * * *" {}
2026-05-23T08:16:59.779Z [INFO]: [ReviewAutomationJob] Cron started {}
2026-05-23T08:16:59.782Z [INFO]: [Server] HTTP server running on port 3000 {"environment":"production"}
2026-05-23T08:17:07.438Z [INFO]: [ReviewAutomationJob] Scheduling with pattern: "*/10 * * * *" {}
2026-05-23T08:17:07.453Z [INFO]: [ReviewAutomationJob] Cron started {}
2026-05-23T08:17:07.455Z [INFO]: [Server] HTTP server running on port 3000 {"environment":"production"}
2026-05-23T08:17:11.954Z [INFO]: [ReviewAutomationJob] Scheduling with pattern: "*/10 * * * *" {}
2026-05-23T08:17:11.965Z [INFO]: [ReviewAutomationJob] Cron started {}
2026-05-23T08:17:11.969Z [INFO]: [Server] HTTP server running on port 3000 {"environment":"production"}
2026-05-23T08:17:18.187Z [INFO]: [ReviewAutomationJob] Scheduling with pattern: "*/10 * * * *" {}
2026-05-23T08:17:18.196Z [INFO]: [ReviewAutomationJob] Cron started {}
2026-05-23T08:17:18.199Z [INFO]: [Server] HTTP server running on port 3000 {"environment":"production"}
2026-05-23T08:17:51.755Z [INFO]: [ReviewAutomationJob] Scheduling with pattern: "*/10 * * * *" {}
2026-05-23T08:17:51.765Z [INFO]: [ReviewAutomationJob] Cron started {}
2026-05-23T08:17:51.768Z [INFO]: [Server] HTTP server running on port 3000 {"environment":"production"}
2026-05-23T08:20:00.021Z [INFO]: [ReviewAutomationJob] Starting run {}
2026-05-23T08:20:00.322Z [INFO]: [Firebase] Admin SDK initialized successfully {}
2026-05-23T08:20:01.465Z [INFO]: [ReviewAutomationJob] Processing 1 active outlet(s) {}
2026-05-23T08:20:01.468Z [INFO]: [ReviewService] Processing outlet {"outletId":"fUJCqqTZj6WHS8QZahh4","name":"Freddie and Me"}
2026-05-23T08:20:01.468Z [WARN]: [ReviewService] SCRAPER placeId missing; using googleLocationId fallback {"outletId":"fUJCqqTZj6WHS8QZahh4","googleLocationId":"ChIJ5ytFdOthUjoRstynBWlA-EM"}
2026-05-23T08:20:01.469Z [INFO]: [ReviewService] Cooldown active - skipping fetch {"outletId":"fUJCqqTZj6WHS8QZahh4","cooldownMinutes":360,"elapsedMinutes":90}
2026-05-23T08:20:01.470Z [INFO]: [ReviewAutomationJob] Run complete {"outlets":1,"totalFetched":0,"totalNew":0,"totalProcessed":0,"errors":0,"durationMs":1449}
2026-05-23T08:30:00.050Z [INFO]: [ReviewAutomationJob] Starting run {}
2026-05-23T08:30:00.645Z [INFO]: [ReviewAutomationJob] Processing 1 active outlet(s) {}
2026-05-23T08:30:00.645Z [INFO]: [ReviewService] Processing outlet {"outletId":"fUJCqqTZj6WHS8QZahh4","name":"Freddie and Me"}
2026-05-23T08:30:00.646Z [WARN]: [ReviewService] SCRAPER placeId missing; using googleLocationId fallback {"outletId":"fUJCqqTZj6WHS8QZahh4","googleLocationId":"ChIJ5ytFdOthUjoRstynBWlA-EM"}
2026-05-23T08:30:00.646Z [INFO]: [ReviewService] Cooldown active - skipping fetch {"outletId":"fUJCqqTZj6WHS8QZahh4","cooldownMinutes":360,"elapsedMinutes":100}
2026-05-23T08:30:00.647Z [INFO]: [ReviewAutomationJob] Run complete {"outlets":1,"totalFetched":0,"totalNew":0,"totalProcessed":0,"errors":0,"durationMs":597}
2026-05-23T08:31:27.638Z [INFO]: [ReviewAutomationJob] Scheduling with pattern: "*/10 * * * *" {}
2026-05-23T08:31:27.658Z [INFO]: [ReviewAutomationJob] Cron started {}
2026-05-23T08:31:27.662Z [INFO]: [Server] HTTP server running on port 3000 {"environment":"production"}
2026-05-23T08:31:38.183Z [INFO]: [ReviewAutomationJob] Scheduling with pattern: "*/10 * * * *" {}
2026-05-23T08:31:38.203Z [INFO]: [ReviewAutomationJob] Cron started {}
2026-05-23T08:31:38.206Z [INFO]: [Server] HTTP server running on port 3000 {"environment":"production"}
2026-05-23T08:31:55.430Z [INFO]: [ReviewAutomationJob] Scheduling with pattern: "*/10 * * * *" {}
2026-05-23T08:31:55.440Z [INFO]: [ReviewAutomationJob] Cron started {}
2026-05-23T08:31:55.443Z [INFO]: [Server] HTTP server running on port 3000 {"environment":"production"}
2026-05-23T08:40:00.140Z [INFO]: [ReviewAutomationJob] Starting run {}
2026-05-23T08:40:00.473Z [INFO]: [Firebase] Admin SDK initialized successfully {}
2026-05-23T08:40:01.832Z [INFO]: [ReviewAutomationJob] Processing 1 active outlet(s) {}
2026-05-23T08:40:01.834Z [INFO]: [ReviewService] Processing outlet {"outletId":"fUJCqqTZj6WHS8QZahh4","name":"Freddie and Me"}
2026-05-23T08:40:01.835Z [WARN]: [ReviewService] SCRAPER placeId missing; using googleLocationId fallback {"outletId":"fUJCqqTZj6WHS8QZahh4","googleLocationId":"ChIJ5ytFdOthUjoRstynBWlA-EM"}
2026-05-23T08:40:01.836Z [INFO]: [ReviewService] Cooldown active - skipping fetch {"outletId":"fUJCqqTZj6WHS8QZahh4","cooldownMinutes":360,"elapsedMinutes":110}
2026-05-23T08:40:01.838Z [INFO]: [ReviewAutomationJob] Run complete {"outlets":1,"totalFetched":0,"totalNew":0,"totalProcessed":0,"errors":0,"durationMs":1698}
2026-05-23T08:45:18.994Z [INFO]: [ReviewAutomationJob] Scheduling with pattern: "*/10 * * * *" {}
2026-05-23T08:45:19.007Z [INFO]: [ReviewAutomationJob] Cron started {}
2026-05-23T08:45:19.010Z [INFO]: [Server] HTTP server running on port 3000 {"environment":"production"}
2026-05-23T08:45:53.168Z [INFO]: [ReviewAutomationJob] Scheduling with pattern: "*/10 * * * *" {}
2026-05-23T08:45:53.177Z [INFO]: [ReviewAutomationJob] Cron started {}
2026-05-23T08:45:53.180Z [INFO]: [Server] HTTP server running on port 3000 {"environment":"production"}
2026-05-23T08:45:59.164Z [INFO]: [ReviewAutomationJob] Scheduling with pattern: "*/10 * * * *" {}
2026-05-23T08:45:59.173Z [INFO]: [ReviewAutomationJob] Cron started {}
2026-05-23T08:45:59.177Z [INFO]: [Server] HTTP server running on port 3000 {"environment":"production"}
2026-05-23T08:50:00.672Z [INFO]: [ReviewAutomationJob] Starting run {}
2026-05-23T08:50:00.955Z [INFO]: [Firebase] Admin SDK initialized successfully {}
2026-05-23T08:50:02.086Z [INFO]: [ReviewAutomationJob] Processing 1 active outlet(s) {}
2026-05-23T08:50:02.089Z [INFO]: [ReviewService] Processing outlet {"outletId":"fUJCqqTZj6WHS8QZahh4","name":"Freddie and Me"}
2026-05-23T08:50:02.090Z [WARN]: [ReviewService] SCRAPER placeId missing; using googleLocationId fallback {"outletId":"fUJCqqTZj6WHS8QZahh4","googleLocationId":"ChIJ5ytFdOthUjoRstynBWlA-EM"}
2026-05-23T08:50:02.091Z [INFO]: [ReviewService] Cooldown active - skipping fetch {"outletId":"fUJCqqTZj6WHS8QZahh4","cooldownMinutes":360,"elapsedMinutes":120}
2026-05-23T08:50:02.092Z [INFO]: [ReviewAutomationJob] Run complete {"outlets":1,"totalFetched":0,"totalNew":0,"totalProcessed":0,"errors":0,"durationMs":1420}
2026-05-23T09:00:00.956Z [INFO]: [ReviewAutomationJob] Starting run {}
2026-05-23T09:00:01.282Z [INFO]: [ReviewAutomationJob] Processing 1 active outlet(s) {}
2026-05-23T09:00:01.283Z [INFO]: [ReviewService] Processing outlet {"outletId":"fUJCqqTZj6WHS8QZahh4","name":"Freddie and Me"}
2026-05-23T09:00:01.284Z [WARN]: [ReviewService] SCRAPER placeId missing; using googleLocationId fallback {"outletId":"fUJCqqTZj6WHS8QZahh4","googleLocationId":"ChIJ5ytFdOthUjoRstynBWlA-EM"}
2026-05-23T09:00:01.284Z [INFO]: [ReviewService] Cooldown active - skipping fetch {"outletId":"fUJCqqTZj6WHS8QZahh4","cooldownMinutes":360,"elapsedMinutes":130}
2026-05-23T09:00:01.285Z [INFO]: [ReviewAutomationJob] Run complete {"outlets":1,"totalFetched":0,"totalNew":0,"totalProcessed":0,"errors":0,"durationMs":329}
2026-05-23T09:02:13.705Z [INFO]: [ReviewService] Processing outlet {"outletId":"fUJCqqTZj6WHS8QZahh4","name":"Freddie and Me"}
2026-05-23T09:02:13.706Z [WARN]: [ReviewService] SCRAPER placeId missing; using googleLocationId fallback {"outletId":"fUJCqqTZj6WHS8QZahh4","googleLocationId":"ChIJ5ytFdOthUjoRstynBWlA-EM"}
2026-05-23T09:02:23.416Z [INFO]: [ApifyProvider] Reviews fetched {"outletId":"fUJCqqTZj6WHS8QZahh4","placeId":"ChIJ5ytFdOthUjoRstynBWlA-EM","count":4}
2026-05-23T09:02:23.903Z [INFO]: [ReviewService] New reviews to process {"outletId":"fUJCqqTZj6WHS8QZahh4","fetched":4,"new":4}
2026-05-23T09:02:27.693Z [INFO]: [ReviewService] Reply saved for posting {"outletId":"fUJCqqTZj6WHS8QZahh4","reviewId":"7e3bf5a57949ccef6bdf534471442c1d2c7c11b3c2d3d4b6ad75881420a23704","rating":4}
2026-05-23T09:02:35.995Z [INFO]: [WhatsApp] Alert sent to manager {"to":"+919384926154","outletName":"Freddie and Me","rating":2,"provider":"twilio"}
2026-05-23T09:02:36.239Z [INFO]: [ReviewService] Review escalated {"outletId":"fUJCqqTZj6WHS8QZahh4","reviewId":"7994463f915846156accc019931a9c0b103cbe87066c31a7b4fde0484394393f","rating":2}
2026-05-23T09:02:49.545Z [INFO]: [ReviewService] Reply saved for posting {"outletId":"fUJCqqTZj6WHS8QZahh4","reviewId":"da29965f3e81bcf5533242cb1435d70d098c92438a557143da7e4dd64e2941d9","rating":4}
2026-05-23T09:03:01.705Z [INFO]: [ReviewService] Reply saved for posting {"outletId":"fUJCqqTZj6WHS8QZahh4","reviewId":"97e79db802cb2e98acfe22478a9c0cb81110678d1babc073ac18f38af0c319d4","rating":5}
2026-05-23T09:08:56.350Z [INFO]: [ReviewAutomationJob] Scheduling with pattern: "*/10 * * * *" {}
2026-05-23T09:08:56.361Z [INFO]: [ReviewAutomationJob] Cron started {}
2026-05-23T09:08:56.364Z [INFO]: [Server] HTTP server running on port 3000 {"environment":"production"}
2026-05-23T09:09:06.100Z [INFO]: [ReviewAutomationJob] Scheduling with pattern: "*/10 * * * *" {}
2026-05-23T09:09:06.110Z [INFO]: [ReviewAutomationJob] Cron started {}
2026-05-23T09:09:06.112Z [INFO]: [Server] HTTP server running on port 3000 {"environment":"production"}
2026-05-23T09:09:25.309Z [INFO]: [ReviewAutomationJob] Scheduling with pattern: "*/10 * * * *" {}
2026-05-23T09:09:25.319Z [INFO]: [ReviewAutomationJob] Cron started {}
2026-05-23T09:09:25.321Z [INFO]: [Server] HTTP server running on port 3000 {"environment":"production"}
2026-05-23T09:10:00.741Z [INFO]: [ReviewAutomationJob] Starting run {}
2026-05-23T09:10:01.003Z [INFO]: [Firebase] Admin SDK initialized successfully {}
2026-05-23T09:10:02.282Z [INFO]: [ReviewAutomationJob] Processing 1 active outlet(s) {}
2026-05-23T09:10:02.284Z [INFO]: [ReviewService] Processing outlet {"outletId":"fUJCqqTZj6WHS8QZahh4","name":"Freddie and Me"}
2026-05-23T09:10:02.285Z [WARN]: [ReviewService] SCRAPER placeId missing; using googleLocationId fallback {"outletId":"fUJCqqTZj6WHS8QZahh4","googleLocationId":"ChIJ5ytFdOthUjoRstynBWlA-EM"}
2026-05-23T09:10:02.286Z [INFO]: [ReviewService] Cooldown active - skipping fetch {"outletId":"fUJCqqTZj6WHS8QZahh4","cooldownMinutes":360,"elapsedMinutes":8}
2026-05-23T09:10:02.287Z [INFO]: [ReviewAutomationJob] Run complete {"outlets":1,"totalFetched":0,"totalNew":0,"totalProcessed":0,"errors":0,"durationMs":1545}
2026-05-23T09:11:54.091Z [INFO]: [Server] Received SIGINT — graceful shutdown initiated {}
2026-05-23T15:44:36.704Z [INFO]: [ReviewAutomationJob] Scheduling with pattern: "*/10 * * * *" {}
2026-05-23T15:44:36.714Z [INFO]: [ReviewAutomationJob] Cron started {}
2026-05-23T15:44:36.717Z [INFO]: [Server] HTTP server running on port 3000 {"environment":"production"}
2026-05-23T15:46:36.583Z [INFO]: [Firebase] Admin SDK initialized successfully {}
2026-05-23T15:47:34.239Z [INFO]: [Server] Received SIGINT — graceful shutdown initiated {}
2026-05-23T15:47:39.795Z [INFO]: [ReviewAutomationJob] Scheduling with pattern: "*/10 * * * *" {}
2026-05-23T15:47:39.808Z [INFO]: [ReviewAutomationJob] Cron started {}
2026-05-23T15:47:39.812Z [INFO]: [Server] HTTP server running on port 3000 {"environment":"production"}
2026-05-23T15:47:52.625Z [INFO]: [Firebase] Admin SDK initialized successfully {}
2026-05-23T15:50:00.845Z [INFO]: [ReviewAutomationJob] Starting run {}
2026-05-23T15:50:01.358Z [INFO]: [ReviewAutomationJob] Processing 1 active outlet(s) {}
2026-05-23T15:50:01.361Z [INFO]: [ReviewService] Processing outlet {"outletId":"fUJCqqTZj6WHS8QZahh4","name":"Freddie and Me"}
2026-05-23T15:50:01.362Z [WARN]: [ReviewService] SCRAPER placeId missing; using googleLocationId fallback {"outletId":"fUJCqqTZj6WHS8QZahh4","googleLocationId":"ChIJ5ytFdOthUjoRstynBWlA-EM"}
2026-05-23T15:50:10.270Z [INFO]: [ApifyProvider] Reviews fetched {"outletId":"fUJCqqTZj6WHS8QZahh4","placeId":"ChIJ5ytFdOthUjoRstynBWlA-EM","count":4}
2026-05-23T15:50:11.181Z [INFO]: [ReviewService] New reviews to process {"outletId":"fUJCqqTZj6WHS8QZahh4","fetched":4,"new":0}
2026-05-23T15:50:11.182Z [INFO]: [ReviewAutomationJob] Run complete {"outlets":1,"totalFetched":4,"totalNew":0,"totalProcessed":0,"errors":0,"durationMs":10338}
2026-05-23T16:02:56.732Z [ERROR]: [AdminRoute] Failed to fetch outlets {"error":"14 UNAVAILABLE: No connection established. Last error: Error: connect ETIMEDOUT 142.251.223.170:443. Resolution note: "}
2026-05-23T16:10:00.052Z [INFO]: [ReviewAutomationJob] Starting run {}
2026-05-23T16:10:00.518Z [INFO]: [ReviewAutomationJob] Processing 1 active outlet(s) {}
2026-05-23T16:10:00.519Z [INFO]: [ReviewService] Processing outlet {"outletId":"fUJCqqTZj6WHS8QZahh4","name":"Freddie and Me"}
2026-05-23T16:10:00.520Z [WARN]: [ReviewService] SCRAPER placeId missing; using googleLocationId fallback {"outletId":"fUJCqqTZj6WHS8QZahh4","googleLocationId":"ChIJ5ytFdOthUjoRstynBWlA-EM"}
2026-05-23T16:10:00.521Z [INFO]: [ReviewService] Cooldown active - skipping fetch {"outletId":"fUJCqqTZj6WHS8QZahh4","cooldownMinutes":360,"elapsedMinutes":20}
2026-05-23T16:10:00.522Z [INFO]: [ReviewAutomationJob] Run complete {"outlets":1,"totalFetched":0,"totalNew":0,"totalProcessed":0,"errors":0,"durationMs":470}
2026-05-23T16:20:00.811Z [INFO]: [ReviewAutomationJob] Starting run {}
2026-05-23T16:20:01.784Z [INFO]: [ReviewAutomationJob] Processing 1 active outlet(s) {}
2026-05-23T16:20:01.785Z [INFO]: [ReviewService] Processing outlet {"outletId":"fUJCqqTZj6WHS8QZahh4","name":"Freddie and Me"}
2026-05-23T16:20:01.785Z [WARN]: [ReviewService] SCRAPER placeId missing; using googleLocationId fallback {"outletId":"fUJCqqTZj6WHS8QZahh4","googleLocationId":"ChIJ5ytFdOthUjoRstynBWlA-EM"}
2026-05-23T16:20:01.785Z [INFO]: [ReviewService] Cooldown active - skipping fetch {"outletId":"fUJCqqTZj6WHS8QZahh4","cooldownMinutes":360,"elapsedMinutes":30}
2026-05-23T16:20:01.786Z [INFO]: [ReviewAutomationJob] Run complete {"outlets":1,"totalFetched":0,"totalNew":0,"totalProcessed":0,"errors":0,"durationMs":975}
2026-05-23T16:30:00.093Z [INFO]: [ReviewAutomationJob] Starting run {}
2026-05-23T16:30:01.346Z [INFO]: [ReviewAutomationJob] Processing 1 active outlet(s) {}
2026-05-23T16:30:01.347Z [INFO]: [ReviewService] Processing outlet {"outletId":"fUJCqqTZj6WHS8QZahh4","name":"Freddie and Me"}
2026-05-23T16:30:01.348Z [WARN]: [ReviewService] SCRAPER placeId missing; using googleLocationId fallback {"outletId":"fUJCqqTZj6WHS8QZahh4","googleLocationId":"ChIJ5ytFdOthUjoRstynBWlA-EM"}
2026-05-23T16:30:01.348Z [INFO]: [ReviewService] Cooldown active - skipping fetch {"outletId":"fUJCqqTZj6WHS8QZahh4","cooldownMinutes":360,"elapsedMinutes":40}
2026-05-23T16:30:01.349Z [INFO]: [ReviewAutomationJob] Run complete {"outlets":1,"totalFetched":0,"totalNew":0,"totalProcessed":0,"errors":0,"durationMs":1255}
2026-05-23T16:40:00.137Z [INFO]: [ReviewAutomationJob] Starting run {}
2026-05-23T16:40:00.798Z [INFO]: [ReviewAutomationJob] Processing 1 active outlet(s) {}
2026-05-23T16:40:00.798Z [INFO]: [ReviewService] Processing outlet {"outletId":"fUJCqqTZj6WHS8QZahh4","name":"Freddie and Me"}
2026-05-23T16:40:00.799Z [WARN]: [ReviewService] SCRAPER placeId missing; using googleLocationId fallback {"outletId":"fUJCqqTZj6WHS8QZahh4","googleLocationId":"ChIJ5ytFdOthUjoRstynBWlA-EM"}
2026-05-23T16:40:00.799Z [INFO]: [ReviewService] Cooldown active - skipping fetch {"outletId":"fUJCqqTZj6WHS8QZahh4","cooldownMinutes":360,"elapsedMinutes":50}
2026-05-23T16:40:00.800Z [INFO]: [ReviewAutomationJob] Run complete {"outlets":1,"totalFetched":0,"totalNew":0,"totalProcessed":0,"errors":0,"durationMs":663}
2026-05-23T16:50:00.708Z [INFO]: [ReviewAutomationJob] Starting run {}
2026-05-23T16:50:01.511Z [INFO]: [ReviewAutomationJob] Processing 1 active outlet(s) {}
2026-05-23T16:50:01.512Z [INFO]: [ReviewService] Processing outlet {"outletId":"fUJCqqTZj6WHS8QZahh4","name":"Freddie and Me"}
2026-05-23T16:50:01.512Z [WARN]: [ReviewService] SCRAPER placeId missing; using googleLocationId fallback {"outletId":"fUJCqqTZj6WHS8QZahh4","googleLocationId":"ChIJ5ytFdOthUjoRstynBWlA-EM"}
2026-05-23T16:50:01.513Z [INFO]: [ReviewService] Cooldown active - skipping fetch {"outletId":"fUJCqqTZj6WHS8QZahh4","cooldownMinutes":360,"elapsedMinutes":60}
2026-05-23T16:50:01.513Z [INFO]: [ReviewAutomationJob] Run complete {"outlets":1,"totalFetched":0,"totalNew":0,"totalProcessed":0,"errors":0,"durationMs":805}
2026-05-23T18:50:00.166Z [INFO]: [ReviewAutomationJob] Starting run {}
2026-05-23T18:50:01.167Z [INFO]: [ReviewAutomationJob] Processing 1 active outlet(s) {}
2026-05-23T18:50:01.168Z [INFO]: [ReviewService] Processing outlet {"outletId":"fUJCqqTZj6WHS8QZahh4","name":"Freddie and Me"}
2026-05-23T18:50:01.169Z [WARN]: [ReviewService] SCRAPER placeId missing; using googleLocationId fallback {"outletId":"fUJCqqTZj6WHS8QZahh4","googleLocationId":"ChIJ5ytFdOthUjoRstynBWlA-EM"}
2026-05-23T18:50:01.170Z [INFO]: [ReviewService] Cooldown active - skipping fetch {"outletId":"fUJCqqTZj6WHS8QZahh4","cooldownMinutes":360,"elapsedMinutes":180}
2026-05-23T18:50:01.171Z [INFO]: [ReviewAutomationJob] Run complete {"outlets":1,"totalFetched":0,"totalNew":0,"totalProcessed":0,"errors":0,"durationMs":1005}
2026-05-23T19:00:00.591Z [INFO]: [ReviewAutomationJob] Starting run {}
2026-05-23T19:00:01.315Z [INFO]: [ReviewAutomationJob] Processing 1 active outlet(s) {}
2026-05-23T19:00:01.316Z [INFO]: [ReviewService] Processing outlet {"outletId":"fUJCqqTZj6WHS8QZahh4","name":"Freddie and Me"}
2026-05-23T19:00:01.316Z [WARN]: [ReviewService] SCRAPER placeId missing; using googleLocationId fallback {"outletId":"fUJCqqTZj6WHS8QZahh4","googleLocationId":"ChIJ5ytFdOthUjoRstynBWlA-EM"}
2026-05-23T19:00:01.317Z [INFO]: [ReviewService] Cooldown active - skipping fetch {"outletId":"fUJCqqTZj6WHS8QZahh4","cooldownMinutes":360,"elapsedMinutes":190}
2026-05-23T19:00:01.317Z [INFO]: [ReviewAutomationJob] Run complete {"outlets":1,"totalFetched":0,"totalNew":0,"totalProcessed":0,"errors":0,"durationMs":727}
2026-05-23T19:03:52.117Z [INFO]: [Server] Received SIGINT — graceful shutdown initiated {}
2026-05-25T18:20:37.501Z [INFO]: [ReviewAutomationJob] Scheduling with pattern: "*/10 * * * *" {}
2026-05-25T18:20:37.506Z [INFO]: [ReviewAutomationJob] Cron started {}
2026-05-25T18:20:37.508Z [INFO]: [Server] HTTP server running on port 3000 {"environment":"production"}
2026-05-25T18:21:53.526Z [INFO]: [Firebase] Admin SDK initialized successfully {}
2026-05-25T18:23:11.183Z [INFO]: [OutletRepo] Created outlet {"id":"W7DOGD915CNJBe6taPp5","name":"SolBe Solar"}
2026-05-25T18:23:29.870Z [INFO]: [ReviewService] Processing outlet {"outletId":"W7DOGD915CNJBe6taPp5","name":"SolBe Solar"}
2026-05-25T18:23:39.891Z [INFO]: [ApifyProvider] Reviews fetched {"outletId":"W7DOGD915CNJBe6taPp5","placeId":"ChIJqR9VTUznK2ERQFhKUX5GU-A","count":1}
2026-05-25T18:23:40.381Z [INFO]: [ReviewService] New reviews to process {"outletId":"W7DOGD915CNJBe6taPp5","fetched":1,"new":1}
2026-05-25T18:23:42.834Z [INFO]: [ReviewService] Reply saved for posting {"outletId":"W7DOGD915CNJBe6taPp5","reviewId":"7b27f5da6619713149fbd78fc4b77f70ea619cee5af4891f3094b1b6f7be8abf","rating":5}
2026-05-25T18:23:54.360Z [INFO]: [ReviewService] Processing outlet {"outletId":"fUJCqqTZj6WHS8QZahh4","name":"Freddie and Me"}
2026-05-25T18:23:54.360Z [WARN]: [ReviewService] SCRAPER placeId missing; using googleLocationId fallback {"outletId":"fUJCqqTZj6WHS8QZahh4","googleLocationId":"ChIJ5ytFdOthUjoRstynBWlA-EM"}
2026-05-25T18:24:02.980Z [INFO]: [ApifyProvider] Reviews fetched {"outletId":"fUJCqqTZj6WHS8QZahh4","placeId":"ChIJ5ytFdOthUjoRstynBWlA-EM","count":4}
2026-05-25T18:24:03.909Z [INFO]: [ReviewService] New reviews to process {"outletId":"fUJCqqTZj6WHS8QZahh4","fetched":4,"new":0}
2026-05-25T18:29:46.760Z [INFO]: [OutletRepo] Created outlet {"id":"tAig7hdGPBGkjWzhubFb","name":"Freddie Mac"}
2026-05-25T18:30:00.533Z [INFO]: [ReviewAutomationJob] Starting run {}
2026-05-25T18:30:00.923Z [INFO]: [ReviewAutomationJob] Processing 3 active outlet(s) {}
2026-05-25T18:30:00.923Z [INFO]: [ReviewService] Processing outlet {"outletId":"W7DOGD915CNJBe6taPp5","name":"SolBe Solar"}
2026-05-25T18:30:00.923Z [INFO]: [ReviewService] Cooldown active - skipping fetch {"outletId":"W7DOGD915CNJBe6taPp5","cooldownMinutes":360,"elapsedMinutes":6}
2026-05-25T18:30:00.924Z [INFO]: [ReviewService] Processing outlet {"outletId":"fUJCqqTZj6WHS8QZahh4","name":"Freddie and Me"}
2026-05-25T18:30:00.924Z [WARN]: [ReviewService] SCRAPER placeId missing; using googleLocationId fallback {"outletId":"fUJCqqTZj6WHS8QZahh4","googleLocationId":"ChIJ5ytFdOthUjoRstynBWlA-EM"}
2026-05-25T18:30:00.925Z [INFO]: [ReviewService] Cooldown active - skipping fetch {"outletId":"fUJCqqTZj6WHS8QZahh4","cooldownMinutes":360,"elapsedMinutes":6}
2026-05-25T18:30:00.925Z [INFO]: [ReviewService] Processing outlet {"outletId":"tAig7hdGPBGkjWzhubFb","name":"Freddie Mac"}
2026-05-25T18:30:09.717Z [INFO]: [ApifyProvider] Reviews fetched {"outletId":"tAig7hdGPBGkjWzhubFb","placeId":"ChIJ90RZ6o1KtokR8B08NEzYaqc","count":15}
2026-05-25T18:30:14.669Z [INFO]: [ReviewService] New reviews to process {"outletId":"tAig7hdGPBGkjWzhubFb","fetched":15,"new":15}
2026-05-25T18:30:14.670Z [ERROR]: [ReviewService] Failed to process review safely {"outletId":"tAig7hdGPBGkjWzhubFb","reviewId":"6c524481d58714f5a3c24c071d6ec8e5b1937b9ee800fdcd124c095b6bc4dc62","error":"Invalid WhatsApp number: undefined"}
2026-05-25T18:30:22.865Z [INFO]: [ReviewService] Reply saved for posting {"outletId":"tAig7hdGPBGkjWzhubFb","reviewId":"9f053b4152fbbd2768c33291b0480740b2e601d4f8049baa5b22505ecd1ed02d","rating":5}
2026-05-25T18:30:32.963Z [INFO]: [ReviewService] Reply saved for posting {"outletId":"tAig7hdGPBGkjWzhubFb","reviewId":"34360fb602fa5746affbafade90e377aa7ac4c8fab5dca8905833ac52ec13bf3","rating":5}
2026-05-25T18:30:45.024Z [INFO]: [ReviewService] Reply saved for posting {"outletId":"tAig7hdGPBGkjWzhubFb","reviewId":"6dbe9165288570f9edada079c3e92500cb45b92a30194bf22662c71554f518c9","rating":5}
2026-05-25T18:30:49.187Z [ERROR]: [ReviewService] Failed to process review safely {"outletId":"tAig7hdGPBGkjWzhubFb","reviewId":"35e6a4c64c05c49ae0d95af8e94c9944e09da7cdea4710debb196f80bd7aceff","error":"Invalid WhatsApp number: undefined"}
2026-05-25T18:30:55.580Z [INFO]: [ReviewService] Reply saved for posting {"outletId":"tAig7hdGPBGkjWzhubFb","reviewId":"c33e1da1c135fdb89e672b145e916fea41dea8d376840cc6ac78611f5d235da0","rating":4}
2026-05-25T18:31:06.048Z [INFO]: [ReviewService] Reply saved for posting {"outletId":"tAig7hdGPBGkjWzhubFb","reviewId":"af746644f523ec846a2ab5f23888ad2372645e574c0c7c7f311b651545ca5456","rating":5}
2026-05-25T18:31:17.937Z [ERROR]: [ReviewService] Failed to process review safely {"outletId":"tAig7hdGPBGkjWzhubFb","reviewId":"99cd6e21f3a49dfda2ec8167ad55f888293c4d47b49cda51b6e7b14e604574e2","error":"Invalid WhatsApp number: undefined"}
2026-05-25T18:31:24.916Z [INFO]: [ReviewService] Reply saved for posting {"outletId":"tAig7hdGPBGkjWzhubFb","reviewId":"f4517999bfbfb37ee9e9eac2728be4095eac4313d94f4fb68f6242f39416bf09","rating":5}
2026-05-25T18:31:36.164Z [INFO]: [ReviewService] Reply saved for posting {"outletId":"tAig7hdGPBGkjWzhubFb","reviewId":"c9d924e1f46eecbfc484330cfa957ef4c570ec61bafeac017c8b4e14001d6722","rating":5}
2026-05-25T18:31:42.381Z [INFO]: [ReviewService] Reply saved for posting {"outletId":"tAig7hdGPBGkjWzhubFb","reviewId":"55b522e667ec5f1f8c3675c1784b43422eb66893712036850d04c57e7de749f9","rating":5}
2026-05-25T18:31:55.100Z [INFO]: [ReviewService] Reply saved for posting {"outletId":"tAig7hdGPBGkjWzhubFb","reviewId":"f8b69a2c5f72e75a70c3ebfa8c0a2a0203e0c296369f5e556dda6f2701087196","rating":5}
2026-05-25T18:32:05.245Z [INFO]: [ReviewService] Reply saved for posting {"outletId":"tAig7hdGPBGkjWzhubFb","reviewId":"a433c840d4c08f381c7ea841791426a35313d2d2b716a62dfb8854d013cb42f8","rating":5}
2026-05-25T18:32:18.690Z [INFO]: [ReviewService] Reply saved for posting {"outletId":"tAig7hdGPBGkjWzhubFb","reviewId":"e4fbdb0d798cab76c26770004ec59ccdabdd92f8d3aec093087fcf378c7662c0","rating":5}
2026-05-25T18:32:29.439Z [INFO]: [ReviewService] Reply saved for posting {"outletId":"tAig7hdGPBGkjWzhubFb","reviewId":"2537ef83b331467ee529973e39fa026197b4039e89ce645708fc4fb342c718e1","rating":5}
2026-05-25T18:32:33.114Z [INFO]: [ReviewAutomationJob] Run complete {"outlets":3,"totalFetched":15,"totalNew":15,"totalProcessed":15,"errors":0,"durationMs":152581}
2026-05-25T18:40:00.196Z [INFO]: [ReviewAutomationJob] Starting run {}
2026-05-25T18:40:00.998Z [INFO]: [ReviewAutomationJob] Processing 3 active outlet(s) {}
2026-05-25T18:40:00.998Z [INFO]: [ReviewService] Processing outlet {"outletId":"W7DOGD915CNJBe6taPp5","name":"SolBe Solar"}
2026-05-25T18:40:00.998Z [INFO]: [ReviewService] Cooldown active - skipping fetch {"outletId":"W7DOGD915CNJBe6taPp5","cooldownMinutes":360,"elapsedMinutes":16}
2026-05-25T18:40:00.999Z [INFO]: [ReviewService] Processing outlet {"outletId":"fUJCqqTZj6WHS8QZahh4","name":"Freddie and Me"}
2026-05-25T18:40:00.999Z [WARN]: [ReviewService] SCRAPER placeId missing; using googleLocationId fallback {"outletId":"fUJCqqTZj6WHS8QZahh4","googleLocationId":"ChIJ5ytFdOthUjoRstynBWlA-EM"}
2026-05-25T18:40:00.999Z [INFO]: [ReviewService] Cooldown active - skipping fetch {"outletId":"fUJCqqTZj6WHS8QZahh4","cooldownMinutes":360,"elapsedMinutes":16}
2026-05-25T18:40:01.000Z [INFO]: [ReviewService] Processing outlet {"outletId":"tAig7hdGPBGkjWzhubFb","name":"Freddie Mac"}
2026-05-25T18:40:01.000Z [INFO]: [ReviewService] Cooldown active - skipping fetch {"outletId":"tAig7hdGPBGkjWzhubFb","cooldownMinutes":360,"elapsedMinutes":10}
2026-05-25T18:40:01.000Z [INFO]: [ReviewAutomationJob] Run complete {"outlets":3,"totalFetched":0,"totalNew":0,"totalProcessed":0,"errors":0,"durationMs":804}
2026-05-25T18:40:30.050Z [INFO]: [ReviewService] Processing outlet {"outletId":"W7DOGD915CNJBe6taPp5","name":"SolBe Solar"}
2026-05-25T18:40:39.455Z [INFO]: [ApifyProvider] Reviews fetched {"outletId":"W7DOGD915CNJBe6taPp5","placeId":"ChIJqR9VTUznK2ERQFhKUX5GU-A","count":1}
2026-05-25T18:40:39.800Z [INFO]: [ReviewService] New reviews to process {"outletId":"W7DOGD915CNJBe6taPp5","fetched":1,"new":0}
2026-05-25T18:40:39.801Z [INFO]: [ReviewService] Processing outlet {"outletId":"fUJCqqTZj6WHS8QZahh4","name":"Freddie and Me"}
2026-05-25T18:40:39.801Z [WARN]: [ReviewService] SCRAPER placeId missing; using googleLocationId fallback {"outletId":"fUJCqqTZj6WHS8QZahh4","googleLocationId":"ChIJ5ytFdOthUjoRstynBWlA-EM"}
2026-05-25T18:40:48.501Z [INFO]: [ApifyProvider] Reviews fetched {"outletId":"fUJCqqTZj6WHS8QZahh4","placeId":"ChIJ5ytFdOthUjoRstynBWlA-EM","count":4}
2026-05-25T18:40:49.321Z [INFO]: [ReviewService] New reviews to process {"outletId":"fUJCqqTZj6WHS8QZahh4","fetched":4,"new":0}
2026-05-25T18:40:49.322Z [INFO]: [ReviewService] Processing outlet {"outletId":"tAig7hdGPBGkjWzhubFb","name":"Freddie Mac"}
2026-05-25T18:40:56.710Z [INFO]: [ApifyProvider] Reviews fetched {"outletId":"tAig7hdGPBGkjWzhubFb","placeId":"ChIJ90RZ6o1KtokR8B08NEzYaqc","count":15}
2026-05-25T18:41:00.162Z [INFO]: [Server] Received SIGINT — graceful shutdown initiated {}
2026-05-25T18:41:37.792Z [INFO]: [ReviewAutomationJob] Scheduling with pattern: "*/10 * * * *" {}
2026-05-25T18:41:37.797Z [INFO]: [ReviewAutomationJob] Cron started {}
2026-05-25T18:41:37.798Z [INFO]: [Server] HTTP server running on port 3000 {"environment":"production"}
2026-05-25T18:41:44.585Z [INFO]: [Firebase] Admin SDK initialized successfully {}
2026-05-25T18:41:45.353Z [INFO]: [ReviewService] Processing outlet {"outletId":"W7DOGD915CNJBe6taPp5","name":"SolBe Solar"}
2026-05-25T18:41:53.374Z [INFO]: [ApifyProvider] Reviews fetched {"outletId":"W7DOGD915CNJBe6taPp5","placeId":"ChIJqR9VTUznK2ERQFhKUX5GU-A","count":1}
2026-05-25T18:41:54.291Z [INFO]: [ReviewService] New reviews to process {"outletId":"W7DOGD915CNJBe6taPp5","fetched":1,"new":1}
2026-05-25T18:41:57.291Z [INFO]: [ReviewService] Reply saved for posting {"outletId":"W7DOGD915CNJBe6taPp5","reviewId":"7b27f5da6619713149fbd78fc4b77f70ea619cee5af4891f3094b1b6f7be8abf","rating":5}
2026-05-25T18:42:03.077Z [INFO]: [ReviewService] Processing outlet {"outletId":"fUJCqqTZj6WHS8QZahh4","name":"Freddie and Me"}
2026-05-25T18:42:03.078Z [WARN]: [ReviewService] SCRAPER placeId missing; using googleLocationId fallback {"outletId":"fUJCqqTZj6WHS8QZahh4","googleLocationId":"ChIJ5ytFdOthUjoRstynBWlA-EM"}
2026-05-25T18:42:12.205Z [INFO]: [ApifyProvider] Reviews fetched {"outletId":"fUJCqqTZj6WHS8QZahh4","placeId":"ChIJ5ytFdOthUjoRstynBWlA-EM","count":4}
2026-05-25T18:42:13.661Z [INFO]: [ReviewService] New reviews to process {"outletId":"fUJCqqTZj6WHS8QZahh4","fetched":4,"new":4}
2026-05-25T18:42:16.321Z [INFO]: [ReviewService] Reply saved for posting {"outletId":"fUJCqqTZj6WHS8QZahh4","reviewId":"7e3bf5a57949ccef6bdf534471442c1d2c7c11b3c2d3d4b6ad75881420a23704","rating":4}
2026-05-25T18:42:21.884Z [INFO]: [WhatsApp] Alert sent to manager {"to":"+919384926154","outletName":"Freddie and Me","rating":2,"provider":"twilio"}
2026-05-25T18:42:22.210Z [INFO]: [ReviewService] Review escalated {"outletId":"fUJCqqTZj6WHS8QZahh4","reviewId":"7994463f915846156accc019931a9c0b103cbe87066c31a7b4fde0484394393f","rating":2}
2026-05-25T18:42:33.480Z [INFO]: [ReviewService] Reply saved for posting {"outletId":"fUJCqqTZj6WHS8QZahh4","reviewId":"da29965f3e81bcf5533242cb1435d70d098c92438a557143da7e4dd64e2941d9","rating":4}
2026-05-25T18:42:42.158Z [INFO]: [ReviewService] Reply saved for posting {"outletId":"fUJCqqTZj6WHS8QZahh4","reviewId":"97e79db802cb2e98acfe22478a9c0cb81110678d1babc073ac18f38af0c319d4","rating":5}
2026-05-25T18:42:53.039Z [INFO]: [ReviewService] Processing outlet {"outletId":"tAig7hdGPBGkjWzhubFb","name":"Freddie Mac"}
2026-05-25T18:43:01.301Z [INFO]: [ApifyProvider] Reviews fetched {"outletId":"tAig7hdGPBGkjWzhubFb","placeId":"ChIJ90RZ6o1KtokR8B08NEzYaqc","count":15}
2026-05-25T18:43:02.409Z [INFO]: [ReviewService] New reviews to process {"outletId":"tAig7hdGPBGkjWzhubFb","fetched":15,"new":0}
2026-05-25T18:50:00.356Z [INFO]: [ReviewAutomationJob] Starting run {}
2026-05-25T18:50:00.801Z [INFO]: [ReviewAutomationJob] Processing 2 active outlet(s) {}
2026-05-25T18:50:00.802Z [INFO]: [ReviewService] Processing outlet {"outletId":"W7DOGD915CNJBe6taPp5","name":"SolBe Solar"}
2026-05-25T18:50:00.802Z [INFO]: [ReviewService] Cooldown active - skipping fetch {"outletId":"W7DOGD915CNJBe6taPp5","cooldownMinutes":360,"elapsedMinutes":8}
2026-05-25T18:50:00.802Z [INFO]: [ReviewService] Processing outlet {"outletId":"fUJCqqTZj6WHS8QZahh4","name":"Freddie and Me"}
2026-05-25T18:50:00.803Z [WARN]: [ReviewService] SCRAPER placeId missing; using googleLocationId fallback {"outletId":"fUJCqqTZj6WHS8QZahh4","googleLocationId":"ChIJ5ytFdOthUjoRstynBWlA-EM"}
2026-05-25T18:50:00.803Z [INFO]: [ReviewService] Cooldown active - skipping fetch {"outletId":"fUJCqqTZj6WHS8QZahh4","cooldownMinutes":360,"elapsedMinutes":8}
2026-05-25T18:50:00.803Z [INFO]: [ReviewAutomationJob] Run complete {"outlets":2,"totalFetched":0,"totalNew":0,"totalProcessed":0,"errors":0,"durationMs":447}
2026-05-25T18:56:49.533Z [INFO]: [ReviewService] Processing outlet {"outletId":"W7DOGD915CNJBe6taPp5","name":"SolBe Solar"}
2026-05-25T18:56:57.573Z [INFO]: [ApifyProvider] Reviews fetched {"outletId":"W7DOGD915CNJBe6taPp5","placeId":"ChIJqR9VTUznK2ERQFhKUX5GU-A","count":1}
2026-05-25T18:56:58.011Z [INFO]: [ReviewService] New reviews to process {"outletId":"W7DOGD915CNJBe6taPp5","fetched":1,"new":0}
2026-05-25T18:56:58.012Z [INFO]: [ReviewService] Processing outlet {"outletId":"fUJCqqTZj6WHS8QZahh4","name":"Freddie and Me"}
2026-05-25T18:56:58.012Z [WARN]: [ReviewService] SCRAPER placeId missing; using googleLocationId fallback {"outletId":"fUJCqqTZj6WHS8QZahh4","googleLocationId":"ChIJ5ytFdOthUjoRstynBWlA-EM"}
2026-05-25T18:57:05.306Z [INFO]: [ApifyProvider] Reviews fetched {"outletId":"fUJCqqTZj6WHS8QZahh4","placeId":"ChIJ5ytFdOthUjoRstynBWlA-EM","count":4}
2026-05-25T18:57:06.878Z [INFO]: [ReviewService] New reviews to process {"outletId":"fUJCqqTZj6WHS8QZahh4","fetched":4,"new":4}
2026-05-25T18:57:09.419Z [INFO]: [ReviewService] Reply saved for posting {"outletId":"fUJCqqTZj6WHS8QZahh4","reviewId":"7e3bf5a57949ccef6bdf534471442c1d2c7c11b3c2d3d4b6ad75881420a23704","rating":4}
2026-05-25T18:57:19.824Z [INFO]: [WhatsApp] Alert sent to manager {"to":"+919384926154","outletName":"Freddie and Me","rating":2,"provider":"twilio"}
2026-05-25T18:57:20.214Z [INFO]: [ReviewService] Review escalated {"outletId":"fUJCqqTZj6WHS8QZahh4","reviewId":"7994463f915846156accc019931a9c0b103cbe87066c31a7b4fde0484394393f","rating":2}
2026-05-25T18:57:34.321Z [INFO]: [ReviewService] Reply saved for posting {"outletId":"fUJCqqTZj6WHS8QZahh4","reviewId":"da29965f3e81bcf5533242cb1435d70d098c92438a557143da7e4dd64e2941d9","rating":4}
2026-05-25T18:57:43.520Z [INFO]: [ReviewService] Reply saved for posting {"outletId":"fUJCqqTZj6WHS8QZahh4","reviewId":"97e79db802cb2e98acfe22478a9c0cb81110678d1babc073ac18f38af0c319d4","rating":5}
2026-05-25T19:00:00.080Z [INFO]: [ReviewAutomationJob] Starting run {}
2026-05-25T19:00:00.443Z [INFO]: [ReviewAutomationJob] Processing 2 active outlet(s) {}
2026-05-25T19:00:00.444Z [INFO]: [ReviewService] Processing outlet {"outletId":"W7DOGD915CNJBe6taPp5","name":"SolBe Solar"}
2026-05-25T19:00:00.444Z [INFO]: [ReviewService] Cooldown active - skipping fetch {"outletId":"W7DOGD915CNJBe6taPp5","cooldownMinutes":360,"elapsedMinutes":3}
2026-05-25T19:00:00.445Z [INFO]: [ReviewService] Processing outlet {"outletId":"fUJCqqTZj6WHS8QZahh4","name":"Freddie and Me"}
2026-05-25T19:00:00.446Z [WARN]: [ReviewService] SCRAPER placeId missing; using googleLocationId fallback {"outletId":"fUJCqqTZj6WHS8QZahh4","googleLocationId":"ChIJ5ytFdOthUjoRstynBWlA-EM"}
2026-05-25T19:00:00.446Z [INFO]: [ReviewService] Cooldown active - skipping fetch {"outletId":"fUJCqqTZj6WHS8QZahh4","cooldownMinutes":360,"elapsedMinutes":3}
2026-05-25T19:00:00.446Z [INFO]: [ReviewAutomationJob] Run complete {"outlets":2,"totalFetched":0,"totalNew":0,"totalProcessed":0,"errors":0,"durationMs":366}
2026-05-25T19:10:00.193Z [INFO]: [ReviewAutomationJob] Starting run {}
2026-05-25T19:10:01.113Z [INFO]: [ReviewAutomationJob] Processing 2 active outlet(s) {}
2026-05-25T19:10:01.114Z [INFO]: [ReviewService] Processing outlet {"outletId":"W7DOGD915CNJBe6taPp5","name":"SolBe Solar"}
2026-05-25T19:10:01.115Z [INFO]: [ReviewService] Cooldown active - skipping fetch {"outletId":"W7DOGD915CNJBe6taPp5","cooldownMinutes":360,"elapsedMinutes":13}
2026-05-25T19:10:01.115Z [INFO]: [ReviewService] Processing outlet {"outletId":"fUJCqqTZj6WHS8QZahh4","name":"Freddie and Me"}
2026-05-25T19:10:01.115Z [WARN]: [ReviewService] SCRAPER placeId missing; using googleLocationId fallback {"outletId":"fUJCqqTZj6WHS8QZahh4","googleLocationId":"ChIJ5ytFdOthUjoRstynBWlA-EM"}
2026-05-25T19:10:01.116Z [INFO]: [ReviewService] Cooldown active - skipping fetch {"outletId":"fUJCqqTZj6WHS8QZahh4","cooldownMinutes":360,"elapsedMinutes":13}
2026-05-25T19:10:01.116Z [INFO]: [ReviewAutomationJob] Run complete {"outlets":2,"totalFetched":0,"totalNew":0,"totalProcessed":0,"errors":0,"durationMs":923}
2026-05-25T19:20:00.866Z [INFO]: [ReviewAutomationJob] Starting run {}
2026-05-25T19:20:01.739Z [INFO]: [ReviewAutomationJob] Processing 2 active outlet(s) {}
2026-05-25T19:20:01.739Z [INFO]: [ReviewService] Processing outlet {"outletId":"W7DOGD915CNJBe6taPp5","name":"SolBe Solar"}
2026-05-25T19:20:01.739Z [INFO]: [ReviewService] Cooldown active - skipping fetch {"outletId":"W7DOGD915CNJBe6taPp5","cooldownMinutes":360,"elapsedMinutes":23}
2026-05-25T19:20:01.739Z [INFO]: [ReviewService] Processing outlet {"outletId":"fUJCqqTZj6WHS8QZahh4","name":"Freddie and Me"}
2026-05-25T19:20:01.740Z [WARN]: [ReviewService] SCRAPER placeId missing; using googleLocationId fallback {"outletId":"fUJCqqTZj6WHS8QZahh4","googleLocationId":"ChIJ5ytFdOthUjoRstynBWlA-EM"}
2026-05-25T19:20:01.740Z [INFO]: [ReviewService] Cooldown active - skipping fetch {"outletId":"fUJCqqTZj6WHS8QZahh4","cooldownMinutes":360,"elapsedMinutes":23}
2026-05-25T19:20:01.740Z [INFO]: [ReviewAutomationJob] Run complete {"outlets":2,"totalFetched":0,"totalNew":0,"totalProcessed":0,"errors":0,"durationMs":874}
2026-05-25T19:25:40.835Z [INFO]: [Server] Received SIGINT — graceful shutdown initiated {}
2026-05-25T20:16:54.437Z [INFO]: [ReviewAutomationJob] Scheduling with pattern: "*/10 * * * *" {}
2026-05-25T20:16:54.443Z [INFO]: [ReviewAutomationJob] Cron started {}
2026-05-25T20:16:54.445Z [INFO]: [Server] HTTP server running on port 3000 {"environment":"production"}
2026-05-25T20:19:07.362Z [INFO]: [Firebase] Admin SDK initialized successfully {}
2026-05-25T20:20:00.775Z [INFO]: [ReviewAutomationJob] Starting run {}
2026-05-25T20:20:01.275Z [INFO]: [ReviewAutomationJob] Processing 2 active outlet(s) {}
2026-05-25T20:20:01.277Z [INFO]: [ReviewService] Processing outlet {"outletId":"W7DOGD915CNJBe6taPp5","name":"SolBe Solar"}
2026-05-25T20:20:01.278Z [INFO]: [ReviewService] Cooldown active - skipping fetch {"outletId":"W7DOGD915CNJBe6taPp5","cooldownMinutes":360,"elapsedMinutes":83}
2026-05-25T20:20:01.278Z [INFO]: [ReviewService] Processing outlet {"outletId":"fUJCqqTZj6WHS8QZahh4","name":"Freddie and Me"}
2026-05-25T20:20:01.279Z [WARN]: [ReviewService] SCRAPER placeId missing; using googleLocationId fallback {"outletId":"fUJCqqTZj6WHS8QZahh4","googleLocationId":"ChIJ5ytFdOthUjoRstynBWlA-EM"}
2026-05-25T20:20:01.280Z [INFO]: [ReviewService] Cooldown active - skipping fetch {"outletId":"fUJCqqTZj6WHS8QZahh4","cooldownMinutes":360,"elapsedMinutes":83}
2026-05-25T20:20:01.281Z [INFO]: [ReviewAutomationJob] Run complete {"outlets":2,"totalFetched":0,"totalNew":0,"totalProcessed":0,"errors":0,"durationMs":505}
2026-05-25T20:26:58.147Z [INFO]: [ReviewAutomationJob] Scheduling with pattern: "*/10 * * * *" {}
2026-05-25T20:26:58.152Z [INFO]: [ReviewAutomationJob] Cron started {}
2026-05-25T20:26:58.153Z [INFO]: [Server] HTTP server running on port 3000 {"environment":"production"}
2026-05-25T20:27:09.130Z [INFO]: [Firebase] Admin SDK initialized successfully {}
2026-05-25T20:27:11.358Z [INFO]: [OutletRepo] Outlet fUJCqqTZj6WHS8QZahh4 status set to false {}
2026-05-25T20:30:00.582Z [INFO]: [ReviewAutomationJob] Starting run {}
2026-05-25T20:30:01.070Z [INFO]: [ReviewAutomationJob] Processing 1 active outlet(s) {}
2026-05-25T20:30:01.072Z [INFO]: [ReviewService] Processing outlet {"outletId":"W7DOGD915CNJBe6taPp5","name":"SolBe Solar"}
2026-05-25T20:30:01.073Z [INFO]: [ReviewService] Cooldown active - skipping fetch {"outletId":"W7DOGD915CNJBe6taPp5","cooldownMinutes":360,"elapsedMinutes":93}
2026-05-25T20:30:01.074Z [INFO]: [ReviewAutomationJob] Run complete {"outlets":1,"totalFetched":0,"totalNew":0,"totalProcessed":0,"errors":0,"durationMs":492}
2026-05-25T20:30:17.401Z [INFO]: [ReviewService] Processing outlet {"outletId":"W7DOGD915CNJBe6taPp5","name":"SolBe Solar"}
2026-05-25T20:30:26.093Z [INFO]: [ApifyProvider] Reviews fetched {"outletId":"W7DOGD915CNJBe6taPp5","placeId":"ChIJqR9VTUznK2ERQFhKUX5GU-A","count":1}
2026-05-25T20:30:26.586Z [INFO]: [ReviewService] New reviews to process {"outletId":"W7DOGD915CNJBe6taPp5","fetched":1,"new":1}
2026-05-25T20:30:32.777Z [INFO]: [ReviewService] Reply saved for posting {"outletId":"W7DOGD915CNJBe6taPp5","reviewId":"7b27f5da6619713149fbd78fc4b77f70ea619cee5af4891f3094b1b6f7be8abf","rating":5}
2026-05-25T20:33:09.122Z [INFO]: [OutletRepo] Outlet fUJCqqTZj6WHS8QZahh4 status set to true {}
2026-05-25T20:35:00.745Z [INFO]: [ReviewService] Processing outlet {"outletId":"W7DOGD915CNJBe6taPp5","name":"SolBe Solar"}
2026-05-25T20:35:08.944Z [INFO]: [ApifyProvider] Reviews fetched {"outletId":"W7DOGD915CNJBe6taPp5","placeId":"ChIJqR9VTUznK2ERQFhKUX5GU-A","count":1}
2026-05-25T20:35:09.409Z [INFO]: [ReviewService] New reviews to process {"outletId":"W7DOGD915CNJBe6taPp5","fetched":1,"new":1}
2026-05-25T20:35:13.742Z [INFO]: [ReviewService] Reply saved for posting {"outletId":"W7DOGD915CNJBe6taPp5","reviewId":"7b27f5da6619713149fbd78fc4b77f70ea619cee5af4891f3094b1b6f7be8abf","rating":5}
2026-05-25T20:35:21.464Z [INFO]: [ReviewService] Processing outlet {"outletId":"fUJCqqTZj6WHS8QZahh4","name":"Freddie and Me"}
2026-05-25T20:35:21.464Z [WARN]: [ReviewService] SCRAPER placeId missing; using googleLocationId fallback {"outletId":"fUJCqqTZj6WHS8QZahh4","googleLocationId":"ChIJ5ytFdOthUjoRstynBWlA-EM"}
2026-05-25T20:35:30.208Z [INFO]: [ApifyProvider] Reviews fetched {"outletId":"fUJCqqTZj6WHS8QZahh4","placeId":"ChIJ5ytFdOthUjoRstynBWlA-EM","count":4}
2026-05-25T20:35:31.656Z [INFO]: [ReviewService] New reviews to process {"outletId":"fUJCqqTZj6WHS8QZahh4","fetched":4,"new":4}
2026-05-25T20:35:33.996Z [INFO]: [ReviewService] Reply saved for posting {"outletId":"fUJCqqTZj6WHS8QZahh4","reviewId":"7e3bf5a57949ccef6bdf534471442c1d2c7c11b3c2d3d4b6ad75881420a23704","rating":4}
2026-05-25T20:35:42.143Z [INFO]: [WhatsApp] Alert sent to manager {"to":"+919384926154","outletName":"Freddie and Me","rating":2,"provider":"twilio"}
2026-05-25T20:35:42.535Z [INFO]: [ReviewService] Review escalated {"outletId":"fUJCqqTZj6WHS8QZahh4","reviewId":"7994463f915846156accc019931a9c0b103cbe87066c31a7b4fde0484394393f","rating":2}
2026-05-25T20:35:49.017Z [INFO]: [ReviewService] Reply saved for posting {"outletId":"fUJCqqTZj6WHS8QZahh4","reviewId":"da29965f3e81bcf5533242cb1435d70d098c92438a557143da7e4dd64e2941d9","rating":4}
2026-05-25T20:36:02.239Z [INFO]: [ReviewService] Reply saved for posting {"outletId":"fUJCqqTZj6WHS8QZahh4","reviewId":"97e79db802cb2e98acfe22478a9c0cb81110678d1babc073ac18f38af0c319d4","rating":5}
2026-05-25T20:40:00.738Z [INFO]: [ReviewAutomationJob] Starting run {}
2026-05-25T20:40:01.109Z [INFO]: [ReviewAutomationJob] Processing 2 active outlet(s) {}
2026-05-25T20:40:01.109Z [INFO]: [ReviewService] Processing outlet {"outletId":"W7DOGD915CNJBe6taPp5","name":"SolBe Solar"}
2026-05-25T20:40:01.110Z [INFO]: [ReviewService] Cooldown active - skipping fetch {"outletId":"W7DOGD915CNJBe6taPp5","cooldownMinutes":360,"elapsedMinutes":5}
2026-05-25T20:40:01.110Z [INFO]: [ReviewService] Processing outlet {"outletId":"fUJCqqTZj6WHS8QZahh4","name":"Freddie and Me"}
2026-05-25T20:40:01.111Z [WARN]: [ReviewService] SCRAPER placeId missing; using googleLocationId fallback {"outletId":"fUJCqqTZj6WHS8QZahh4","googleLocationId":"ChIJ5ytFdOthUjoRstynBWlA-EM"}
2026-05-25T20:40:01.111Z [INFO]: [ReviewService] Cooldown active - skipping fetch {"outletId":"fUJCqqTZj6WHS8QZahh4","cooldownMinutes":360,"elapsedMinutes":4}
2026-05-25T20:40:01.112Z [INFO]: [ReviewAutomationJob] Run complete {"outlets":2,"totalFetched":0,"totalNew":0,"totalProcessed":0,"errors":0,"durationMs":373}
2026-05-25T20:50:00.655Z [INFO]: [ReviewAutomationJob] Starting run {}
2026-05-25T20:50:28.970Z [INFO]: [ReviewAutomationJob] Processing 2 active outlet(s) {}
2026-05-25T20:50:28.971Z [INFO]: [ReviewService] Processing outlet {"outletId":"W7DOGD915CNJBe6taPp5","name":"SolBe Solar"}
2026-05-25T20:50:28.971Z [INFO]: [ReviewService] Cooldown active - skipping fetch {"outletId":"W7DOGD915CNJBe6taPp5","cooldownMinutes":360,"elapsedMinutes":15}
2026-05-25T20:50:28.972Z [INFO]: [ReviewService] Processing outlet {"outletId":"fUJCqqTZj6WHS8QZahh4","name":"Freddie and Me"}
2026-05-25T20:50:28.972Z [WARN]: [ReviewService] SCRAPER placeId missing; using googleLocationId fallback {"outletId":"fUJCqqTZj6WHS8QZahh4","googleLocationId":"ChIJ5ytFdOthUjoRstynBWlA-EM"}
2026-05-25T20:50:28.973Z [INFO]: [ReviewService] Cooldown active - skipping fetch {"outletId":"fUJCqqTZj6WHS8QZahh4","cooldownMinutes":360,"elapsedMinutes":15}
2026-05-25T20:50:28.973Z [INFO]: [ReviewAutomationJob] Run complete {"outlets":2,"totalFetched":0,"totalNew":0,"totalProcessed":0,"errors":0,"durationMs":28318}
2026-05-25T20:57:17.369Z [INFO]: [Server] Received SIGINT — graceful shutdown initiated {}
2026-05-25T21:01:51.143Z [INFO]: [ReviewAutomationJob] Scheduling with pattern: "*/1 * * * *" {}
2026-05-25T21:01:51.149Z [INFO]: [ReviewAutomationJob] Cron started {}
2026-05-25T21:01:51.151Z [INFO]: [Server] HTTP server running on port 3000 {"environment":"production"}
2026-05-25T21:02:00.224Z [INFO]: [ReviewAutomationJob] Starting run {}
2026-05-25T21:02:00.504Z [INFO]: [Firebase] Admin SDK initialized successfully {}
2026-05-25T21:02:01.832Z [INFO]: [ReviewAutomationJob] Processing 2 active outlet(s) {}
2026-05-25T21:02:01.833Z [INFO]: [ReviewService] Processing outlet {"outletId":"W7DOGD915CNJBe6taPp5","name":"SolBe Solar"}
2026-05-25T21:02:01.833Z [INFO]: [ReviewService] Cooldown active - skipping fetch {"outletId":"W7DOGD915CNJBe6taPp5","cooldownMinutes":360,"elapsedMinutes":27}
2026-05-25T21:02:01.834Z [INFO]: [ReviewService] Processing outlet {"outletId":"fUJCqqTZj6WHS8QZahh4","name":"Freddie and Me"}
2026-05-25T21:02:01.835Z [WARN]: [ReviewService] SCRAPER placeId missing; using googleLocationId fallback {"outletId":"fUJCqqTZj6WHS8QZahh4","googleLocationId":"ChIJ5ytFdOthUjoRstynBWlA-EM"}
2026-05-25T21:02:01.835Z [INFO]: [ReviewService] Cooldown active - skipping fetch {"outletId":"fUJCqqTZj6WHS8QZahh4","cooldownMinutes":360,"elapsedMinutes":27}
2026-05-25T21:02:01.835Z [INFO]: [ReviewAutomationJob] Run complete {"outlets":2,"totalFetched":0,"totalNew":0,"totalProcessed":0,"errors":0,"durationMs":1611}
2026-05-25T21:03:00.117Z [INFO]: [ReviewAutomationJob] Starting run {}
2026-05-25T21:03:00.532Z [INFO]: [ReviewAutomationJob] Processing 2 active outlet(s) {}
2026-05-25T21:03:00.533Z [INFO]: [ReviewService] Processing outlet {"outletId":"W7DOGD915CNJBe6taPp5","name":"SolBe Solar"}
2026-05-25T21:03:00.533Z [INFO]: [ReviewService] Cooldown active - skipping fetch {"outletId":"W7DOGD915CNJBe6taPp5","cooldownMinutes":360,"elapsedMinutes":28}
2026-05-25T21:03:00.534Z [INFO]: [ReviewService] Processing outlet {"outletId":"fUJCqqTZj6WHS8QZahh4","name":"Freddie and Me"}
2026-05-25T21:03:00.534Z [WARN]: [ReviewService] SCRAPER placeId missing; using googleLocationId fallback {"outletId":"fUJCqqTZj6WHS8QZahh4","googleLocationId":"ChIJ5ytFdOthUjoRstynBWlA-EM"}
2026-05-25T21:03:00.535Z [INFO]: [ReviewService] Cooldown active - skipping fetch {"outletId":"fUJCqqTZj6WHS8QZahh4","cooldownMinutes":360,"elapsedMinutes":27}
2026-05-25T21:03:00.535Z [INFO]: [ReviewAutomationJob] Run complete {"outlets":2,"totalFetched":0,"totalNew":0,"totalProcessed":0,"errors":0,"durationMs":419}
2026-05-25T21:04:00.740Z [INFO]: [ReviewAutomationJob] Starting run {}
2026-05-25T21:04:01.105Z [INFO]: [ReviewAutomationJob] Processing 2 active outlet(s) {}
2026-05-25T21:04:01.105Z [INFO]: [ReviewService] Processing outlet {"outletId":"W7DOGD915CNJBe6taPp5","name":"SolBe Solar"}
2026-05-25T21:04:01.106Z [INFO]: [ReviewService] Cooldown active - skipping fetch {"outletId":"W7DOGD915CNJBe6taPp5","cooldownMinutes":360,"elapsedMinutes":29}
2026-05-25T21:04:01.106Z [INFO]: [ReviewService] Processing outlet {"outletId":"fUJCqqTZj6WHS8QZahh4","name":"Freddie and Me"}
2026-05-25T21:04:01.106Z [WARN]: [ReviewService] SCRAPER placeId missing; using googleLocationId fallback {"outletId":"fUJCqqTZj6WHS8QZahh4","googleLocationId":"ChIJ5ytFdOthUjoRstynBWlA-EM"}
2026-05-25T21:04:01.107Z [INFO]: [ReviewService] Cooldown active - skipping fetch {"outletId":"fUJCqqTZj6WHS8QZahh4","cooldownMinutes":360,"elapsedMinutes":28}
2026-05-25T21:04:01.107Z [INFO]: [ReviewAutomationJob] Run complete {"outlets":2,"totalFetched":0,"totalNew":0,"totalProcessed":0,"errors":0,"durationMs":367}
2026-05-25T21:05:00.384Z [INFO]: [ReviewAutomationJob] Starting run {}
2026-05-25T21:05:00.872Z [INFO]: [ReviewAutomationJob] Processing 2 active outlet(s) {}
2026-05-25T21:05:00.873Z [INFO]: [ReviewService] Processing outlet {"outletId":"W7DOGD915CNJBe6taPp5","name":"SolBe Solar"}
2026-05-25T21:05:00.873Z [INFO]: [ReviewService] Cooldown active - skipping fetch {"outletId":"W7DOGD915CNJBe6taPp5","cooldownMinutes":360,"elapsedMinutes":30}
2026-05-25T21:05:00.873Z [INFO]: [ReviewService] Processing outlet {"outletId":"fUJCqqTZj6WHS8QZahh4","name":"Freddie and Me"}
2026-05-25T21:05:00.874Z [WARN]: [ReviewService] SCRAPER placeId missing; using googleLocationId fallback {"outletId":"fUJCqqTZj6WHS8QZahh4","googleLocationId":"ChIJ5ytFdOthUjoRstynBWlA-EM"}
2026-05-25T21:05:00.874Z [INFO]: [ReviewService] Cooldown active - skipping fetch {"outletId":"fUJCqqTZj6WHS8QZahh4","cooldownMinutes":360,"elapsedMinutes":29}
2026-05-25T21:05:00.875Z [INFO]: [ReviewAutomationJob] Run complete {"outlets":2,"totalFetched":0,"totalNew":0,"totalProcessed":0,"errors":0,"durationMs":491}
2026-05-25T21:06:00.058Z [INFO]: [ReviewAutomationJob] Starting run {}
2026-05-25T21:06:00.526Z [INFO]: [ReviewAutomationJob] Processing 2 active outlet(s) {}
2026-05-25T21:06:00.526Z [INFO]: [ReviewService] Processing outlet {"outletId":"W7DOGD915CNJBe6taPp5","name":"SolBe Solar"}
2026-05-25T21:06:08.558Z [INFO]: [ApifyProvider] Reviews fetched {"outletId":"W7DOGD915CNJBe6taPp5","placeId":"ChIJqR9VTUznK2ERQFhKUX5GU-A","count":1}
2026-05-25T21:06:09.259Z [INFO]: [ReviewService] New reviews to process {"outletId":"W7DOGD915CNJBe6taPp5","fetched":1,"new":1}
2026-05-25T21:06:12.458Z [INFO]: [ReviewService] Reply saved for posting {"outletId":"W7DOGD915CNJBe6taPp5","reviewId":"7b27f5da6619713149fbd78fc4b77f70ea619cee5af4891f3094b1b6f7be8abf","rating":5}
2026-05-25T21:06:15.716Z [INFO]: [ReviewService] Processing outlet {"outletId":"fUJCqqTZj6WHS8QZahh4","name":"Freddie and Me"}
2026-05-25T21:06:15.717Z [WARN]: [ReviewService] SCRAPER placeId missing; using googleLocationId fallback {"outletId":"fUJCqqTZj6WHS8QZahh4","googleLocationId":"ChIJ5ytFdOthUjoRstynBWlA-EM"}
2026-05-25T21:06:26.468Z [INFO]: [ApifyProvider] Reviews fetched {"outletId":"fUJCqqTZj6WHS8QZahh4","placeId":"ChIJ5ytFdOthUjoRstynBWlA-EM","count":4}
2026-05-25T21:06:28.298Z [INFO]: [ReviewService] New reviews to process {"outletId":"fUJCqqTZj6WHS8QZahh4","fetched":4,"new":4}
2026-05-25T21:06:31.940Z [INFO]: [ReviewService] Reply saved for posting {"outletId":"fUJCqqTZj6WHS8QZahh4","reviewId":"7e3bf5a57949ccef6bdf534471442c1d2c7c11b3c2d3d4b6ad75881420a23704","rating":4}
2026-05-25T21:06:40.745Z [INFO]: [WhatsApp] Alert sent to manager {"to":"+919384926154","outletName":"Freddie and Me","rating":2,"provider":"twilio"}
2026-05-25T21:06:41.100Z [INFO]: [ReviewService] Review escalated {"outletId":"fUJCqqTZj6WHS8QZahh4","reviewId":"7994463f915846156accc019931a9c0b103cbe87066c31a7b4fde0484394393f","rating":2}
2026-05-25T21:06:54.381Z [INFO]: [ReviewService] Reply saved for posting {"outletId":"fUJCqqTZj6WHS8QZahh4","reviewId":"da29965f3e81bcf5533242cb1435d70d098c92438a557143da7e4dd64e2941d9","rating":4}
2026-05-25T21:07:00.712Z [INFO]: [ReviewAutomationJob] Starting run {}
2026-05-25T21:07:01.198Z [WARN]: [ReviewAutomationJob] Previous run still active — skipping this tick {}
2026-05-25T21:07:01.313Z [INFO]: [ReviewService] Reply saved for posting {"outletId":"fUJCqqTZj6WHS8QZahh4","reviewId":"97e79db802cb2e98acfe22478a9c0cb81110678d1babc073ac18f38af0c319d4","rating":5}
2026-05-25T21:07:11.623Z [INFO]: [ReviewAutomationJob] Run complete {"outlets":2,"totalFetched":5,"totalNew":5,"totalProcessed":5,"errors":0,"durationMs":71565}
2026-05-25T21:07:54.918Z [INFO]: [Server] Received SIGINT — graceful shutdown initiated {}
2026-05-26T08:06:24.160Z [INFO]: [ReviewAutomationJob] Scheduling with pattern: "*/10 * * * *" {}
2026-05-26T08:06:24.169Z [INFO]: [ReviewAutomationJob] Cron started {}
2026-05-26T08:06:24.172Z [INFO]: [Server] HTTP server running on port 3000 {"environment":"production"}
2026-05-26T08:09:17.325Z [INFO]: [Server] Received SIGINT — graceful shutdown initiated {}
2026-05-26T08:09:44.666Z [INFO]: [ReviewAutomationJob] Scheduling with pattern: "*/2 * * * *" {}
2026-05-26T08:09:44.675Z [INFO]: [ReviewAutomationJob] Cron started {}
2026-05-26T08:09:44.678Z [INFO]: [Server] HTTP server running on port 3000 {"environment":"production"}
2026-05-26T08:10:00.828Z [INFO]: [ReviewAutomationJob] Starting run {}
2026-05-26T08:10:01.385Z [INFO]: [Firebase] Admin SDK initialized successfully {}
2026-05-26T08:10:03.483Z [INFO]: [ReviewAutomationJob] Processing 2 active outlet(s) {}
2026-05-26T08:10:03.485Z [INFO]: [ReviewService] Processing outlet {"outletId":"W7DOGD915CNJBe6taPp5","name":"SolBe Solar"}
2026-05-26T08:10:15.277Z [INFO]: [ApifyProvider] Reviews fetched {"outletId":"W7DOGD915CNJBe6taPp5","placeId":"ChIJqR9VTUznK2ERQFhKUX5GU-A","count":1}
2026-05-26T08:10:15.633Z [INFO]: [ReviewService] New reviews to process {"outletId":"W7DOGD915CNJBe6taPp5","fetched":1,"new":0}
2026-05-26T08:10:15.635Z [INFO]: [ReviewService] Processing outlet {"outletId":"fUJCqqTZj6WHS8QZahh4","name":"Freddie and Me"}
2026-05-26T08:10:15.635Z [WARN]: [ReviewService] SCRAPER placeId missing; using googleLocationId fallback {"outletId":"fUJCqqTZj6WHS8QZahh4","googleLocationId":"ChIJ5ytFdOthUjoRstynBWlA-EM"}
2026-05-26T08:10:21.929Z [INFO]: [ApifyProvider] Reviews fetched {"outletId":"fUJCqqTZj6WHS8QZahh4","placeId":"ChIJ5ytFdOthUjoRstynBWlA-EM","count":4}
2026-05-26T08:10:22.660Z [INFO]: [ReviewService] New reviews to process {"outletId":"fUJCqqTZj6WHS8QZahh4","fetched":4,"new":0}
2026-05-26T08:10:22.662Z [INFO]: [ReviewAutomationJob] Run complete {"outlets":2,"totalFetched":5,"totalNew":0,"totalProcessed":0,"errors":0,"durationMs":21833}
2026-05-26T08:12:00.434Z [INFO]: [ReviewAutomationJob] Starting run {}
2026-05-26T08:12:00.736Z [INFO]: [ReviewAutomationJob] Processing 2 active outlet(s) {}
2026-05-26T08:12:00.737Z [INFO]: [ReviewService] Processing outlet {"outletId":"W7DOGD915CNJBe6taPp5","name":"SolBe Solar"}
2026-05-26T08:12:00.738Z [INFO]: [ReviewService] Cooldown active - skipping fetch {"outletId":"W7DOGD915CNJBe6taPp5","cooldownMinutes":360,"elapsedMinutes":2}
2026-05-26T08:12:00.739Z [INFO]: [ReviewService] Processing outlet {"outletId":"fUJCqqTZj6WHS8QZahh4","name":"Freddie and Me"}
2026-05-26T08:12:00.739Z [WARN]: [ReviewService] SCRAPER placeId missing; using googleLocationId fallback {"outletId":"fUJCqqTZj6WHS8QZahh4","googleLocationId":"ChIJ5ytFdOthUjoRstynBWlA-EM"}
2026-05-26T08:12:00.740Z [INFO]: [ReviewService] Cooldown active - skipping fetch {"outletId":"fUJCqqTZj6WHS8QZahh4","cooldownMinutes":360,"elapsedMinutes":2}
2026-05-26T08:12:00.740Z [INFO]: [ReviewAutomationJob] Run complete {"outlets":2,"totalFetched":0,"totalNew":0,"totalProcessed":0,"errors":0,"durationMs":306}
2026-05-26T08:20:00.932Z [INFO]: [ReviewAutomationJob] Starting run {}
2026-05-26T08:20:01.429Z [INFO]: [ReviewAutomationJob] Processing 2 active outlet(s) {}
2026-05-26T08:20:01.430Z [INFO]: [ReviewService] Processing outlet {"outletId":"W7DOGD915CNJBe6taPp5","name":"SolBe Solar"}
2026-05-26T08:20:01.430Z [INFO]: [ReviewService] Cooldown active - skipping fetch {"outletId":"W7DOGD915CNJBe6taPp5","cooldownMinutes":360,"elapsedMinutes":10}
2026-05-26T08:20:01.431Z [INFO]: [ReviewService] Processing outlet {"outletId":"fUJCqqTZj6WHS8QZahh4","name":"Freddie and Me"}
2026-05-26T08:20:01.431Z [WARN]: [ReviewService] SCRAPER placeId missing; using googleLocationId fallback {"outletId":"fUJCqqTZj6WHS8QZahh4","googleLocationId":"ChIJ5ytFdOthUjoRstynBWlA-EM"}
2026-05-26T08:20:01.431Z [INFO]: [ReviewService] Cooldown active - skipping fetch {"outletId":"fUJCqqTZj6WHS8QZahh4","cooldownMinutes":360,"elapsedMinutes":10}
2026-05-26T08:20:01.432Z [INFO]: [ReviewAutomationJob] Run complete {"outlets":2,"totalFetched":0,"totalNew":0,"totalProcessed":0,"errors":0,"durationMs":500}
2026-05-26T08:22:00.963Z [INFO]: [ReviewAutomationJob] Starting run {}
2026-05-26T08:22:01.311Z [INFO]: [ReviewAutomationJob] Processing 2 active outlet(s) {}
2026-05-26T08:22:01.311Z [INFO]: [ReviewService] Processing outlet {"outletId":"W7DOGD915CNJBe6taPp5","name":"SolBe Solar"}
2026-05-26T08:22:01.312Z [INFO]: [ReviewService] Cooldown active - skipping fetch {"outletId":"W7DOGD915CNJBe6taPp5","cooldownMinutes":360,"elapsedMinutes":12}
2026-05-26T08:22:01.312Z [INFO]: [ReviewService] Processing outlet {"outletId":"fUJCqqTZj6WHS8QZahh4","name":"Freddie and Me"}
2026-05-26T08:22:01.313Z [WARN]: [ReviewService] SCRAPER placeId missing; using googleLocationId fallback {"outletId":"fUJCqqTZj6WHS8QZahh4","googleLocationId":"ChIJ5ytFdOthUjoRstynBWlA-EM"}
2026-05-26T08:22:11.859Z [INFO]: [ApifyProvider] Reviews fetched {"outletId":"fUJCqqTZj6WHS8QZahh4","placeId":"ChIJ5ytFdOthUjoRstynBWlA-EM","count":5}
2026-05-26T08:22:12.708Z [INFO]: [ReviewService] New reviews to process {"outletId":"fUJCqqTZj6WHS8QZahh4","fetched":5,"new":1}
2026-05-26T08:22:14.082Z [INFO]: [ReviewService] Reply saved for posting {"outletId":"fUJCqqTZj6WHS8QZahh4","reviewId":"a9b8da3dc7d92cc5742ee8197a45aea75cc7c0eb04b7b5df49c7709df34254cb","rating":4}
2026-05-26T08:22:18.057Z [INFO]: [ReviewAutomationJob] Run complete {"outlets":2,"totalFetched":5,"totalNew":1,"totalProcessed":1,"errors":0,"durationMs":17094}
2026-05-26T08:24:00.983Z [INFO]: [ReviewAutomationJob] Starting run {}
2026-05-26T08:24:01.334Z [INFO]: [ReviewAutomationJob] Processing 2 active outlet(s) {}
2026-05-26T08:24:01.334Z [INFO]: [ReviewService] Processing outlet {"outletId":"W7DOGD915CNJBe6taPp5","name":"SolBe Solar"}
2026-05-26T08:24:01.335Z [INFO]: [ReviewService] Cooldown active - skipping fetch {"outletId":"W7DOGD915CNJBe6taPp5","cooldownMinutes":360,"elapsedMinutes":14}
2026-05-26T08:24:01.335Z [INFO]: [ReviewService] Processing outlet {"outletId":"fUJCqqTZj6WHS8QZahh4","name":"Freddie and Me"}
2026-05-26T08:24:01.336Z [WARN]: [ReviewService] SCRAPER placeId missing; using googleLocationId fallback {"outletId":"fUJCqqTZj6WHS8QZahh4","googleLocationId":"ChIJ5ytFdOthUjoRstynBWlA-EM"}
2026-05-26T08:24:01.336Z [INFO]: [ReviewService] Cooldown active - skipping fetch {"outletId":"fUJCqqTZj6WHS8QZahh4","cooldownMinutes":360,"elapsedMinutes":2}
2026-05-26T08:24:01.337Z [INFO]: [ReviewAutomationJob] Run complete {"outlets":2,"totalFetched":0,"totalNew":0,"totalProcessed":0,"errors":0,"durationMs":354}
2026-05-26T08:25:33.455Z [INFO]: [Server] Received SIGINT — graceful shutdown initiated {}
2026-05-26T08:25:38.964Z [INFO]: [ReviewAutomationJob] Scheduling with pattern: "*/2 * * * *" {}
2026-05-26T08:25:38.973Z [INFO]: [ReviewAutomationJob] Cron started {}
2026-05-26T08:25:38.976Z [INFO]: [Server] HTTP server running on port 3000 {"environment":"production"}
2026-05-26T08:26:00.148Z [INFO]: [ReviewAutomationJob] Starting run {}
2026-05-26T08:26:00.464Z [INFO]: [Firebase] Admin SDK initialized successfully {}
2026-05-26T08:26:01.862Z [INFO]: [ReviewAutomationJob] Processing 2 active outlet(s) {}
2026-05-26T08:26:01.864Z [INFO]: [ReviewService] Processing outlet {"outletId":"W7DOGD915CNJBe6taPp5","name":"SolBe Solar"}
2026-05-26T08:26:10.168Z [INFO]: [ApifyProvider] Reviews fetched {"outletId":"W7DOGD915CNJBe6taPp5","placeId":"ChIJqR9VTUznK2ERQFhKUX5GU-A","count":1}
2026-05-26T08:26:10.515Z [INFO]: [ReviewService] New reviews to process {"outletId":"W7DOGD915CNJBe6taPp5","fetched":1,"new":0}
2026-05-26T08:26:10.516Z [INFO]: [ReviewService] Processing outlet {"outletId":"fUJCqqTZj6WHS8QZahh4","name":"Freddie and Me"}
2026-05-26T08:26:10.516Z [WARN]: [ReviewService] SCRAPER placeId missing; using googleLocationId fallback {"outletId":"fUJCqqTZj6WHS8QZahh4","googleLocationId":"ChIJ5ytFdOthUjoRstynBWlA-EM"}
2026-05-26T08:26:18.256Z [INFO]: [ApifyProvider] Reviews fetched {"outletId":"fUJCqqTZj6WHS8QZahh4","placeId":"ChIJ5ytFdOthUjoRstynBWlA-EM","count":6}
2026-05-26T08:26:19.168Z [INFO]: [ReviewService] New reviews to process {"outletId":"fUJCqqTZj6WHS8QZahh4","fetched":6,"new":1}
2026-05-26T08:26:20.684Z [INFO]: [ReviewService] Reply saved for posting {"outletId":"fUJCqqTZj6WHS8QZahh4","reviewId":"2fb9f6ea3d541c1bfb768fa8e545e1eff8380e7fd1baadb4b3d9d9c80d3c27ba","rating":5}
2026-05-26T08:26:31.650Z [INFO]: [ReviewAutomationJob] Run complete {"outlets":2,"totalFetched":7,"totalNew":1,"totalProcessed":1,"errors":0,"durationMs":31502}
2026-05-26T08:28:00.476Z [INFO]: [ReviewAutomationJob] Starting run {}
2026-05-26T08:28:00.790Z [INFO]: [ReviewAutomationJob] Processing 2 active outlet(s) {}
2026-05-26T08:28:00.790Z [INFO]: [ReviewService] Processing outlet {"outletId":"W7DOGD915CNJBe6taPp5","name":"SolBe Solar"}
2026-05-26T08:28:09.464Z [INFO]: [ApifyProvider] Reviews fetched {"outletId":"W7DOGD915CNJBe6taPp5","placeId":"ChIJqR9VTUznK2ERQFhKUX5GU-A","count":1}
2026-05-26T08:28:09.720Z [INFO]: [ReviewService] New reviews to process {"outletId":"W7DOGD915CNJBe6taPp5","fetched":1,"new":0}
2026-05-26T08:28:09.721Z [INFO]: [ReviewService] Processing outlet {"outletId":"fUJCqqTZj6WHS8QZahh4","name":"Freddie and Me"}
2026-05-26T08:28:09.721Z [WARN]: [ReviewService] SCRAPER placeId missing; using googleLocationId fallback {"outletId":"fUJCqqTZj6WHS8QZahh4","googleLocationId":"ChIJ5ytFdOthUjoRstynBWlA-EM"}
2026-05-26T08:28:18.104Z [INFO]: [ApifyProvider] Reviews fetched {"outletId":"fUJCqqTZj6WHS8QZahh4","placeId":"ChIJ5ytFdOthUjoRstynBWlA-EM","count":6}
2026-05-26T08:28:18.670Z [INFO]: [ReviewService] New reviews to process {"outletId":"fUJCqqTZj6WHS8QZahh4","fetched":6,"new":0}
2026-05-26T08:28:18.671Z [INFO]: [ReviewAutomationJob] Run complete {"outlets":2,"totalFetched":7,"totalNew":0,"totalProcessed":0,"errors":0,"durationMs":18195}
2026-05-26T08:30:00.553Z [INFO]: [ReviewAutomationJob] Starting run {}
2026-05-26T08:30:00.905Z [INFO]: [ReviewAutomationJob] Processing 2 active outlet(s) {}
2026-05-26T08:30:00.905Z [INFO]: [ReviewService] Processing outlet {"outletId":"W7DOGD915CNJBe6taPp5","name":"SolBe Solar"}
2026-05-26T08:30:08.505Z [INFO]: [ApifyProvider] Reviews fetched {"outletId":"W7DOGD915CNJBe6taPp5","placeId":"ChIJqR9VTUznK2ERQFhKUX5GU-A","count":1}
2026-05-26T08:30:08.744Z [INFO]: [ReviewService] New reviews to process {"outletId":"W7DOGD915CNJBe6taPp5","fetched":1,"new":0}
2026-05-26T08:30:08.745Z [INFO]: [ReviewService] Processing outlet {"outletId":"fUJCqqTZj6WHS8QZahh4","name":"Freddie and Me"}
2026-05-26T08:30:08.745Z [WARN]: [ReviewService] SCRAPER placeId missing; using googleLocationId fallback {"outletId":"fUJCqqTZj6WHS8QZahh4","googleLocationId":"ChIJ5ytFdOthUjoRstynBWlA-EM"}
2026-05-26T08:30:17.196Z [INFO]: [ApifyProvider] Reviews fetched {"outletId":"fUJCqqTZj6WHS8QZahh4","placeId":"ChIJ5ytFdOthUjoRstynBWlA-EM","count":6}
2026-05-26T08:30:17.724Z [INFO]: [ReviewService] New reviews to process {"outletId":"fUJCqqTZj6WHS8QZahh4","fetched":6,"new":0}
2026-05-26T08:30:17.725Z [INFO]: [ReviewAutomationJob] Run complete {"outlets":2,"totalFetched":7,"totalNew":0,"totalProcessed":0,"errors":0,"durationMs":17172}
2026-05-26T08:32:00.376Z [INFO]: [ReviewAutomationJob] Starting run {}
2026-05-26T08:32:00.701Z [INFO]: [ReviewAutomationJob] Processing 2 active outlet(s) {}
2026-05-26T08:32:00.702Z [INFO]: [ReviewService] Processing outlet {"outletId":"W7DOGD915CNJBe6taPp5","name":"SolBe Solar"}
2026-05-26T08:32:08.728Z [INFO]: [ApifyProvider] Reviews fetched {"outletId":"W7DOGD915CNJBe6taPp5","placeId":"ChIJqR9VTUznK2ERQFhKUX5GU-A","count":1}
2026-05-26T08:32:08.971Z [INFO]: [ReviewService] New reviews to process {"outletId":"W7DOGD915CNJBe6taPp5","fetched":1,"new":0}
2026-05-26T08:32:08.972Z [INFO]: [ReviewService] Processing outlet {"outletId":"fUJCqqTZj6WHS8QZahh4","name":"Freddie and Me"}
2026-05-26T08:32:08.972Z [WARN]: [ReviewService] SCRAPER placeId missing; using googleLocationId fallback {"outletId":"fUJCqqTZj6WHS8QZahh4","googleLocationId":"ChIJ5ytFdOthUjoRstynBWlA-EM"}
2026-05-26T08:32:16.015Z [INFO]: [ApifyProvider] Reviews fetched {"outletId":"fUJCqqTZj6WHS8QZahh4","placeId":"ChIJ5ytFdOthUjoRstynBWlA-EM","count":6}
2026-05-26T08:32:16.518Z [INFO]: [ReviewService] New reviews to process {"outletId":"fUJCqqTZj6WHS8QZahh4","fetched":6,"new":0}
2026-05-26T08:32:16.519Z [INFO]: [ReviewAutomationJob] Run complete {"outlets":2,"totalFetched":7,"totalNew":0,"totalProcessed":0,"errors":0,"durationMs":16143}
2026-05-26T08:34:00.388Z [INFO]: [ReviewAutomationJob] Starting run {}
2026-05-26T08:34:00.668Z [INFO]: [ReviewAutomationJob] Processing 2 active outlet(s) {}
2026-05-26T08:34:00.669Z [INFO]: [ReviewService] Processing outlet {"outletId":"W7DOGD915CNJBe6taPp5","name":"SolBe Solar"}
2026-05-26T08:34:11.339Z [INFO]: [ApifyProvider] Reviews fetched {"outletId":"W7DOGD915CNJBe6taPp5","placeId":"ChIJqR9VTUznK2ERQFhKUX5GU-A","count":1}
2026-05-26T08:34:11.595Z [INFO]: [ReviewService] New reviews to process {"outletId":"W7DOGD915CNJBe6taPp5","fetched":1,"new":0}
2026-05-26T08:34:11.596Z [INFO]: [ReviewService] Processing outlet {"outletId":"fUJCqqTZj6WHS8QZahh4","name":"Freddie and Me"}
2026-05-26T08:34:11.597Z [WARN]: [ReviewService] SCRAPER placeId missing; using googleLocationId fallback {"outletId":"fUJCqqTZj6WHS8QZahh4","googleLocationId":"ChIJ5ytFdOthUjoRstynBWlA-EM"}
2026-05-26T08:34:18.364Z [INFO]: [ApifyProvider] Reviews fetched {"outletId":"fUJCqqTZj6WHS8QZahh4","placeId":"ChIJ5ytFdOthUjoRstynBWlA-EM","count":6}
2026-05-26T08:34:18.892Z [INFO]: [ReviewService] New reviews to process {"outletId":"fUJCqqTZj6WHS8QZahh4","fetched":6,"new":0}
2026-05-26T08:34:18.892Z [INFO]: [ReviewAutomationJob] Run complete {"outlets":2,"totalFetched":7,"totalNew":0,"totalProcessed":0,"errors":0,"durationMs":18504}
2026-05-26T08:36:00.268Z [INFO]: [ReviewAutomationJob] Starting run {}
2026-05-26T08:36:00.549Z [INFO]: [ReviewAutomationJob] Processing 2 active outlet(s) {}
2026-05-26T08:36:00.550Z [INFO]: [ReviewService] Processing outlet {"outletId":"W7DOGD915CNJBe6taPp5","name":"SolBe Solar"}
2026-05-26T08:36:11.669Z [INFO]: [ApifyProvider] Reviews fetched {"outletId":"W7DOGD915CNJBe6taPp5","placeId":"ChIJqR9VTUznK2ERQFhKUX5GU-A","count":1}
2026-05-26T08:36:11.901Z [INFO]: [ReviewService] New reviews to process {"outletId":"W7DOGD915CNJBe6taPp5","fetched":1,"new":0}
2026-05-26T08:36:11.902Z [INFO]: [ReviewService] Processing outlet {"outletId":"fUJCqqTZj6WHS8QZahh4","name":"Freddie and Me"}
2026-05-26T08:36:11.902Z [WARN]: [ReviewService] SCRAPER placeId missing; using googleLocationId fallback {"outletId":"fUJCqqTZj6WHS8QZahh4","googleLocationId":"ChIJ5ytFdOthUjoRstynBWlA-EM"}
2026-05-26T08:36:35.897Z [INFO]: [ApifyProvider] Reviews fetched {"outletId":"fUJCqqTZj6WHS8QZahh4","placeId":"ChIJ5ytFdOthUjoRstynBWlA-EM","count":6}
2026-05-26T08:36:36.465Z [INFO]: [ReviewService] New reviews to process {"outletId":"fUJCqqTZj6WHS8QZahh4","fetched":6,"new":0}
2026-05-26T08:36:36.466Z [INFO]: [ReviewAutomationJob] Run complete {"outlets":2,"totalFetched":7,"totalNew":0,"totalProcessed":0,"errors":0,"durationMs":36198}
2026-05-26T08:38:00.845Z [INFO]: [ReviewAutomationJob] Starting run {}
2026-05-26T08:38:01.161Z [INFO]: [ReviewAutomationJob] Processing 2 active outlet(s) {}
2026-05-26T08:38:01.162Z [INFO]: [ReviewService] Processing outlet {"outletId":"W7DOGD915CNJBe6taPp5","name":"SolBe Solar"}
2026-05-26T08:38:09.290Z [INFO]: [ApifyProvider] Reviews fetched {"outletId":"W7DOGD915CNJBe6taPp5","placeId":"ChIJqR9VTUznK2ERQFhKUX5GU-A","count":1}
2026-05-26T08:38:09.544Z [INFO]: [ReviewService] New reviews to process {"outletId":"W7DOGD915CNJBe6taPp5","fetched":1,"new":0}
2026-05-26T08:38:09.545Z [INFO]: [ReviewService] Processing outlet {"outletId":"fUJCqqTZj6WHS8QZahh4","name":"Freddie and Me"}
2026-05-26T08:38:09.546Z [WARN]: [ReviewService] SCRAPER placeId missing; using googleLocationId fallback {"outletId":"fUJCqqTZj6WHS8QZahh4","googleLocationId":"ChIJ5ytFdOthUjoRstynBWlA-EM"}
2026-05-26T08:39:01.083Z [WARN]: [Retry] Apify.run attempt 1/3 failed — retrying in 1079ms {"error":"read ECONNRESET"}
2026-05-26T08:39:17.170Z [INFO]: [ApifyProvider] Reviews fetched {"outletId":"fUJCqqTZj6WHS8QZahh4","placeId":"ChIJ5ytFdOthUjoRstynBWlA-EM","count":6}
2026-05-26T08:39:18.282Z [INFO]: [ReviewService] New reviews to process {"outletId":"fUJCqqTZj6WHS8QZahh4","fetched":6,"new":0}
2026-05-26T08:39:18.283Z [INFO]: [ReviewAutomationJob] Run complete {"outlets":2,"totalFetched":7,"totalNew":0,"totalProcessed":0,"errors":0,"durationMs":77438}
2026-05-26T08:40:00.135Z [INFO]: [ReviewAutomationJob] Starting run {}
2026-05-26T08:40:00.397Z [INFO]: [ReviewAutomationJob] Processing 2 active outlet(s) {}
2026-05-26T08:40:00.398Z [INFO]: [ReviewService] Processing outlet {"outletId":"W7DOGD915CNJBe6taPp5","name":"SolBe Solar"}
2026-05-26T08:40:09.358Z [INFO]: [ApifyProvider] Reviews fetched {"outletId":"W7DOGD915CNJBe6taPp5","placeId":"ChIJqR9VTUznK2ERQFhKUX5GU-A","count":1}
2026-05-26T08:40:09.582Z [INFO]: [ReviewService] New reviews to process {"outletId":"W7DOGD915CNJBe6taPp5","fetched":1,"new":0}
2026-05-26T08:40:09.582Z [INFO]: [ReviewService] Processing outlet {"outletId":"fUJCqqTZj6WHS8QZahh4","name":"Freddie and Me"}
2026-05-26T08:40:09.583Z [WARN]: [ReviewService] SCRAPER placeId missing; using googleLocationId fallback {"outletId":"fUJCqqTZj6WHS8QZahh4","googleLocationId":"ChIJ5ytFdOthUjoRstynBWlA-EM"}
2026-05-26T08:40:09.583Z [INFO]: [ReviewService] Cooldown active - skipping fetch {"outletId":"fUJCqqTZj6WHS8QZahh4","cooldownMinutes":1,"elapsedMinutes":1}
2026-05-26T08:40:09.586Z [INFO]: [ReviewAutomationJob] Run complete {"outlets":2,"totalFetched":1,"totalNew":0,"totalProcessed":0,"errors":0,"durationMs":9451}
2026-05-26T08:42:00.285Z [INFO]: [ReviewAutomationJob] Starting run {}
2026-05-26T08:42:00.582Z [INFO]: [ReviewAutomationJob] Processing 2 active outlet(s) {}
2026-05-26T08:42:00.583Z [INFO]: [ReviewService] Processing outlet {"outletId":"W7DOGD915CNJBe6taPp5","name":"SolBe Solar"}
2026-05-26T08:42:09.432Z [INFO]: [ApifyProvider] Reviews fetched {"outletId":"W7DOGD915CNJBe6taPp5","placeId":"ChIJqR9VTUznK2ERQFhKUX5GU-A","count":1}
2026-05-26T08:42:09.702Z [INFO]: [ReviewService] New reviews to process {"outletId":"W7DOGD915CNJBe6taPp5","fetched":1,"new":0}
2026-05-26T08:42:09.703Z [INFO]: [ReviewService] Processing outlet {"outletId":"fUJCqqTZj6WHS8QZahh4","name":"Freddie and Me"}
2026-05-26T08:42:09.703Z [WARN]: [ReviewService] SCRAPER placeId missing; using googleLocationId fallback {"outletId":"fUJCqqTZj6WHS8QZahh4","googleLocationId":"ChIJ5ytFdOthUjoRstynBWlA-EM"}
2026-05-26T08:42:16.253Z [INFO]: [ApifyProvider] Reviews fetched {"outletId":"fUJCqqTZj6WHS8QZahh4","placeId":"ChIJ5ytFdOthUjoRstynBWlA-EM","count":6}
2026-05-26T08:42:16.854Z [INFO]: [ReviewService] New reviews to process {"outletId":"fUJCqqTZj6WHS8QZahh4","fetched":6,"new":0}
2026-05-26T08:42:16.855Z [INFO]: [ReviewAutomationJob] Run complete {"outlets":2,"totalFetched":7,"totalNew":0,"totalProcessed":0,"errors":0,"durationMs":16570}
2026-05-26T08:44:00.208Z [INFO]: [ReviewAutomationJob] Starting run {}
2026-05-26T08:44:00.513Z [INFO]: [ReviewAutomationJob] Processing 2 active outlet(s) {}
2026-05-26T08:44:00.514Z [INFO]: [ReviewService] Processing outlet {"outletId":"W7DOGD915CNJBe6taPp5","name":"SolBe Solar"}
2026-05-26T08:44:07.988Z [INFO]: [ApifyProvider] Reviews fetched {"outletId":"W7DOGD915CNJBe6taPp5","placeId":"ChIJqR9VTUznK2ERQFhKUX5GU-A","count":1}
2026-05-26T08:44:08.260Z [INFO]: [ReviewService] New reviews to process {"outletId":"W7DOGD915CNJBe6taPp5","fetched":1,"new":0}
2026-05-26T08:44:08.261Z [INFO]: [ReviewService] Processing outlet {"outletId":"fUJCqqTZj6WHS8QZahh4","name":"Freddie and Me"}
2026-05-26T08:44:08.261Z [WARN]: [ReviewService] SCRAPER placeId missing; using googleLocationId fallback {"outletId":"fUJCqqTZj6WHS8QZahh4","googleLocationId":"ChIJ5ytFdOthUjoRstynBWlA-EM"}
2026-05-26T08:44:19.020Z [INFO]: [ApifyProvider] Reviews fetched {"outletId":"fUJCqqTZj6WHS8QZahh4","placeId":"ChIJ5ytFdOthUjoRstynBWlA-EM","count":6}
2026-05-26T08:44:19.572Z [INFO]: [ReviewService] New reviews to process {"outletId":"fUJCqqTZj6WHS8QZahh4","fetched":6,"new":0}
2026-05-26T08:44:19.573Z [INFO]: [ReviewAutomationJob] Run complete {"outlets":2,"totalFetched":7,"totalNew":0,"totalProcessed":0,"errors":0,"durationMs":19365}
2026-05-26T08:44:50.544Z [INFO]: [ReviewAutomationJob] Scheduling with pattern: "*/2 * * * *" {}
2026-05-26T08:44:50.552Z [INFO]: [ReviewAutomationJob] Cron started {}
2026-05-26T08:44:50.555Z [INFO]: [Server] HTTP server running on port 3000 {"environment":"production"}
2026-05-26T08:45:01.029Z [INFO]: [Server] Received SIGINT — graceful shutdown initiated {}
2026-05-26T08:45:47.610Z [INFO]: [ReviewAutomationJob] Scheduling with pattern: "*/10 * * * *" {}
2026-05-26T08:45:47.622Z [INFO]: [ReviewAutomationJob] Cron started {}
2026-05-26T08:45:47.625Z [INFO]: [Server] HTTP server running on port 3000 {"environment":"production"}
2026-05-26T08:46:20.126Z [INFO]: [Firebase] Admin SDK initialized successfully {}
2026-05-26T08:47:27.489Z [INFO]: [OutletRepo] Created outlet {"id":"DRGKtW83qeQVfrrhhVeb","name":"Nasar Idiyappa Restaurant"}
2026-05-26T08:50:00.349Z [INFO]: [ReviewAutomationJob] Starting run {}
2026-05-26T08:50:00.707Z [INFO]: [ReviewAutomationJob] Processing 2 active outlet(s) {}
2026-05-26T08:50:00.709Z [INFO]: [ReviewService] Processing outlet {"outletId":"W7DOGD915CNJBe6taPp5","name":"SolBe Solar"}
2026-05-26T08:50:00.710Z [INFO]: [ReviewService] Cooldown active - skipping fetch {"outletId":"W7DOGD915CNJBe6taPp5","cooldownMinutes":180,"elapsedMinutes":6}
2026-05-26T08:50:00.711Z [INFO]: [ReviewService] Processing outlet {"outletId":"fUJCqqTZj6WHS8QZahh4","name":"Freddie and Me"}
2026-05-26T08:50:00.712Z [WARN]: [ReviewService] SCRAPER placeId missing; using googleLocationId fallback {"outletId":"fUJCqqTZj6WHS8QZahh4","googleLocationId":"ChIJ5ytFdOthUjoRstynBWlA-EM"}
2026-05-26T08:50:00.713Z [INFO]: [ReviewService] Cooldown active - skipping fetch {"outletId":"fUJCqqTZj6WHS8QZahh4","cooldownMinutes":180,"elapsedMinutes":6}
2026-05-26T08:50:00.713Z [INFO]: [ReviewAutomationJob] Run complete {"outlets":2,"totalFetched":0,"totalNew":0,"totalProcessed":0,"errors":0,"durationMs":364}
2026-05-26T09:00:00.878Z [INFO]: [ReviewAutomationJob] Starting run {}
2026-05-26T09:00:01.254Z [INFO]: [ReviewAutomationJob] Processing 2 active outlet(s) {}
2026-05-26T09:00:01.255Z [INFO]: [ReviewService] Processing outlet {"outletId":"W7DOGD915CNJBe6taPp5","name":"SolBe Solar"}
2026-05-26T09:00:01.256Z [INFO]: [ReviewService] Cooldown active - skipping fetch {"outletId":"W7DOGD915CNJBe6taPp5","cooldownMinutes":180,"elapsedMinutes":16}
2026-05-26T09:00:01.256Z [INFO]: [ReviewService] Processing outlet {"outletId":"fUJCqqTZj6WHS8QZahh4","name":"Freddie and Me"}
2026-05-26T09:00:01.257Z [WARN]: [ReviewService] SCRAPER placeId missing; using googleLocationId fallback {"outletId":"fUJCqqTZj6WHS8QZahh4","googleLocationId":"ChIJ5ytFdOthUjoRstynBWlA-EM"}
2026-05-26T09:00:01.257Z [INFO]: [ReviewService] Cooldown active - skipping fetch {"outletId":"fUJCqqTZj6WHS8QZahh4","cooldownMinutes":180,"elapsedMinutes":16}
2026-05-26T09:00:01.258Z [INFO]: [ReviewAutomationJob] Run complete {"outlets":2,"totalFetched":0,"totalNew":0,"totalProcessed":0,"errors":0,"durationMs":380}
2026-05-26T09:10:00.601Z [INFO]: [ReviewAutomationJob] Starting run {}
2026-05-26T09:10:00.973Z [INFO]: [ReviewAutomationJob] Processing 2 active outlet(s) {}
2026-05-26T09:10:00.974Z [INFO]: [ReviewService] Processing outlet {"outletId":"W7DOGD915CNJBe6taPp5","name":"SolBe Solar"}
2026-05-26T09:10:00.975Z [INFO]: [ReviewService] Cooldown active - skipping fetch {"outletId":"W7DOGD915CNJBe6taPp5","cooldownMinutes":180,"elapsedMinutes":26}
2026-05-26T09:10:00.976Z [INFO]: [ReviewService] Processing outlet {"outletId":"fUJCqqTZj6WHS8QZahh4","name":"Freddie and Me"}
2026-05-26T09:10:00.978Z [WARN]: [ReviewService] SCRAPER placeId missing; using googleLocationId fallback {"outletId":"fUJCqqTZj6WHS8QZahh4","googleLocationId":"ChIJ5ytFdOthUjoRstynBWlA-EM"}
2026-05-26T09:10:00.979Z [INFO]: [ReviewService] Cooldown active - skipping fetch {"outletId":"fUJCqqTZj6WHS8QZahh4","cooldownMinutes":180,"elapsedMinutes":26}
2026-05-26T09:10:00.979Z [INFO]: [ReviewAutomationJob] Run complete {"outlets":2,"totalFetched":0,"totalNew":0,"totalProcessed":0,"errors":0,"durationMs":378}
2026-05-27T08:13:31.363Z [INFO]: [ReviewAutomationJob] Scheduling with pattern: "*/10 * * * *" {}
2026-05-27T08:13:31.370Z [INFO]: [ReviewAutomationJob] Cron started {}
2026-05-27T08:13:31.373Z [INFO]: [Server] HTTP server running on port 3000 {"environment":"production"}
2026-05-27T08:20:00.858Z [INFO]: [ReviewAutomationJob] Starting run {}
2026-05-27T08:20:01.388Z [INFO]: [Firebase] Admin SDK initialized successfully {}
2026-05-27T08:20:03.112Z [INFO]: [ReviewAutomationJob] Processing 2 active outlet(s) {}
2026-05-27T08:20:03.115Z [INFO]: [ReviewService] Processing outlet {"outletId":"W7DOGD915CNJBe6taPp5","name":"SolBe Solar"}
2026-05-27T08:20:12.980Z [INFO]: [ApifyProvider] Reviews fetched {"outletId":"W7DOGD915CNJBe6taPp5","placeId":"ChIJqR9VTUznK2ERQFhKUX5GU-A","count":1}
2026-05-27T08:20:13.360Z [INFO]: [ReviewService] New reviews to process {"outletId":"W7DOGD915CNJBe6taPp5","fetched":1,"new":0}
2026-05-27T08:20:13.361Z [INFO]: [ReviewService] Processing outlet {"outletId":"fUJCqqTZj6WHS8QZahh4","name":"Freddie and Me"}
2026-05-27T08:20:13.362Z [WARN]: [ReviewService] SCRAPER placeId missing; using googleLocationId fallback {"outletId":"fUJCqqTZj6WHS8QZahh4","googleLocationId":"ChIJ5ytFdOthUjoRstynBWlA-EM"}
2026-05-27T08:20:21.388Z [INFO]: [ApifyProvider] Reviews fetched {"outletId":"fUJCqqTZj6WHS8QZahh4","placeId":"ChIJ5ytFdOthUjoRstynBWlA-EM","count":6}
2026-05-27T08:20:22.367Z [INFO]: [ReviewService] New reviews to process {"outletId":"fUJCqqTZj6WHS8QZahh4","fetched":6,"new":0}
2026-05-27T08:20:22.368Z [INFO]: [ReviewAutomationJob] Run complete {"outlets":2,"totalFetched":7,"totalNew":0,"totalProcessed":0,"errors":0,"durationMs":21510}
2026-05-27T08:30:00.862Z [INFO]: [ReviewAutomationJob] Starting run {}
2026-05-27T08:30:01.641Z [INFO]: [ReviewAutomationJob] Processing 2 active outlet(s) {}
2026-05-27T08:30:01.647Z [INFO]: [ReviewService] Processing outlet {"outletId":"W7DOGD915CNJBe6taPp5","name":"SolBe Solar"}
2026-05-27T08:30:01.651Z [INFO]: [ReviewService] Cooldown active - skipping fetch {"outletId":"W7DOGD915CNJBe6taPp5","cooldownMinutes":180,"elapsedMinutes":10}
2026-05-27T08:30:01.655Z [INFO]: [ReviewService] Processing outlet {"outletId":"fUJCqqTZj6WHS8QZahh4","name":"Freddie and Me"}
2026-05-27T08:30:01.655Z [WARN]: [ReviewService] SCRAPER placeId missing; using googleLocationId fallback {"outletId":"fUJCqqTZj6WHS8QZahh4","googleLocationId":"ChIJ5ytFdOthUjoRstynBWlA-EM"}
2026-05-27T08:30:01.657Z [INFO]: [ReviewService] Cooldown active - skipping fetch {"outletId":"fUJCqqTZj6WHS8QZahh4","cooldownMinutes":180,"elapsedMinutes":10}
2026-05-27T08:30:01.658Z [INFO]: [ReviewAutomationJob] Run complete {"outlets":2,"totalFetched":0,"totalNew":0,"totalProcessed":0,"errors":0,"durationMs":796}
2026-05-27T08:30:37.352Z [INFO]: [Server] Received SIGINT — graceful shutdown initiated {}
2026-05-27T08:30:43.932Z [INFO]: [ReviewAutomationJob] Scheduling with pattern: "*/10 * * * *" {}
2026-05-27T08:30:43.940Z [INFO]: [ReviewAutomationJob] Cron started {}
2026-05-27T08:30:43.942Z [INFO]: [Server] HTTP server running on port 3000 {"environment":"production"}
2026-05-27T08:34:32.043Z [INFO]: [Server] Received SIGINT — graceful shutdown initiated {}
2026-05-27T08:34:51.678Z [INFO]: [ReviewAutomationJob] Scheduling with pattern: "*/10 * * * *" {}
2026-05-27T08:34:51.692Z [INFO]: [ReviewAutomationJob] Cron started {}
2026-05-27T08:34:51.706Z [INFO]: [Server] HTTP server running on port 3000 {"environment":"production"}
2026-05-27T08:40:00.409Z [INFO]: [ReviewAutomationJob] Starting run {}
2026-05-27T08:40:00.698Z [INFO]: [Firebase] Admin SDK initialized successfully {}
2026-05-27T08:40:02.218Z [INFO]: [ReviewAutomationJob] Processing 2 active outlet(s) {}
2026-05-27T08:40:02.220Z [INFO]: [ReviewService] Processing outlet {"outletId":"W7DOGD915CNJBe6taPp5","name":"SolBe Solar"}
2026-05-27T08:40:02.221Z [INFO]: [ReviewService] Cooldown active - skipping fetch {"outletId":"W7DOGD915CNJBe6taPp5","cooldownMinutes":180,"elapsedMinutes":20}
2026-05-27T08:40:02.222Z [INFO]: [ReviewService] Processing outlet {"outletId":"fUJCqqTZj6WHS8QZahh4","name":"Freddie and Me"}
2026-05-27T08:40:02.223Z [WARN]: [ReviewService] SCRAPER placeId missing; using googleLocationId fallback {"outletId":"fUJCqqTZj6WHS8QZahh4","googleLocationId":"ChIJ5ytFdOthUjoRstynBWlA-EM"}
2026-05-27T08:40:02.223Z [INFO]: [ReviewService] Cooldown active - skipping fetch {"outletId":"fUJCqqTZj6WHS8QZahh4","cooldownMinutes":180,"elapsedMinutes":20}
2026-05-27T08:40:02.224Z [INFO]: [ReviewAutomationJob] Run complete {"outlets":2,"totalFetched":0,"totalNew":0,"totalProcessed":0,"errors":0,"durationMs":1815}
2026-05-27T08:50:00.542Z [INFO]: [ReviewAutomationJob] Starting run {}
2026-05-27T08:50:01.735Z [INFO]: [ReviewAutomationJob] Processing 2 active outlet(s) {}
2026-05-27T08:50:01.736Z [INFO]: [ReviewService] Processing outlet {"outletId":"W7DOGD915CNJBe6taPp5","name":"SolBe Solar"}
2026-05-27T08:50:01.736Z [INFO]: [ReviewService] Cooldown active - skipping fetch {"outletId":"W7DOGD915CNJBe6taPp5","cooldownMinutes":180,"elapsedMinutes":30}
2026-05-27T08:50:01.737Z [INFO]: [ReviewService] Processing outlet {"outletId":"fUJCqqTZj6WHS8QZahh4","name":"Freddie and Me"}
2026-05-27T08:50:01.737Z [WARN]: [ReviewService] SCRAPER placeId missing; using googleLocationId fallback {"outletId":"fUJCqqTZj6WHS8QZahh4","googleLocationId":"ChIJ5ytFdOthUjoRstynBWlA-EM"}
2026-05-27T08:50:01.738Z [INFO]: [ReviewService] Cooldown active - skipping fetch {"outletId":"fUJCqqTZj6WHS8QZahh4","cooldownMinutes":180,"elapsedMinutes":30}
2026-05-27T08:50:01.738Z [INFO]: [ReviewAutomationJob] Run complete {"outlets":2,"totalFetched":0,"totalNew":0,"totalProcessed":0,"errors":0,"durationMs":1196}
2026-05-27T09:00:00.332Z [INFO]: [ReviewAutomationJob] Starting run {}
2026-05-27T09:00:03.744Z [INFO]: [ReviewAutomationJob] Processing 2 active outlet(s) {}
2026-05-27T09:00:03.745Z [INFO]: [ReviewService] Processing outlet {"outletId":"W7DOGD915CNJBe6taPp5","name":"SolBe Solar"}
2026-05-27T09:00:03.746Z [INFO]: [ReviewService] Cooldown active - skipping fetch {"outletId":"W7DOGD915CNJBe6taPp5","cooldownMinutes":180,"elapsedMinutes":40}
2026-05-27T09:00:03.747Z [INFO]: [ReviewService] Processing outlet {"outletId":"fUJCqqTZj6WHS8QZahh4","name":"Freddie and Me"}
2026-05-27T09:00:03.748Z [WARN]: [ReviewService] SCRAPER placeId missing; using googleLocationId fallback {"outletId":"fUJCqqTZj6WHS8QZahh4","googleLocationId":"ChIJ5ytFdOthUjoRstynBWlA-EM"}
2026-05-27T09:00:03.748Z [INFO]: [ReviewService] Cooldown active - skipping fetch {"outletId":"fUJCqqTZj6WHS8QZahh4","cooldownMinutes":180,"elapsedMinutes":40}
2026-05-27T09:00:03.749Z [INFO]: [ReviewAutomationJob] Run complete {"outlets":2,"totalFetched":0,"totalNew":0,"totalProcessed":0,"errors":0,"durationMs":3417}
2026-05-27T09:00:23.487Z [INFO]: [Server] Received SIGINT — graceful shutdown initiated {}
2026-05-27T11:28:26.895Z [INFO]: [ReviewAutomationJob] Scheduling with pattern: "0 10,15,21 * * *" {}
2026-05-27T11:28:26.908Z [INFO]: [ReviewAutomationJob] Cron started {}
2026-05-27T11:28:26.911Z [INFO]: [Server] HTTP server running on port 3000 {"environment":"production"}
2026-05-27T11:28:53.187Z [INFO]: [ReviewAutomationJob] Scheduling with pattern: "0 10,17,21 * * *" {}
2026-05-27T11:28:53.196Z [INFO]: [ReviewAutomationJob] Cron started {}
2026-05-27T11:28:53.200Z [INFO]: [Server] HTTP server running on port 3000 {"environment":"production"}
2026-05-27T11:30:00.812Z [INFO]: [ReviewAutomationJob] Starting run {}
2026-05-27T11:30:01.226Z [INFO]: [Firebase] Admin SDK initialized successfully {}
2026-05-27T11:30:03.024Z [INFO]: [ReviewAutomationJob] Processing 3 active outlet(s) {}
2026-05-27T11:30:03.028Z [INFO]: [ReviewService] Processing outlet {"outletId":"D7ID63kW8KXeXZZhVRtV","name":"Prores India"}
2026-05-27T11:30:03.030Z [INFO]: [ReviewService] Cooldown active - skipping fetch {"outletId":"D7ID63kW8KXeXZZhVRtV","cooldownMinutes":180,"elapsedMinutes":70}
2026-05-27T11:30:03.031Z [INFO]: [ReviewService] Processing outlet {"outletId":"W7DOGD915CNJBe6taPp5","name":"SolBe Solar"}
2026-05-27T11:30:18.278Z [INFO]: [ApifyProvider] Reviews fetched {"outletId":"W7DOGD915CNJBe6taPp5","placeId":"ChIJqR9VTUznK2ERQFhKUX5GU-A","count":1}
2026-05-27T11:30:18.676Z [INFO]: [ReviewService] New reviews to process {"outletId":"W7DOGD915CNJBe6taPp5","fetched":1,"new":0}
2026-05-27T11:30:18.677Z [INFO]: [ReviewService] Processing outlet {"outletId":"fUJCqqTZj6WHS8QZahh4","name":"Freddie and Me"}
2026-05-27T11:30:18.679Z [WARN]: [ReviewService] SCRAPER placeId missing; using googleLocationId fallback {"outletId":"fUJCqqTZj6WHS8QZahh4","googleLocationId":"ChIJ5ytFdOthUjoRstynBWlA-EM"}
2026-05-27T11:30:20.708Z [INFO]: [Server] Received SIGINT — graceful shutdown initiated {}
2026-05-27T11:30:30.228Z [INFO]: [ReviewAutomationJob] Scheduling with pattern: "0 10,15,21 * * *" {}
2026-05-27T11:30:30.238Z [INFO]: [ReviewAutomationJob] Cron started {}
2026-05-27T11:30:30.241Z [INFO]: [Server] HTTP server running on port 3000 {"environment":"production"}
2026-05-27T11:30:31.294Z [INFO]: [Server] Received SIGINT — graceful shutdown initiated {}
2026-05-28T07:37:55.416Z [INFO]: [ReviewAutomationJob] Scheduling with pattern: "0 10,15,21 * * *" {}
2026-05-28T07:37:55.421Z [INFO]: [ReviewAutomationJob] Cron started {}
2026-05-28T07:37:55.422Z [INFO]: [Server] HTTP server running on port 3000 {"environment":"production"}
2026-05-28T07:46:50.538Z [INFO]: [Firebase] Admin SDK initialized successfully {}
2026-05-28T07:47:09.687Z [INFO]: [OutletRepo] Created outlet {"id":"ZL1iHGIbX9hsCH78BNbh","name":"SolBe Solar"}
2026-05-28T07:47:09.689Z [INFO]: [ReviewService] Triggering immediate review processing for outlet: ZL1iHGIbX9hsCH78BNbh {}
2026-05-28T07:47:09.946Z [INFO]: [ReviewService] Processing outlet {"outletId":"ZL1iHGIbX9hsCH78BNbh","name":"SolBe Solar"}
2026-05-28T07:47:32.142Z [INFO]: [ApifyProvider] Reviews fetched {"outletId":"ZL1iHGIbX9hsCH78BNbh","placeId":"ChIJqR9VTUznK2ERQFhKUX5GU-A","count":1}
2026-05-28T07:47:32.568Z [INFO]: [ReviewService] New reviews to process {"outletId":"ZL1iHGIbX9hsCH78BNbh","fetched":1,"new":0}
2026-05-28T07:47:32.569Z [INFO]: [ReviewService] Immediate review processing complete for outlet: ZL1iHGIbX9hsCH78BNbh {}
2026-05-28T07:53:55.530Z [INFO]: [OutletRepo] Created outlet {"id":"5KgO2CBZM7ae3zLfekYS","name":"Velan bakery"}
2026-05-28T07:53:55.531Z [INFO]: [ReviewService] Triggering immediate review processing for outlet: 5KgO2CBZM7ae3zLfekYS {}
2026-05-28T07:53:55.667Z [INFO]: [ReviewService] Processing outlet {"outletId":"5KgO2CBZM7ae3zLfekYS","name":"Velan bakery"}
2026-05-28T07:54:26.791Z [INFO]: [ApifyProvider] Reviews fetched {"outletId":"5KgO2CBZM7ae3zLfekYS","placeId":"ChIJz8VbSgC5qjsRqB97n60f4Nc","count":3}
2026-05-28T07:54:27.914Z [INFO]: [ReviewService] New reviews to process {"outletId":"5KgO2CBZM7ae3zLfekYS","fetched":3,"new":3}
2026-05-28T07:54:30.972Z [INFO]: [ReviewService] Reply saved for posting {"outletId":"5KgO2CBZM7ae3zLfekYS","reviewId":"c17cd84ba012ad198d175389e310fcaa8bdc8e33e7ea949a28e9c3f039fe3a7d","rating":5}
2026-05-28T07:54:41.681Z [INFO]: [WhatsApp] Alert sent to manager {"to":"+919384926154","outletName":"Velan bakery","rating":3,"provider":"twilio"}
2026-05-28T07:54:42.006Z [INFO]: [ReviewService] Review escalated {"outletId":"5KgO2CBZM7ae3zLfekYS","reviewId":"d7c24c3092d8721158b1ecb2da37559ee7c0100d45b8e8182dbe78972a8ddbfd","rating":3}
2026-05-28T07:54:51.263Z [INFO]: [ReviewService] Reply saved for posting {"outletId":"5KgO2CBZM7ae3zLfekYS","reviewId":"4d7e4e839cdf978145e4927a526e30e70558328b31ad196a87e10af72d3196dc","rating":5}
2026-05-28T07:55:00.042Z [INFO]: [ReviewService] Immediate review processing complete for outlet: 5KgO2CBZM7ae3zLfekYS {}
2026-05-28T08:46:09.894Z [INFO]: [OutletRepo] Outlet ZL1iHGIbX9hsCH78BNbh status set to false {}
2026-05-28T09:30:00.681Z [INFO]: [ReviewAutomationJob] Starting run {}
2026-05-28T09:30:01.117Z [INFO]: [ReviewAutomationJob] Processing 5 active outlet(s) {}
2026-05-28T09:30:01.118Z [INFO]: [ReviewService] Processing outlet {"outletId":"5KgO2CBZM7ae3zLfekYS","name":"Velan bakery"}
2026-05-28T09:30:01.120Z [INFO]: [ReviewService] Cooldown active - skipping fetch {"outletId":"5KgO2CBZM7ae3zLfekYS","cooldownMinutes":180,"elapsedMinutes":96}
2026-05-28T09:30:01.121Z [INFO]: [ReviewService] Processing outlet {"outletId":"D7ID63kW8KXeXZZhVRtV","name":"Prores India"}
2026-05-28T09:30:30.271Z [INFO]: [ApifyProvider] Reviews fetched {"outletId":"D7ID63kW8KXeXZZhVRtV","placeId":"ChIJCxdeoLFjUjoR9-kylfOoW3w","count":1}
2026-05-28T09:30:30.654Z [INFO]: [ReviewService] New reviews to process {"outletId":"D7ID63kW8KXeXZZhVRtV","fetched":1,"new":0}
2026-05-28T09:30:30.655Z [INFO]: [ReviewService] Processing outlet {"outletId":"fUJCqqTZj6WHS8QZahh4","name":"Freddie and Me"}
2026-05-28T09:30:30.656Z [WARN]: [ReviewService] SCRAPER placeId missing; using googleLocationId fallback {"outletId":"fUJCqqTZj6WHS8QZahh4","googleLocationId":"ChIJ5ytFdOthUjoRstynBWlA-EM"}
2026-05-28T09:30:55.879Z [INFO]: [ApifyProvider] Reviews fetched {"outletId":"fUJCqqTZj6WHS8QZahh4","placeId":"ChIJ5ytFdOthUjoRstynBWlA-EM","count":7}
2026-05-28T09:30:56.632Z [INFO]: [ReviewService] New reviews to process {"outletId":"fUJCqqTZj6WHS8QZahh4","fetched":7,"new":0}
2026-05-28T09:30:56.633Z [INFO]: [ReviewService] Processing outlet {"outletId":"nIoCKU5juYl5j3NgaLDv","name":"Copper Kitchen Mogappair"}
2026-05-28T09:31:11.324Z [INFO]: [ApifyProvider] Reviews fetched {"outletId":"nIoCKU5juYl5j3NgaLDv","placeId":"ChIJ12ZnXY1jUjoRSvWK9wEBFoU","count":15}
2026-05-28T09:31:12.453Z [INFO]: [ReviewService] New reviews to process {"outletId":"nIoCKU5juYl5j3NgaLDv","fetched":15,"new":1}
2026-05-28T09:31:16.010Z [INFO]: [ReviewService] Reply saved for posting {"outletId":"nIoCKU5juYl5j3NgaLDv","reviewId":"383cc999482c3e666df2ffd55d14b6fdf8d06e44a7cf5ebf2891ecd5a6b65ca9","rating":5}
2026-05-28T09:31:23.233Z [INFO]: [ReviewService] Processing outlet {"outletId":"qtMHGhPNUoQqXxSRa8YU","name":"Arumugam Cow Foods(Suguna feed dealer)"}
2026-05-28T09:31:46.580Z [INFO]: [ApifyProvider] Reviews fetched {"outletId":"qtMHGhPNUoQqXxSRa8YU","placeId":"ChIJt0FQa0R5ADsRIvbo9crO3hI","count":1}
2026-05-28T09:31:46.914Z [INFO]: [ReviewService] New reviews to process {"outletId":"qtMHGhPNUoQqXxSRa8YU","fetched":1,"new":0}
2026-05-28T09:31:46.916Z [INFO]: [ReviewAutomationJob] Run complete {"outlets":5,"totalFetched":24,"totalNew":1,"totalProcessed":1,"errors":0,"durationMs":106234}
2026-05-28T09:33:49.974Z [INFO]: [ReviewAutomationJob] Scheduling with pattern: "0 10,15,21 * * *" {}
2026-05-28T09:33:49.984Z [INFO]: [ReviewAutomationJob] Cron started {}
2026-05-28T09:33:49.987Z [INFO]: [Server] HTTP server running on port 3000 {"environment":"production"}
2026-05-28T09:34:33.404Z [INFO]: [Firebase] Admin SDK initialized successfully {}
2026-05-28T09:35:52.066Z [INFO]: [ReviewAutomationJob] Scheduling with pattern: "0 10,15,21 * * *" {}
2026-05-28T09:35:52.076Z [INFO]: [ReviewAutomationJob] Cron started {}
2026-05-28T09:35:52.079Z [INFO]: [Server] HTTP server running on port 3000 {"environment":"production"}
2026-05-28T09:36:03.813Z [INFO]: [ReviewAutomationJob] Scheduling with pattern: "0 10,15,21 * * *" {}
2026-05-28T09:36:03.822Z [INFO]: [ReviewAutomationJob] Cron started {}
2026-05-28T09:36:03.826Z [INFO]: [Server] HTTP server running on port 3000 {"environment":"production"}
2026-05-28T09:36:22.262Z [INFO]: [ReviewAutomationJob] Scheduling with pattern: "0 10,15,21 * * *" {}
2026-05-28T09:36:22.271Z [INFO]: [ReviewAutomationJob] Cron started {}
2026-05-28T09:36:22.275Z [INFO]: [Server] HTTP server running on port 3000 {"environment":"production"}
2026-05-28T09:36:26.450Z [INFO]: [Firebase] Admin SDK initialized successfully {}
2026-05-28T09:39:07.403Z [INFO]: [ReviewAutomationJob] Scheduling with pattern: "0 10,15,21 * * *" {}
2026-05-28T09:39:07.412Z [INFO]: [ReviewAutomationJob] Cron started {}
2026-05-28T09:39:07.414Z [INFO]: [Server] HTTP server running on port 3000 {"environment":"production"}
2026-05-28T09:39:14.821Z [INFO]: [Firebase] Admin SDK initialized successfully {}
2026-05-28T09:39:23.613Z [INFO]: [AdminRoute] Bulk deleting old logs {"limit":50}
2026-05-28T09:39:24.152Z [INFO]: [AdminRoute] Old logs deleted successfully {"deleted":50}
2026-05-28T09:39:52.255Z [INFO]: [AdminRoute] Bulk deleting old logs {"limit":100}
2026-05-28T09:39:53.208Z [INFO]: [AdminRoute] Old logs deleted successfully {"deleted":100}
2026-05-28T09:44:53.728Z [INFO]: [ReviewAutomationJob] Scheduling with pattern: "0 10,15,21 * * *" {}
2026-05-28T09:44:53.738Z [INFO]: [ReviewAutomationJob] Cron started {}
2026-05-28T09:44:53.741Z [INFO]: [Server] HTTP server running on port 3000 {"environment":"production"}
2026-05-28T09:45:41.652Z [INFO]: [Firebase] Admin SDK initialized successfully {}
2026-05-28T09:51:04.647Z [INFO]: [ReviewAutomationJob] Scheduling with pattern: "0 10,15,21 * * *" {}
2026-05-28T09:51:04.656Z [INFO]: [ReviewAutomationJob] Cron started {}
2026-05-28T09:51:04.659Z [INFO]: [Server] HTTP server running on port 3000 {"environment":"production"}
2026-05-28T09:51:21.181Z [INFO]: [ReviewAutomationJob] Scheduling with pattern: "0 10,15,21 * * *" {}
2026-05-28T09:51:21.193Z [INFO]: [ReviewAutomationJob] Cron started {}
2026-05-28T09:51:21.196Z [INFO]: [Server] HTTP server running on port 3000 {"environment":"production"}
2026-05-28T09:58:58.965Z [INFO]: [ReviewAutomationJob] Scheduling with pattern: "0 10,15,21 * * *" {}
2026-05-28T09:58:58.975Z [INFO]: [ReviewAutomationJob] Cron started {}
2026-05-28T09:58:58.978Z [INFO]: [Server] HTTP server running on port 3000 {"environment":"production"}
2026-05-28T10:02:28.979Z [INFO]: [Firebase] Admin SDK initialized successfully {}
2026-05-28T10:05:56.516Z [INFO]: [ReviewAutomationJob] Scheduling with pattern: "0 10,15,21 * * *" {}
2026-05-28T10:05:56.526Z [INFO]: [ReviewAutomationJob] Cron started {}
2026-05-28T10:05:56.529Z [INFO]: [Server] HTTP server running on port 3000 {"environment":"production"}
2026-05-28T10:06:00.582Z [INFO]: [Firebase] Admin SDK initialized successfully {}
2026-05-28T10:06:01.711Z [ERROR]: [AdminRoute] Failed to fetch logs {"error":"9 FAILED_PRECONDITION: The query requires an index. You can create it here: https://console.firebase.google.com/v1/r/project/gmb-onerepute/firestore/indexes?create_composite=ClJwcm9qZWN0cy9nbWItb25lcmVwdXRlL2RhdGFiYXNlcy8oZGVmYXVsdCkvY29sbGVjdGlvbkdyb3Vwcy9hY3Rpdml0eUxvZ3MvaW5kZXhlcy9fEAEaCgoGc3RhdHVzEAEaDQoJdGltZXN0YW1wEAIaDAoIX19uYW1lX18QAg"}
2026-05-28T10:06:10.667Z [ERROR]: [AdminRoute] Failed to fetch logs {"error":"9 FAILED_PRECONDITION: The query requires an index. You can create it here: https://console.firebase.google.com/v1/r/project/gmb-onerepute/firestore/indexes?create_composite=ClJwcm9qZWN0cy9nbWItb25lcmVwdXRlL2RhdGFiYXNlcy8oZGVmYXVsdCkvY29sbGVjdGlvbkdyb3Vwcy9hY3Rpdml0eUxvZ3MvaW5kZXhlcy9fEAEaCgoGc3RhdHVzEAEaDQoJdGltZXN0YW1wEAIaDAoIX19uYW1lX18QAg"}
2026-05-28T10:06:11.827Z [ERROR]: [AdminRoute] Failed to fetch logs {"error":"9 FAILED_PRECONDITION: The query requires an index. You can create it here: https://console.firebase.google.com/v1/r/project/gmb-onerepute/firestore/indexes?create_composite=ClJwcm9qZWN0cy9nbWItb25lcmVwdXRlL2RhdGFiYXNlcy8oZGVmYXVsdCkvY29sbGVjdGlvbkdyb3Vwcy9hY3Rpdml0eUxvZ3MvaW5kZXhlcy9fEAEaCgoGc3RhdHVzEAEaDQoJdGltZXN0YW1wEAIaDAoIX19uYW1lX18QAg"}
2026-05-28T10:06:14.855Z [ERROR]: [AdminRoute] Failed to fetch logs {"error":"9 FAILED_PRECONDITION: The query requires an index. You can create it here: https://console.firebase.google.com/v1/r/project/gmb-onerepute/firestore/indexes?create_composite=ClJwcm9qZWN0cy9nbWItb25lcmVwdXRlL2RhdGFiYXNlcy8oZGVmYXVsdCkvY29sbGVjdGlvbkdyb3Vwcy9hY3Rpdml0eUxvZ3MvaW5kZXhlcy9fEAEaCgoGc3RhdHVzEAEaDQoJdGltZXN0YW1wEAIaDAoIX19uYW1lX18QAg"}
2026-05-28T10:06:16.008Z [ERROR]: [AdminRoute] Failed to fetch logs {"error":"9 FAILED_PRECONDITION: The query requires an index. You can create it here: https://console.firebase.google.com/v1/r/project/gmb-onerepute/firestore/indexes?create_composite=ClJwcm9qZWN0cy9nbWItb25lcmVwdXRlL2RhdGFiYXNlcy8oZGVmYXVsdCkvY29sbGVjdGlvbkdyb3Vwcy9hY3Rpdml0eUxvZ3MvaW5kZXhlcy9fEAEaCgoGc3RhdHVzEAEaDQoJdGltZXN0YW1wEAIaDAoIX19uYW1lX18QAg"}
2026-05-28T10:06:24.748Z [ERROR]: [AdminRoute] Failed to fetch logs {"error":"9 FAILED_PRECONDITION: The query requires an index. You can create it here: https://console.firebase.google.com/v1/r/project/gmb-onerepute/firestore/indexes?create_composite=ClJwcm9qZWN0cy9nbWItb25lcmVwdXRlL2RhdGFiYXNlcy8oZGVmYXVsdCkvY29sbGVjdGlvbkdyb3Vwcy9hY3Rpdml0eUxvZ3MvaW5kZXhlcy9fEAEaCgoGc3RhdHVzEAEaDQoJdGltZXN0YW1wEAIaDAoIX19uYW1lX18QAg"}
2026-05-28T10:06:25.883Z [ERROR]: [AdminRoute] Failed to fetch logs {"error":"9 FAILED_PRECONDITION: The query requires an index. You can create it here: https://console.firebase.google.com/v1/r/project/gmb-onerepute/firestore/indexes?create_composite=ClJwcm9qZWN0cy9nbWItb25lcmVwdXRlL2RhdGFiYXNlcy8oZGVmYXVsdCkvY29sbGVjdGlvbkdyb3Vwcy9hY3Rpdml0eUxvZ3MvaW5kZXhlcy9fEAEaCgoGc3RhdHVzEAEaDQoJdGltZXN0YW1wEAIaDAoIX19uYW1lX18QAg"}
2026-05-28T10:07:43.332Z [ERROR]: [AdminRoute] Failed to fetch logs {"error":"9 FAILED_PRECONDITION: The query requires an index. You can create it here: https://console.firebase.google.com/v1/r/project/gmb-onerepute/firestore/indexes?create_composite=ClJwcm9qZWN0cy9nbWItb25lcmVwdXRlL2RhdGFiYXNlcy8oZGVmYXVsdCkvY29sbGVjdGlvbkdyb3Vwcy9hY3Rpdml0eUxvZ3MvaW5kZXhlcy9fEAEaCgoGc3RhdHVzEAEaDQoJdGltZXN0YW1wEAIaDAoIX19uYW1lX18QAg"}
2026-05-28T10:07:45.969Z [ERROR]: [AdminRoute] Failed to fetch logs {"error":"9 FAILED_PRECONDITION: The query requires an index. You can create it here: https://console.firebase.google.com/v1/r/project/gmb-onerepute/firestore/indexes?create_composite=ClJwcm9qZWN0cy9nbWItb25lcmVwdXRlL2RhdGFiYXNlcy8oZGVmYXVsdCkvY29sbGVjdGlvbkdyb3Vwcy9hY3Rpdml0eUxvZ3MvaW5kZXhlcy9fEAEaCgoGc3RhdHVzEAEaDQoJdGltZXN0YW1wEAIaDAoIX19uYW1lX18QAg"}
2026-05-28T10:08:17.280Z [ERROR]: [AdminRoute] Failed to fetch logs {"error":"9 FAILED_PRECONDITION: The query requires an index. You can create it here: https://console.firebase.google.com/v1/r/project/gmb-onerepute/firestore/indexes?create_composite=ClJwcm9qZWN0cy9nbWItb25lcmVwdXRlL2RhdGFiYXNlcy8oZGVmYXVsdCkvY29sbGVjdGlvbkdyb3Vwcy9hY3Rpdml0eUxvZ3MvaW5kZXhlcy9fEAEaCgoGc3RhdHVzEAEaDQoJdGltZXN0YW1wEAIaDAoIX19uYW1lX18QAg"}
2026-05-28T10:08:18.404Z [ERROR]: [AdminRoute] Failed to fetch logs {"error":"9 FAILED_PRECONDITION: The query requires an index. You can create it here: https://console.firebase.google.com/v1/r/project/gmb-onerepute/firestore/indexes?create_composite=ClJwcm9qZWN0cy9nbWItb25lcmVwdXRlL2RhdGFiYXNlcy8oZGVmYXVsdCkvY29sbGVjdGlvbkdyb3Vwcy9hY3Rpdml0eUxvZ3MvaW5kZXhlcy9fEAEaCgoGc3RhdHVzEAEaDQoJdGltZXN0YW1wEAIaDAoIX19uYW1lX18QAg"}
2026-05-28T10:09:05.786Z [ERROR]: [AdminRoute] Failed to fetch logs {"error":"9 FAILED_PRECONDITION: The query requires an index. You can create it here: https://console.firebase.google.com/v1/r/project/gmb-onerepute/firestore/indexes?create_composite=ClJwcm9qZWN0cy9nbWItb25lcmVwdXRlL2RhdGFiYXNlcy8oZGVmYXVsdCkvY29sbGVjdGlvbkdyb3Vwcy9hY3Rpdml0eUxvZ3MvaW5kZXhlcy9fEAEaCgoGc3RhdHVzEAEaDQoJdGltZXN0YW1wEAIaDAoIX19uYW1lX18QAg"}
2026-05-28T10:09:07.311Z [ERROR]: [AdminRoute] Failed to fetch logs {"error":"9 FAILED_PRECONDITION: The query requires an index. You can create it here: https://console.firebase.google.com/v1/r/project/gmb-onerepute/firestore/indexes?create_composite=ClJwcm9qZWN0cy9nbWItb25lcmVwdXRlL2RhdGFiYXNlcy8oZGVmYXVsdCkvY29sbGVjdGlvbkdyb3Vwcy9hY3Rpdml0eUxvZ3MvaW5kZXhlcy9fEAEaCgoGc3RhdHVzEAEaDQoJdGltZXN0YW1wEAIaDAoIX19uYW1lX18QAg"}
2026-05-28T10:09:10.209Z [ERROR]: [AdminRoute] Failed to fetch logs {"error":"9 FAILED_PRECONDITION: The query requires an index. You can create it here: https://console.firebase.google.com/v1/r/project/gmb-onerepute/firestore/indexes?create_composite=ClJwcm9qZWN0cy9nbWItb25lcmVwdXRlL2RhdGFiYXNlcy8oZGVmYXVsdCkvY29sbGVjdGlvbkdyb3Vwcy9hY3Rpdml0eUxvZ3MvaW5kZXhlcy9fEAEaCgoGc3RhdHVzEAEaDQoJdGltZXN0YW1wEAIaDAoIX19uYW1lX18QAg"}
2026-05-28T10:09:12.140Z [ERROR]: [AdminRoute] Failed to fetch logs {"error":"9 FAILED_PRECONDITION: The query requires an index. You can create it here: https://console.firebase.google.com/v1/r/project/gmb-onerepute/firestore/indexes?create_composite=ClJwcm9qZWN0cy9nbWItb25lcmVwdXRlL2RhdGFiYXNlcy8oZGVmYXVsdCkvY29sbGVjdGlvbkdyb3Vwcy9hY3Rpdml0eUxvZ3MvaW5kZXhlcy9fEAEaCgoGc3RhdHVzEAEaDQoJdGltZXN0YW1wEAIaDAoIX19uYW1lX18QAg"}
2026-05-28T10:09:16.342Z [ERROR]: [AdminRoute] Failed to fetch logs {"error":"9 FAILED_PRECONDITION: The query requires an index. You can create it here: https://console.firebase.google.com/v1/r/project/gmb-onerepute/firestore/indexes?create_composite=ClJwcm9qZWN0cy9nbWItb25lcmVwdXRlL2RhdGFiYXNlcy8oZGVmYXVsdCkvY29sbGVjdGlvbkdyb3Vwcy9hY3Rpdml0eUxvZ3MvaW5kZXhlcy9fEAEaCgoGc3RhdHVzEAEaDQoJdGltZXN0YW1wEAIaDAoIX19uYW1lX18QAg"}
2026-05-28T10:09:17.470Z [ERROR]: [AdminRoute] Failed to fetch logs {"error":"9 FAILED_PRECONDITION: The query requires an index. You can create it here: https://console.firebase.google.com/v1/r/project/gmb-onerepute/firestore/indexes?create_composite=ClJwcm9qZWN0cy9nbWItb25lcmVwdXRlL2RhdGFiYXNlcy8oZGVmYXVsdCkvY29sbGVjdGlvbkdyb3Vwcy9hY3Rpdml0eUxvZ3MvaW5kZXhlcy9fEAEaCgoGc3RhdHVzEAEaDQoJdGltZXN0YW1wEAIaDAoIX19uYW1lX18QAg"}
2026-05-28T10:09:18.585Z [ERROR]: [AdminRoute] Failed to fetch logs {"error":"9 FAILED_PRECONDITION: The query requires an index. You can create it here: https://console.firebase.google.com/v1/r/project/gmb-onerepute/firestore/indexes?create_composite=ClJwcm9qZWN0cy9nbWItb25lcmVwdXRlL2RhdGFiYXNlcy8oZGVmYXVsdCkvY29sbGVjdGlvbkdyb3Vwcy9hY3Rpdml0eUxvZ3MvaW5kZXhlcy9fEAEaCgoGc3RhdHVzEAEaDQoJdGltZXN0YW1wEAIaDAoIX19uYW1lX18QAg"}
2026-05-28T10:09:19.714Z [ERROR]: [AdminRoute] Failed to fetch logs {"error":"9 FAILED_PRECONDITION: The query requires an index. You can create it here: https://console.firebase.google.com/v1/r/project/gmb-onerepute/firestore/indexes?create_composite=ClJwcm9qZWN0cy9nbWItb25lcmVwdXRlL2RhdGFiYXNlcy8oZGVmYXVsdCkvY29sbGVjdGlvbkdyb3Vwcy9hY3Rpdml0eUxvZ3MvaW5kZXhlcy9fEAEaCgoGc3RhdHVzEAEaDQoJdGltZXN0YW1wEAIaDAoIX19uYW1lX18QAg"}
2026-05-28T10:09:20.757Z [ERROR]: [AdminRoute] Failed to fetch logs {"error":"9 FAILED_PRECONDITION: The query requires an index. You can create it here: https://console.firebase.google.com/v1/r/project/gmb-onerepute/firestore/indexes?create_composite=ClJwcm9qZWN0cy9nbWItb25lcmVwdXRlL2RhdGFiYXNlcy8oZGVmYXVsdCkvY29sbGVjdGlvbkdyb3Vwcy9hY3Rpdml0eUxvZ3MvaW5kZXhlcy9fEAEaCgoGc3RhdHVzEAEaDQoJdGltZXN0YW1wEAIaDAoIX19uYW1lX18QAg"}
2026-05-28T10:09:21.891Z [ERROR]: [AdminRoute] Failed to fetch logs {"error":"9 FAILED_PRECONDITION: The query requires an index. You can create it here: https://console.firebase.google.com/v1/r/project/gmb-onerepute/firestore/indexes?create_composite=ClJwcm9qZWN0cy9nbWItb25lcmVwdXRlL2RhdGFiYXNlcy8oZGVmYXVsdCkvY29sbGVjdGlvbkdyb3Vwcy9hY3Rpdml0eUxvZ3MvaW5kZXhlcy9fEAEaCgoGc3RhdHVzEAEaDQoJdGltZXN0YW1wEAIaDAoIX19uYW1lX18QAg"}
2026-05-28T10:10:08.800Z [ERROR]: [AdminRoute] Failed to fetch logs {"error":"9 FAILED_PRECONDITION: The query requires an index. You can create it here: https://console.firebase.google.com/v1/r/project/gmb-onerepute/firestore/indexes?create_composite=ClJwcm9qZWN0cy9nbWItb25lcmVwdXRlL2RhdGFiYXNlcy8oZGVmYXVsdCkvY29sbGVjdGlvbkdyb3Vwcy9hY3Rpdml0eUxvZ3MvaW5kZXhlcy9fEAEaCgoGc3RhdHVzEAEaDQoJdGltZXN0YW1wEAIaDAoIX19uYW1lX18QAg"}
2026-05-28T10:10:09.939Z [ERROR]: [AdminRoute] Failed to fetch logs {"error":"9 FAILED_PRECONDITION: The query requires an index. You can create it here: https://console.firebase.google.com/v1/r/project/gmb-onerepute/firestore/indexes?create_composite=ClJwcm9qZWN0cy9nbWItb25lcmVwdXRlL2RhdGFiYXNlcy8oZGVmYXVsdCkvY29sbGVjdGlvbkdyb3Vwcy9hY3Rpdml0eUxvZ3MvaW5kZXhlcy9fEAEaCgoGc3RhdHVzEAEaDQoJdGltZXN0YW1wEAIaDAoIX19uYW1lX18QAg"}
2026-05-28T10:10:11.416Z [ERROR]: [AdminRoute] Failed to fetch logs {"error":"9 FAILED_PRECONDITION: The query requires an index. You can create it here: https://console.firebase.google.com/v1/r/project/gmb-onerepute/firestore/indexes?create_composite=ClJwcm9qZWN0cy9nbWItb25lcmVwdXRlL2RhdGFiYXNlcy8oZGVmYXVsdCkvY29sbGVjdGlvbkdyb3Vwcy9hY3Rpdml0eUxvZ3MvaW5kZXhlcy9fEAEaCgoGc3RhdHVzEAEaDQoJdGltZXN0YW1wEAIaDAoIX19uYW1lX18QAg"}
2026-05-28T10:10:12.560Z [ERROR]: [AdminRoute] Failed to fetch logs {"error":"9 FAILED_PRECONDITION: The query requires an index. You can create it here: https://console.firebase.google.com/v1/r/project/gmb-onerepute/firestore/indexes?create_composite=ClJwcm9qZWN0cy9nbWItb25lcmVwdXRlL2RhdGFiYXNlcy8oZGVmYXVsdCkvY29sbGVjdGlvbkdyb3Vwcy9hY3Rpdml0eUxvZ3MvaW5kZXhlcy9fEAEaCgoGc3RhdHVzEAEaDQoJdGltZXN0YW1wEAIaDAoIX19uYW1lX18QAg"}
2026-05-28T10:10:13.281Z [ERROR]: [AdminRoute] Failed to fetch logs {"error":"9 FAILED_PRECONDITION: The query requires an index. You can create it here: https://console.firebase.google.com/v1/r/project/gmb-onerepute/firestore/indexes?create_composite=ClJwcm9qZWN0cy9nbWItb25lcmVwdXRlL2RhdGFiYXNlcy8oZGVmYXVsdCkvY29sbGVjdGlvbkdyb3Vwcy9hY3Rpdml0eUxvZ3MvaW5kZXhlcy9fEAEaCgoGc3RhdHVzEAEaDQoJdGltZXN0YW1wEAIaDAoIX19uYW1lX18QAg"}
2026-05-28T10:10:14.406Z [ERROR]: [AdminRoute] Failed to fetch logs {"error":"9 FAILED_PRECONDITION: The query requires an index. You can create it here: https://console.firebase.google.com/v1/r/project/gmb-onerepute/firestore/indexes?create_composite=ClJwcm9qZWN0cy9nbWItb25lcmVwdXRlL2RhdGFiYXNlcy8oZGVmYXVsdCkvY29sbGVjdGlvbkdyb3Vwcy9hY3Rpdml0eUxvZ3MvaW5kZXhlcy9fEAEaCgoGc3RhdHVzEAEaDQoJdGltZXN0YW1wEAIaDAoIX19uYW1lX18QAg"}
2026-05-28T10:10:16.456Z [ERROR]: [AdminRoute] Failed to fetch logs {"error":"9 FAILED_PRECONDITION: The query requires an index. You can create it here: https://console.firebase.google.com/v1/r/project/gmb-onerepute/firestore/indexes?create_composite=ClJwcm9qZWN0cy9nbWItb25lcmVwdXRlL2RhdGFiYXNlcy8oZGVmYXVsdCkvY29sbGVjdGlvbkdyb3Vwcy9hY3Rpdml0eUxvZ3MvaW5kZXhlcy9fEAEaCgoGc3RhdHVzEAEaDQoJdGltZXN0YW1wEAIaDAoIX19uYW1lX18QAg"}
2026-05-28T10:10:19.094Z [ERROR]: [AdminRoute] Failed to fetch logs {"error":"9 FAILED_PRECONDITION: The query requires an index. You can create it here: https://console.firebase.google.com/v1/r/project/gmb-onerepute/firestore/indexes?create_composite=ClJwcm9qZWN0cy9nbWItb25lcmVwdXRlL2RhdGFiYXNlcy8oZGVmYXVsdCkvY29sbGVjdGlvbkdyb3Vwcy9hY3Rpdml0eUxvZ3MvaW5kZXhlcy9fEAEaCgoGc3RhdHVzEAEaDQoJdGltZXN0YW1wEAIaDAoIX19uYW1lX18QAg"}
2026-05-28T10:10:23.540Z [ERROR]: [AdminRoute] Failed to fetch logs {"error":"9 FAILED_PRECONDITION: The query requires an index. You can create it here: https://console.firebase.google.com/v1/r/project/gmb-onerepute/firestore/indexes?create_composite=ClJwcm9qZWN0cy9nbWItb25lcmVwdXRlL2RhdGFiYXNlcy8oZGVmYXVsdCkvY29sbGVjdGlvbkdyb3Vwcy9hY3Rpdml0eUxvZ3MvaW5kZXhlcy9fEAEaCgoGc3RhdHVzEAEaDQoJdGltZXN0YW1wEAIaDAoIX19uYW1lX18QAg"}
2026-05-28T10:10:36.323Z [ERROR]: [AdminRoute] Failed to fetch logs {"error":"9 FAILED_PRECONDITION: The query requires an index. You can create it here: https://console.firebase.google.com/v1/r/project/gmb-onerepute/firestore/indexes?create_composite=ClJwcm9qZWN0cy9nbWItb25lcmVwdXRlL2RhdGFiYXNlcy8oZGVmYXVsdCkvY29sbGVjdGlvbkdyb3Vwcy9hY3Rpdml0eUxvZ3MvaW5kZXhlcy9fEAEaCgoGc3RhdHVzEAEaDQoJdGltZXN0YW1wEAIaDAoIX19uYW1lX18QAg"}
2026-05-28T10:10:41.194Z [ERROR]: [AdminRoute] Failed to fetch logs {"error":"9 FAILED_PRECONDITION: The query requires an index. You can create it here: https://console.firebase.google.com/v1/r/project/gmb-onerepute/firestore/indexes?create_composite=ClJwcm9qZWN0cy9nbWItb25lcmVwdXRlL2RhdGFiYXNlcy8oZGVmYXVsdCkvY29sbGVjdGlvbkdyb3Vwcy9hY3Rpdml0eUxvZ3MvaW5kZXhlcy9fEAEaCgoGc3RhdHVzEAEaDQoJdGltZXN0YW1wEAIaDAoIX19uYW1lX18QAg"}
2026-05-28T10:10:43.844Z [ERROR]: [AdminRoute] Failed to fetch logs {"error":"9 FAILED_PRECONDITION: The query requires an index. You can create it here: https://console.firebase.google.com/v1/r/project/gmb-onerepute/firestore/indexes?create_composite=ClJwcm9qZWN0cy9nbWItb25lcmVwdXRlL2RhdGFiYXNlcy8oZGVmYXVsdCkvY29sbGVjdGlvbkdyb3Vwcy9hY3Rpdml0eUxvZ3MvaW5kZXhlcy9fEAEaCgoGc3RhdHVzEAEaDQoJdGltZXN0YW1wEAIaDAoIX19uYW1lX18QAg"}
2026-05-28T10:10:44.766Z [ERROR]: [AdminRoute] Failed to fetch logs {"error":"9 FAILED_PRECONDITION: The query requires an index. You can create it here: https://console.firebase.google.com/v1/r/project/gmb-onerepute/firestore/indexes?create_composite=ClJwcm9qZWN0cy9nbWItb25lcmVwdXRlL2RhdGFiYXNlcy8oZGVmYXVsdCkvY29sbGVjdGlvbkdyb3Vwcy9hY3Rpdml0eUxvZ3MvaW5kZXhlcy9fEAEaCgoGc3RhdHVzEAEaDQoJdGltZXN0YW1wEAIaDAoIX19uYW1lX18QAg"}
2026-05-28T10:10:45.694Z [ERROR]: [AdminRoute] Failed to fetch logs {"error":"9 FAILED_PRECONDITION: The query requires an index. You can create it here: https://console.firebase.google.com/v1/r/project/gmb-onerepute/firestore/indexes?create_composite=ClJwcm9qZWN0cy9nbWItb25lcmVwdXRlL2RhdGFiYXNlcy8oZGVmYXVsdCkvY29sbGVjdGlvbkdyb3Vwcy9hY3Rpdml0eUxvZ3MvaW5kZXhlcy9fEAEaCgoGc3RhdHVzEAEaDQoJdGltZXN0YW1wEAIaDAoIX19uYW1lX18QAg"}
2026-05-28T10:10:47.670Z [ERROR]: [AdminRoute] Failed to fetch logs {"error":"9 FAILED_PRECONDITION: The query requires an index. You can create it here: https://console.firebase.google.com/v1/r/project/gmb-onerepute/firestore/indexes?create_composite=ClJwcm9qZWN0cy9nbWItb25lcmVwdXRlL2RhdGFiYXNlcy8oZGVmYXVsdCkvY29sbGVjdGlvbkdyb3Vwcy9hY3Rpdml0eUxvZ3MvaW5kZXhlcy9fEAEaCgoGc3RhdHVzEAEaDQoJdGltZXN0YW1wEAIaDAoIX19uYW1lX18QAg"}
2026-05-28T11:19:20.991Z [INFO]: [Server] Received SIGINT — graceful shutdown initiated {}
2026-06-12T14:36:56.437Z [INFO]: [ReviewAutomationJob] Scheduling with pattern: "0 10,15,21 * * *" {}
2026-06-12T14:36:56.446Z [INFO]: [ReviewAutomationJob] Cron started {}
2026-06-12T14:36:56.448Z [INFO]: [ReportCron] Initialized weekly and monthly report cron jobs. {}
2026-06-12T14:36:56.450Z [INFO]: [Server] HTTP server running on port 3000 {"environment":"production"}
2026-06-12T14:45:22.186Z [WARN]: [AdminRoute] Twilio usage lookup failed {"error":"timeout of 10000ms exceeded"}
2026-06-12T14:53:56.800Z [INFO]: [Firebase] Admin SDK initialized successfully {}
2026-06-12T15:30:00.997Z [INFO]: [ReviewAutomationJob] Starting run {}
2026-06-12T15:30:01.900Z [INFO]: [ReviewAutomationJob] Processing 5 active outlet(s) {}
2026-06-12T15:30:01.902Z [INFO]: [ReviewService] Processing outlet {"outletId":"1wb8fLJqLICRilrzjMGH","name":"One Repute"}
2026-06-12T15:30:01.904Z [INFO]: [ReviewService] Cooldown active - skipping fetch {"outletId":"1wb8fLJqLICRilrzjMGH","cooldownMinutes":180,"elapsedMinutes":30}
2026-06-12T15:30:01.904Z [INFO]: [ReviewService] Processing outlet {"outletId":"5KgO2CBZM7ae3zLfekYS","name":"Velan bakery"}
2026-06-12T15:30:01.905Z [INFO]: [ReviewService] Cooldown active - skipping fetch {"outletId":"5KgO2CBZM7ae3zLfekYS","cooldownMinutes":180,"elapsedMinutes":30}
2026-06-12T15:30:01.905Z [INFO]: [ReviewService] Processing outlet {"outletId":"D7ID63kW8KXeXZZhVRtV","name":"Prores India"}
2026-06-12T15:30:01.911Z [INFO]: [ReviewService] Cooldown active - skipping fetch {"outletId":"D7ID63kW8KXeXZZhVRtV","cooldownMinutes":180,"elapsedMinutes":30}
2026-06-12T15:30:01.915Z [INFO]: [ReviewService] Processing outlet {"outletId":"fUJCqqTZj6WHS8QZahh4","name":"Freddie and Me"}
2026-06-12T15:30:01.916Z [WARN]: [ReviewService] SCRAPER placeId missing; using googleLocationId fallback {"outletId":"fUJCqqTZj6WHS8QZahh4","googleLocationId":"ChIJ5ytFdOthUjoRstynBWlA-EM"}
2026-06-12T15:30:01.917Z [INFO]: [ReviewService] Cooldown active - skipping fetch {"outletId":"fUJCqqTZj6WHS8QZahh4","cooldownMinutes":180,"elapsedMinutes":29}
2026-06-12T15:30:01.918Z [INFO]: [ReviewService] Processing outlet {"outletId":"sL414nhllji81V1In1Zz","name":"Kolapasi - St. Augustine"}
2026-06-12T15:30:01.918Z [INFO]: [ReviewService] Cooldown active - skipping fetch {"outletId":"sL414nhllji81V1In1Zz","cooldownMinutes":180,"elapsedMinutes":29}
2026-06-12T15:30:01.918Z [INFO]: [ReviewAutomationJob] Run complete {"outlets":5,"totalFetched":0,"totalNew":0,"totalProcessed":0,"errors":0,"durationMs":921}
2026-06-12T16:45:05.855Z [INFO]: [Server] Received SIGINT — graceful shutdown initiated {}
2026-06-12T19:01:01.791Z [INFO]: [ReviewAutomationJob] Scheduling with pattern: "0 10,15,21 * * *" {}
2026-06-12T19:01:01.800Z [INFO]: [ReviewAutomationJob] Cron started {}
2026-06-12T19:01:01.802Z [INFO]: [ReportCron] Initialized weekly and monthly report cron jobs. {}
2026-06-12T19:01:01.805Z [INFO]: [Server] HTTP server running on port 3000 {"environment":"production"}
2026-06-12T19:08:15.998Z [INFO]: [Firebase] Admin SDK initialized successfully {}
2026-06-12T19:42:29.103Z [INFO]: [ReviewAutomationJob] Scheduling with pattern: "0 10,15,21 * * *" {}
2026-06-12T19:42:29.115Z [INFO]: [ReviewAutomationJob] Cron started {}
2026-06-12T19:42:29.118Z [INFO]: [ReportCron] Initialized weekly and monthly report cron jobs. {}
2026-06-12T19:42:29.120Z [INFO]: [Server] HTTP server running on port 3000 {"environment":"production"}
2026-06-22T14:54:55.921Z [INFO]: [ReviewAutomationJob] Scheduling with pattern: "0 10,15,21 * * *" {}
2026-06-22T14:54:55.928Z [INFO]: [ReviewAutomationJob] Cron started {}
2026-06-22T14:54:55.929Z [INFO]: [ReportCron] Initialized weekly and monthly report cron jobs. {}
2026-06-22T14:54:55.931Z [INFO]: [Server] HTTP server running on port 3000 {"environment":"production"}
2026-06-22T15:28:40.042Z [INFO]: [Server] Received SIGINT — graceful shutdown initiated {}
2026-06-22T15:28:47.725Z [INFO]: [ReviewAutomationJob] Scheduling with pattern: "0 10,15,21 * * *" {}
2026-06-22T15:28:47.730Z [INFO]: [ReviewAutomationJob] Cron started {}
2026-06-22T15:28:47.731Z [INFO]: [ReportCron] Initialized weekly and monthly report cron jobs. {}
2026-06-22T15:28:47.733Z [INFO]: [Server] HTTP server running on port 3000 {"environment":"production"}
2026-06-22T15:30:00.465Z [INFO]: [ReviewAutomationJob] Starting run {}
2026-06-22T15:30:00.767Z [INFO]: [Firebase] Admin SDK initialized successfully {}
2026-06-22T15:30:02.597Z [INFO]: [ReviewAutomationJob] Processing 5 active outlet(s) {}
2026-06-22T15:30:02.598Z [INFO]: [ReviewService] Processing outlet {"outletId":"1wb8fLJqLICRilrzjMGH","name":"One Repute"}
2026-06-22T15:30:02.599Z [INFO]: [ReviewService] Cooldown active - skipping fetch {"outletId":"1wb8fLJqLICRilrzjMGH","cooldownMinutes":180,"elapsedMinutes":30}
2026-06-22T15:30:02.600Z [INFO]: [ReviewService] Processing outlet {"outletId":"5KgO2CBZM7ae3zLfekYS","name":"Velan bakery"}
2026-06-22T15:30:02.601Z [INFO]: [ReviewService] Cooldown active - skipping fetch {"outletId":"5KgO2CBZM7ae3zLfekYS","cooldownMinutes":180,"elapsedMinutes":29}
2026-06-22T15:30:02.601Z [INFO]: [ReviewService] Processing outlet {"outletId":"D7ID63kW8KXeXZZhVRtV","name":"Prores India"}
2026-06-22T15:30:02.601Z [INFO]: [ReviewService] Cooldown active - skipping fetch {"outletId":"D7ID63kW8KXeXZZhVRtV","cooldownMinutes":180,"elapsedMinutes":29}
2026-06-22T15:30:02.602Z [INFO]: [ReviewService] Processing outlet {"outletId":"fUJCqqTZj6WHS8QZahh4","name":"Freddie and Me"}
2026-06-22T15:30:02.602Z [WARN]: [ReviewService] SCRAPER placeId missing; using googleLocationId fallback {"outletId":"fUJCqqTZj6WHS8QZahh4","googleLocationId":"ChIJ5ytFdOthUjoRstynBWlA-EM"}
2026-06-22T15:30:02.602Z [INFO]: [ReviewService] Cooldown active - skipping fetch {"outletId":"fUJCqqTZj6WHS8QZahh4","cooldownMinutes":180,"elapsedMinutes":29}
2026-06-22T15:30:02.603Z [INFO]: [ReviewService] Processing outlet {"outletId":"sL414nhllji81V1In1Zz","name":"Kolapasi - St. Augustine"}
2026-06-22T15:30:02.603Z [INFO]: [ReviewService] Cooldown active - skipping fetch {"outletId":"sL414nhllji81V1In1Zz","cooldownMinutes":180,"elapsedMinutes":29}
2026-06-22T15:30:02.604Z [INFO]: [ReviewAutomationJob] Run complete {"outlets":5,"totalFetched":0,"totalNew":0,"totalProcessed":0,"errors":0,"durationMs":2138}
2026-06-22T15:35:26.579Z [INFO]: [ReviewAutomationJob] Scheduling with pattern: "0 10,15,21 * * *" {}
2026-06-22T15:35:26.586Z [INFO]: [ReviewAutomationJob] Cron started {}
2026-06-22T15:35:26.588Z [INFO]: [ReportCron] Initialized weekly and monthly report cron jobs. {}
2026-06-22T15:35:26.590Z [INFO]: [Server] HTTP server running on port 3000 {"environment":"production"}
2026-06-22T15:44:58.028Z [INFO]: [Server] Received SIGINT — graceful shutdown initiated {}
2026-06-22T15:45:01.315Z [INFO]: [ReviewAutomationJob] Scheduling with pattern: "0 10,15,21 * * *" {}
2026-06-22T15:45:01.321Z [INFO]: [ReviewAutomationJob] Cron started {}
2026-06-22T15:45:01.322Z [INFO]: [ReportCron] Initialized weekly and monthly report cron jobs. {}
2026-06-22T15:45:01.324Z [INFO]: [Server] HTTP server running on port 3000 {"environment":"production"}
2026-06-22T16:19:41.431Z [INFO]: [ReviewAutomationJob] Scheduling with pattern: "0 10,15,21 * * *" {}
2026-06-22T16:19:41.437Z [INFO]: [ReviewAutomationJob] Cron started {}
2026-06-22T16:19:41.438Z [INFO]: [ReportCron] Initialized weekly and monthly report cron jobs. {}
2026-06-22T16:19:41.441Z [INFO]: [Server] HTTP server running on port 3000 {"environment":"production"}
2026-06-22T19:05:20.914Z [INFO]: [Server] Received SIGINT — graceful shutdown initiated {}
2026-06-23T19:13:52.462Z [INFO]: [ReviewAutomationJob] Scheduling with pattern: "0 10,15,21 * * *" {}
2026-06-23T19:13:52.471Z [INFO]: [ReviewAutomationJob] Cron started {}
2026-06-23T19:13:52.473Z [INFO]: [ReportCron] Initialized weekly and monthly report cron jobs. {}
2026-06-23T19:13:52.475Z [INFO]: [Server] HTTP server running on port 3000 {"environment":"production"}
2026-06-23T19:14:51.986Z [INFO]: [Firebase] Admin SDK initialized successfully {}
2026-06-23T19:39:57.046Z [INFO]: [ReviewAutomationJob] Scheduling with pattern: "0 10,15,21 * * *" {}
2026-06-23T19:39:57.069Z [INFO]: [ReviewAutomationJob] Cron started {}
2026-06-23T19:39:57.076Z [INFO]: [ReportCron] Initialized weekly and monthly report cron jobs. {}
2026-06-23T19:39:57.082Z [INFO]: [Server] HTTP server running on port 3000 {"environment":"production"}
2026-06-23T19:40:17.348Z [INFO]: [Firebase] Admin SDK initialized successfully {}
2026-06-23T19:40:22.800Z [INFO]: [ReviewAutomationJob] Scheduling with pattern: "0 10,15,21 * * *" {}
2026-06-23T19:40:22.812Z [INFO]: [ReviewAutomationJob] Cron started {}
2026-06-23T19:40:22.813Z [INFO]: [ReportCron] Initialized weekly and monthly report cron jobs. {}
2026-06-23T19:40:22.816Z [INFO]: [Server] HTTP server running on port 3000 {"environment":"production"}
2026-06-23T19:44:26.900Z [INFO]: [Firebase] Admin SDK initialized successfully {}
2026-06-23T19:54:28.552Z [INFO]: [ReviewAutomationJob] Scheduling with pattern: "0 10,15,21 * * *" {}
2026-06-23T19:54:28.561Z [INFO]: [ReviewAutomationJob] Cron started {}
2026-06-23T19:54:28.564Z [INFO]: [ReportCron] Initialized weekly and monthly report cron jobs. {}
2026-06-23T19:54:28.566Z [INFO]: [Server] HTTP server running on port 3000 {"environment":"production"}
2026-06-23T19:54:54.325Z [INFO]: [ReviewAutomationJob] Scheduling with pattern: "0 10,15,21 * * *" {}
2026-06-23T19:54:54.334Z [INFO]: [ReviewAutomationJob] Cron started {}
2026-06-23T19:54:54.336Z [INFO]: [ReportCron] Initialized weekly and monthly report cron jobs. {}
2026-06-23T19:54:54.339Z [INFO]: [Server] HTTP server running on port 3000 {"environment":"production"}
2026-06-23T19:57:45.109Z [INFO]: [Firebase] Admin SDK initialized successfully {}
2026-06-23T19:58:38.865Z [INFO]: [ReviewAutomationJob] Scheduling with pattern: "0 10,15,21 * * *" {}
2026-06-23T19:58:38.875Z [INFO]: [ReviewAutomationJob] Cron started {}
2026-06-23T19:58:38.877Z [INFO]: [ReportCron] Initialized weekly and monthly report cron jobs. {}
2026-06-23T19:58:38.879Z [INFO]: [Server] HTTP server running on port 3000 {"environment":"production"}
2026-06-23T19:58:56.309Z [INFO]: [ReviewAutomationJob] Scheduling with pattern: "0 10,15,21 * * *" {}
2026-06-23T19:58:56.318Z [INFO]: [ReviewAutomationJob] Cron started {}
2026-06-23T19:58:56.321Z [INFO]: [ReportCron] Initialized weekly and monthly report cron jobs. {}
2026-06-23T19:58:56.324Z [INFO]: [Server] HTTP server running on port 3000 {"environment":"production"}
2026-06-23T19:59:37.665Z [INFO]: [ReviewAutomationJob] Scheduling with pattern: "0 10,15,21 * * *" {}
2026-06-23T19:59:37.679Z [INFO]: [ReviewAutomationJob] Cron started {}
2026-06-23T19:59:37.681Z [INFO]: [ReportCron] Initialized weekly and monthly report cron jobs. {}
2026-06-23T19:59:37.683Z [INFO]: [Server] HTTP server running on port 3000 {"environment":"production"}
2026-06-23T20:08:39.302Z [INFO]: [ReviewAutomationJob] Scheduling with pattern: "0 10,15,21 * * *" {}
2026-06-23T20:08:39.324Z [INFO]: [ReviewAutomationJob] Cron started {}
2026-06-23T20:08:39.325Z [INFO]: [ReportCron] Initialized weekly and monthly report cron jobs. {}
2026-06-23T20:08:39.327Z [INFO]: [Server] HTTP server running on port 3000 {"environment":"production"}
2026-06-24T15:24:55.872Z [INFO]: [ReviewAutomationJob] Scheduling with pattern: "0 10,15,21 * * *" {}
2026-06-24T15:24:55.883Z [INFO]: [ReviewAutomationJob] Cron started {}
2026-06-24T15:24:55.885Z [INFO]: [ReportCron] Initialized weekly and monthly report cron jobs. {}
2026-06-24T15:24:55.887Z [INFO]: [Server] HTTP server running on port 3000 {"environment":"production"}
2026-06-24T15:30:00.758Z [INFO]: [ReviewAutomationJob] Starting run {}
2026-06-24T15:30:01.090Z [INFO]: [Firebase] Admin SDK initialized successfully {}
2026-06-24T15:30:02.784Z [INFO]: [ReviewAutomationJob] No active outlets found — nothing to do {}
2026-06-24T19:19:33.136Z [INFO]: [ReviewAutomationJob] Scheduling with pattern: "0 10,15,21 * * *" {}
2026-06-24T19:19:33.149Z [INFO]: [ReviewAutomationJob] Cron started {}
2026-06-24T19:19:33.152Z [INFO]: [ReportCron] Initialized weekly and monthly report cron jobs. {}
2026-06-24T19:19:33.156Z [INFO]: [Server] HTTP server running on port 3000 {"environment":"production"}
2026-06-24T19:21:04.047Z [INFO]: [Firebase] Admin SDK initialized successfully {}
2026-06-24T19:25:35.739Z [INFO]: [ReviewAutomationJob] Scheduling with pattern: "0 10,15,21 * * *" {}
2026-06-24T19:25:35.750Z [INFO]: [ReviewAutomationJob] Cron started {}
2026-06-24T19:25:35.752Z [INFO]: [ReportCron] Initialized weekly and monthly report cron jobs. {}
2026-06-24T19:25:35.755Z [INFO]: [Server] HTTP server running on port 3000 {"environment":"production"}
2026-06-24T19:25:59.069Z [INFO]: [Firebase] Admin SDK initialized successfully {}
2026-06-24T19:26:17.365Z [WARN]: [AdminRoute] Twilio usage lookup failed {"error":"timeout of 10000ms exceeded"}
2026-06-24T19:28:58.503Z [INFO]: [ReviewAutomationJob] Scheduling with pattern: "0 10,15,21 * * *" {}
2026-06-24T19:28:58.514Z [INFO]: [ReviewAutomationJob] Cron started {}
2026-06-24T19:28:58.517Z [INFO]: [ReportCron] Initialized weekly and monthly report cron jobs. {}
2026-06-24T19:28:58.520Z [INFO]: [Server] HTTP server running on port 3000 {"environment":"production"}
2026-06-24T19:29:41.242Z [INFO]: [Firebase] Admin SDK initialized successfully {}
2026-06-24T19:55:15.423Z [INFO]: [ReviewAutomationJob] Scheduling with pattern: "0 10,15,21 * * *" {}
2026-06-24T19:55:15.433Z [INFO]: [ReviewAutomationJob] Cron started {}
2026-06-24T19:55:15.436Z [INFO]: [ReportCron] Initialized weekly and monthly report cron jobs. {}
2026-06-24T19:55:15.439Z [INFO]: [Server] HTTP server running on port 3000 {"environment":"production"}
2026-06-24T19:56:56.520Z [INFO]: [Firebase] Admin SDK initialized successfully {}
2026-06-24T19:59:48.321Z [WARN]: [AdminRoute] Twilio usage lookup failed {"error":"timeout of 10000ms exceeded"}
2026-06-24T20:02:28.295Z [INFO]: [ReviewAutomationJob] Scheduling with pattern: "0 10,15,21 * * *" {}
2026-06-24T20:02:28.319Z [INFO]: [ReviewAutomationJob] Cron started {}
2026-06-24T20:02:28.322Z [INFO]: [ReportCron] Initialized weekly and monthly report cron jobs. {}
2026-06-24T20:02:28.325Z [INFO]: [Server] HTTP server running on port 3000 {"environment":"production"}
2026-06-24T20:02:28.788Z [INFO]: [Firebase] Admin SDK initialized successfully {}
2026-06-24T20:06:23.541Z [INFO]: [ReviewAutomationJob] Scheduling with pattern: "0 10,15,21 * * *" {}
2026-06-24T20:06:23.551Z [INFO]: [ReviewAutomationJob] Cron started {}
2026-06-24T20:06:23.554Z [INFO]: [ReportCron] Initialized weekly and monthly report cron jobs. {}
2026-06-24T20:06:23.556Z [INFO]: [Server] HTTP server running on port 3000 {"environment":"production"}
2026-06-24T20:08:11.293Z [INFO]: [ReviewAutomationJob] Scheduling with pattern: "0 10,15,21 * * *" {}
2026-06-24T20:08:11.301Z [INFO]: [ReviewAutomationJob] Cron started {}
2026-06-24T20:08:11.303Z [INFO]: [ReportCron] Initialized weekly and monthly report cron jobs. {}
2026-06-24T20:08:11.306Z [INFO]: [Server] HTTP server running on port 3000 {"environment":"production"}
2026-06-24T20:10:20.841Z [INFO]: [ReviewAutomationJob] Scheduling with pattern: "0 10,15,21 * * *" {}
2026-06-24T20:10:20.850Z [INFO]: [ReviewAutomationJob] Cron started {}
2026-06-24T20:10:20.852Z [INFO]: [ReportCron] Initialized weekly and monthly report cron jobs. {}
2026-06-24T20:10:20.855Z [INFO]: [Server] HTTP server running on port 3000 {"environment":"production"}
2026-06-24T20:10:50.755Z [INFO]: [Firebase] Admin SDK initialized successfully {}
2026-06-24T20:10:54.816Z [INFO]: [ReviewService] Triggering immediate review processing for outlet: fF8ayyeLa3mbVT010era {}
2026-06-24T20:10:55.004Z [INFO]: [ReviewService] Processing outlet {"outletId":"fF8ayyeLa3mbVT010era","name":"SolBe Solar – Solar Mounting Structure Manufacturer"}
2026-06-24T20:11:06.108Z [INFO]: [ApifyProvider] Reviews fetched {"outletId":"fF8ayyeLa3mbVT010era","placeId":"ChIJqR9VTUznK2ERQFhKUX5GU-A","count":1}
2026-06-24T20:11:06.763Z [INFO]: [ReviewService] New reviews to process {"outletId":"fF8ayyeLa3mbVT010era","fetched":1,"new":1}
2026-06-24T20:11:09.304Z [INFO]: [ReviewService] Reply saved for posting {"outletId":"fF8ayyeLa3mbVT010era","reviewId":"deb44cb917e47263b33ccb54ff1ac58ff49cf47c4adde244dcf2b329c5cb1908","rating":5}
2026-06-24T20:11:20.005Z [INFO]: [ReviewService] Immediate review processing complete for outlet: fF8ayyeLa3mbVT010era {}
2026-06-24T20:11:53.901Z [INFO]: [Firebase] Admin SDK initialized successfully {}
2026-06-24T20:16:52.788Z [INFO]: [ReviewAutomationJob] Scheduling with pattern: "0 10,15,21 * * *" {}
2026-06-24T20:16:52.801Z [INFO]: [ReviewAutomationJob] Cron started {}
2026-06-24T20:16:52.803Z [INFO]: [ReportCron] Initialized weekly and monthly report cron jobs. {}
2026-06-24T20:16:52.805Z [INFO]: [Server] HTTP server running on port 3000 {"environment":"production"}
2026-06-24T20:17:26.021Z [INFO]: [Firebase] Admin SDK initialized successfully {}
2026-06-24T20:23:26.951Z [INFO]: [ReviewAutomationJob] Scheduling with pattern: "0 10,15,21 * * *" {}
2026-06-24T20:23:26.964Z [INFO]: [ReviewAutomationJob] Cron started {}
2026-06-24T20:23:26.967Z [INFO]: [ReportCron] Initialized weekly and monthly report cron jobs. {}
2026-06-24T20:23:26.972Z [INFO]: [Server] HTTP server running on port 3000 {"environment":"production"}
2026-06-24T20:23:35.240Z [INFO]: [Firebase] Admin SDK initialized successfully {}
2026-06-24T20:29:25.097Z [INFO]: [Server] Received SIGINT — graceful shutdown initiated {}
2026-06-25T06:56:51.451Z [INFO]: [ReviewAutomationJob] Scheduling with pattern: "0 10,15,21 * * *" {}
2026-06-25T06:56:51.465Z [INFO]: [ReviewAutomationJob] Cron started {}
2026-06-25T06:56:51.468Z [INFO]: [ReportCron] Initialized weekly and monthly report cron jobs. {}
2026-06-25T06:56:51.470Z [INFO]: [Server] HTTP server running on port 3000 {"environment":"production"}
2026-06-25T06:59:27.637Z [INFO]: [Firebase] Admin SDK initialized successfully {}
2026-06-25T07:42:00.304Z [INFO]: [ReviewService] Triggering immediate review processing for outlet: 6NyoaUfjshfe4WlgFbaW {}
2026-06-25T07:42:00.501Z [INFO]: [ReviewService] Processing outlet {"outletId":"6NyoaUfjshfe4WlgFbaW","name":"Kolapasi Indian Canteen - Anna Nagar, Chennai"}
2026-06-25T07:42:10.245Z [INFO]: [ApifyProvider] Reviews fetched {"outletId":"6NyoaUfjshfe4WlgFbaW","placeId":"ChIJ6d-mz8VlUjoRfZ3l33GORjk","count":15}
2026-06-25T07:42:17.935Z [INFO]: [ReviewService] New reviews to process {"outletId":"6NyoaUfjshfe4WlgFbaW","fetched":15,"new":15}
2026-06-25T07:42:17.938Z [ERROR]: [ReviewService] Failed to process review safely {"outletId":"6NyoaUfjshfe4WlgFbaW","reviewId":"62d6ee9d47f33fd88698bab42943b38d81bcf40a3ae2aee23dbe30bcf13cc9c7","error":"Invalid WhatsApp number: undefined"}
2026-06-25T07:42:24.735Z [ERROR]: [ReviewService] Failed to process review safely {"outletId":"6NyoaUfjshfe4WlgFbaW","reviewId":"6b597542197a48a3dc008db6e7e644a0088aa8d27f198bbfea278ab3227b1c48","error":"Invalid WhatsApp number: undefined"}
2026-06-25T07:42:29.799Z [ERROR]: [ReviewService] Failed to process review safely {"outletId":"6NyoaUfjshfe4WlgFbaW","reviewId":"4ad117e4ec30608389cc920881f943802d74782bd226816377bcddf496b3311a","error":"Invalid WhatsApp number: undefined"}
2026-06-25T07:42:43.922Z [INFO]: [ReviewService] Reply saved for posting {"outletId":"6NyoaUfjshfe4WlgFbaW","reviewId":"ad14368fd55a2a2fdc595699c1f02ee9c193eebb9788ed993854d7d3b2757394","rating":5}
2026-06-25T07:42:54.475Z [INFO]: [ReviewService] Reply saved for posting {"outletId":"6NyoaUfjshfe4WlgFbaW","reviewId":"270b51b21fc2b40ec85f2c111652300373f6387526ef9e5e7fc8479e7a41a86f","rating":5}
2026-06-25T07:43:05.932Z [INFO]: [ReviewService] Reply saved for posting {"outletId":"6NyoaUfjshfe4WlgFbaW","reviewId":"71ad8d32940a2d3aa5e7811f59c6851ed25692bbac063c6f73344e3bfaaefb3b","rating":5}
2026-06-25T07:43:17.107Z [INFO]: [ReviewService] Reply saved for posting {"outletId":"6NyoaUfjshfe4WlgFbaW","reviewId":"bb9ffb7cfb246651ebf1388aa4db65e431ce9914a1a0563889f43f924d00983b","rating":4}
2026-06-25T07:43:23.608Z [INFO]: [ReviewService] Reply saved for posting {"outletId":"6NyoaUfjshfe4WlgFbaW","reviewId":"1250f7f241fed7f11d86eff22e30482e526196b0839f5d51a90097d50721cea2","rating":5}
2026-06-25T07:43:31.682Z [INFO]: [ReviewService] Reply saved for posting {"outletId":"6NyoaUfjshfe4WlgFbaW","reviewId":"2e1a504223ba06840ea28f2f1033f0d94b77e77ad6f9f215e60b269b8145e3c8","rating":5}
2026-06-25T07:43:47.368Z [INFO]: [ReviewService] Reply saved for posting {"outletId":"6NyoaUfjshfe4WlgFbaW","reviewId":"922763010381a7876769602cb88e1f7761b33a5aa5649fa64818e98c2d03745c","rating":5}
2026-06-25T07:44:01.056Z [INFO]: [ReviewService] Reply saved for posting {"outletId":"6NyoaUfjshfe4WlgFbaW","reviewId":"d8942ff5b514881cd7a9357bfa29c7488c48b149227bddf82d0ffbdaf7c25a6e","rating":4}
2026-06-25T07:44:13.842Z [INFO]: [ReviewService] Reply saved for posting {"outletId":"6NyoaUfjshfe4WlgFbaW","reviewId":"11bc2e5388bb64db26ec67c3d08fa762407c7bb197641e29dec527c3e4203f9e","rating":5}
2026-06-25T07:44:22.357Z [INFO]: [ReviewService] Reply saved for posting {"outletId":"6NyoaUfjshfe4WlgFbaW","reviewId":"268634bbeed2de3d65a0356efbe00ec9ae4aa4d0fbbfeff24e428bd6e944951d","rating":5}
2026-06-25T07:44:35.329Z [INFO]: [ReviewService] Reply saved for posting {"outletId":"6NyoaUfjshfe4WlgFbaW","reviewId":"64c5f61480696dc4f983830985336a3a5655f13bc01e4ebd0ec43ce9b1bbe217","rating":5}
2026-06-25T07:44:40.802Z [ERROR]: [ReviewService] Failed to process review safely {"outletId":"6NyoaUfjshfe4WlgFbaW","reviewId":"f953f7dc5d86e0401aed6e7a26b78a1edf2dbefdc6dcaab52f39e64f3db25c85","error":"Invalid WhatsApp number: undefined"}
2026-06-25T07:44:46.529Z [INFO]: [ReviewService] Immediate review processing complete for outlet: 6NyoaUfjshfe4WlgFbaW {}
2026-06-25T07:45:30.090Z [INFO]: [ReviewAutomationJob] Scheduling with pattern: "0 10,15,21 * * *" {}
2026-06-25T07:45:30.103Z [INFO]: [ReviewAutomationJob] Cron started {}
2026-06-25T07:45:30.106Z [INFO]: [ReportCron] Initialized weekly and monthly report cron jobs. {}
2026-06-25T07:45:30.108Z [INFO]: [Server] HTTP server running on port 3000 {"environment":"production"}
2026-06-25T07:45:56.315Z [INFO]: [ReviewAutomationJob] Scheduling with pattern: "0 10,15,21 * * *" {}
2026-06-25T07:45:56.329Z [INFO]: [ReviewAutomationJob] Cron started {}
2026-06-25T07:45:56.333Z [INFO]: [ReportCron] Initialized weekly and monthly report cron jobs. {}
2026-06-25T07:45:56.337Z [INFO]: [Server] HTTP server running on port 3000 {"environment":"production"}
2026-06-25T07:46:07.669Z [INFO]: [Firebase] Admin SDK initialized successfully {}
2026-06-25T07:54:59.564Z [INFO]: [ReviewAutomationJob] Scheduling with pattern: "0 10,15,21 * * *" {}
2026-06-25T07:54:59.574Z [INFO]: [ReviewAutomationJob] Cron started {}
2026-06-25T07:54:59.576Z [INFO]: [ReportCron] Initialized weekly and monthly report cron jobs. {}
2026-06-25T07:54:59.578Z [INFO]: [Server] HTTP server running on port 3000 {"environment":"production"}
2026-06-25T07:55:21.069Z [INFO]: [Firebase] Admin SDK initialized successfully {}
2026-06-25T07:55:52.354Z [INFO]: [ReviewAutomationJob] Scheduling with pattern: "0 10,15,21 * * *" {}
2026-06-25T07:55:52.368Z [INFO]: [ReviewAutomationJob] Cron started {}
2026-06-25T07:55:52.371Z [INFO]: [ReportCron] Initialized weekly and monthly report cron jobs. {}
2026-06-25T07:55:52.373Z [INFO]: [Server] HTTP server running on port 3000 {"environment":"production"}
2026-06-25T07:56:27.232Z [INFO]: [Firebase] Admin SDK initialized successfully {}
2026-06-25T07:57:22.356Z [INFO]: [ReviewAutomationJob] Scheduling with pattern: "0 10,15,21 * * *" {}
2026-06-25T07:57:22.365Z [INFO]: [ReviewAutomationJob] Cron started {}
2026-06-25T07:57:22.367Z [INFO]: [ReportCron] Initialized weekly and monthly report cron jobs. {}
2026-06-25T07:57:22.370Z [INFO]: [Server] HTTP server running on port 3000 {"environment":"production"}
2026-06-25T07:58:09.939Z [INFO]: [ReviewAutomationJob] Scheduling with pattern: "0 10,15,21 * * *" {}
2026-06-25T07:58:09.948Z [INFO]: [ReviewAutomationJob] Cron started {}
2026-06-25T07:58:09.950Z [INFO]: [ReportCron] Initialized weekly and monthly report cron jobs. {}
2026-06-25T07:58:09.952Z [INFO]: [Server] HTTP server running on port 3000 {"environment":"production"}
2026-06-25T07:58:22.889Z [INFO]: [Firebase] Admin SDK initialized successfully {}
2026-06-25T07:58:29.900Z [INFO]: [Firebase] Admin SDK initialized successfully {}
2026-06-25T08:11:01.129Z [INFO]: [Server] Received SIGINT — graceful shutdown initiated {}
2026-07-17T19:22:26.600Z [INFO]: [ReviewAutomationJob] Scheduling with pattern: "0 10,15,21 * * *" {}
2026-07-17T19:22:26.611Z [INFO]: [ReviewAutomationJob] Cron started {}
2026-07-17T19:22:26.614Z [INFO]: [ReportCron] Initialized weekly and monthly report cron jobs. {}
2026-07-17T19:22:26.616Z [INFO]: [Server] HTTP server running on port 3000 {"environment":"production"}
2026-07-27T19:16:47.477Z [ERROR]: Error creating Razorpay subscription {"error":{}}
2026-07-27T19:16:47.479Z [ERROR]: Failed to create subscription {"error":"Cannot read properties of undefined (reading 'length')"}
2026-07-27T19:16:47.489Z [ERROR]: Payment verification failed {"error":"Cannot read properties of undefined (reading 'length')"}
2026-07-27T19:17:26.998Z [ERROR]: [AuthRoute] Onboarding failed {"error":"Cannot read properties of undefined (reading 'length')"}
2026-07-27T19:17:27.021Z [ERROR]: Error creating Razorpay subscription {"error":{}}
2026-07-27T19:17:27.022Z [ERROR]: Failed to create subscription {"error":"Cannot read properties of undefined (reading 'length')"}
2026-07-27T19:17:27.030Z [ERROR]: Payment verification failed {"error":"Cannot read properties of undefined (reading 'length')"}
2026-07-27T19:18:26.903Z [ERROR]: [Firebase] Failed to initialize Admin SDK {"error":"db.settings is not a function"}
2026-07-27T19:18:26.906Z [ERROR]: [AuthRoute] Onboarding failed {"error":"db.settings is not a function"}
2026-07-27T19:18:26.927Z [ERROR]: [Firebase] Failed to initialize Admin SDK {"error":"db.settings is not a function"}
2026-07-27T19:18:26.928Z [ERROR]: Error creating Razorpay subscription {"error":{}}
2026-07-27T19:18:26.929Z [ERROR]: Failed to create subscription {"error":"db.settings is not a function"}
2026-07-27T19:18:26.942Z [ERROR]: [Firebase] Failed to initialize Admin SDK {"error":"db.settings is not a function"}
2026-07-27T19:18:26.943Z [ERROR]: Payment verification failed {"error":"db.settings is not a function"}
2026-07-27T19:18:52.212Z [INFO]: [Firebase] Admin SDK initialized successfully {}
2026-07-27T19:18:52.216Z [INFO]: [ReviewService] Triggering immediate review processing for outlet: undefined {}
2026-07-27T19:18:52.220Z [WARN]: [ReviewService] Outlet not found for immediate processing: undefined {}
2026-07-27T19:22:20.861Z [INFO]: [Firebase] Admin SDK initialized successfully {}
2026-07-27T19:22:20.865Z [INFO]: [ReviewService] Triggering immediate review processing for outlet: undefined {}
2026-07-27T19:22:20.867Z [WARN]: [ReviewService] Outlet not found for immediate processing: undefined {}
2026-07-27T20:20:18.247Z [INFO]: [ReviewAutomationJob] Scheduling with pattern: "0 10,15,21 * * *" {}
2026-07-27T20:20:18.256Z [INFO]: [ReviewAutomationJob] Cron started {}
2026-07-27T20:20:18.258Z [INFO]: [ReportCron] Initialized weekly and monthly report cron jobs. {}
2026-07-27T20:20:18.261Z [INFO]: [Server] HTTP server running on port 3000 {"environment":"production"}
2026-07-27T20:36:26.397Z [INFO]: [Firebase] Admin SDK initialized successfully {}
2026-07-27T20:44:11.211Z [INFO]: [ReviewAutomationJob] Scheduling with pattern: "0 10,15,21 * * *" {}
2026-07-27T20:44:11.219Z [INFO]: [ReviewAutomationJob] Cron started {}
2026-07-27T20:44:11.222Z [INFO]: [ReportCron] Initialized weekly and monthly report cron jobs. {}
2026-07-27T20:44:11.224Z [INFO]: [Server] HTTP server running on port 3000 {"environment":"production"}
2026-07-27T20:44:16.471Z [INFO]: [Firebase] Admin SDK initialized successfully {}
2026-07-28T14:44:25.035Z [INFO]: [ReviewAutomationJob] Scheduling with pattern: "0 10,15,21 * * *" {}
2026-07-28T14:44:25.045Z [INFO]: [ReviewAutomationJob] Cron started {}
2026-07-28T14:44:25.047Z [INFO]: [ReportCron] Initialized weekly and monthly report cron jobs. {}
2026-07-28T14:44:25.050Z [INFO]: [Server] HTTP server running on port 3000 {"environment":"production"}
2026-07-28T14:49:47.478Z [INFO]: [ReviewAutomationJob] Scheduling with pattern: "0 10,15,21 * * *" {}
2026-07-28T14:49:47.485Z [INFO]: [ReviewAutomationJob] Cron started {}
2026-07-28T14:49:47.487Z [INFO]: [ReportCron] Initialized weekly and monthly report cron jobs. {}
2026-07-28T14:49:47.489Z [INFO]: [Server] HTTP server running on port 3000 {"environment":"production"}
2026-07-28T14:50:34.143Z [INFO]: [ReviewAutomationJob] Scheduling with pattern: "0 10,15,21 * * *" {}
2026-07-28T14:50:34.150Z [INFO]: [ReviewAutomationJob] Cron started {}
2026-07-28T14:50:34.152Z [INFO]: [ReportCron] Initialized weekly and monthly report cron jobs. {}
2026-07-28T14:50:34.154Z [INFO]: [Server] HTTP server running on port 3000 {"environment":"production"}
2026-07-28T15:15:11.592Z [INFO]: [Firebase] Admin SDK initialized successfully {}
2026-07-28T15:17:58.442Z [INFO]: [ReviewAutomationJob] Scheduling with pattern: "0 10,15,21 * * *" {}
2026-07-28T15:17:58.449Z [INFO]: [ReviewAutomationJob] Cron started {}
2026-07-28T15:17:58.451Z [INFO]: [ReportCron] Initialized weekly and monthly report cron jobs. {}
2026-07-28T15:17:58.453Z [INFO]: [Server] HTTP server running on port 3000 {"environment":"production"}
2026-07-28T15:22:44.549Z [INFO]: [Firebase] Admin SDK initialized successfully {}
2026-07-28T15:23:35.305Z [INFO]: [ReviewAutomationJob] Scheduling with pattern: "0 10,15,21 * * *" {}
2026-07-28T15:23:35.312Z [INFO]: [ReviewAutomationJob] Cron started {}
2026-07-28T15:23:35.313Z [INFO]: [ReportCron] Initialized weekly and monthly report cron jobs. {}
2026-07-28T15:23:35.316Z [INFO]: [Server] HTTP server running on port 3000 {"environment":"production"}
2026-07-28T15:25:07.095Z [INFO]: [Firebase] Admin SDK initialized successfully {}
2026-07-28T15:30:00.559Z [INFO]: [ReviewAutomationJob] Starting run {}
2026-07-28T15:30:01.150Z [INFO]: [ReviewAutomationJob] No active outlets found — nothing to do {}
2026-07-28T17:45:18.849Z [INFO]: [ReviewService] Triggering immediate review processing for outlet: gFr4wttmnLYWz3dDvMqX {}
2026-07-28T17:45:18.984Z [INFO]: [ReviewService] Processing outlet {"outletId":"gFr4wttmnLYWz3dDvMqX","name":"Freddie and Me"}
2026-07-28T17:45:19.030Z [ERROR]: [ReviewService] Failed to fetch reviews from provider {"outletId":"gFr4wttmnLYWz3dDvMqX","providerType":"GBP","error":"Cannot read properties of undefined (reading 'maxReviews')"}
2026-07-28T17:45:19.136Z [INFO]: [ReviewService] Immediate review processing complete for outlet: gFr4wttmnLYWz3dDvMqX {}
2026-07-28T17:46:27.728Z [INFO]: [ReviewAutomationJob] Scheduling with pattern: "0 10,15,21 * * *" {}
2026-07-28T17:46:27.737Z [INFO]: [ReviewAutomationJob] Cron started {}
2026-07-28T17:46:27.739Z [INFO]: [ReportCron] Initialized weekly and monthly report cron jobs. {}
2026-07-28T17:46:27.741Z [INFO]: [Server] HTTP server running on port 3000 {"environment":"production"}
2026-07-28T17:49:53.084Z [INFO]: [Firebase] Admin SDK initialized successfully {}
2026-07-28T17:50:17.443Z [INFO]: [ReviewService] Triggering immediate review processing for outlet: rbdeT4HqnhZUyvJK1t1E {}
2026-07-28T17:50:17.665Z [INFO]: [ReviewService] Processing outlet {"outletId":"rbdeT4HqnhZUyvJK1t1E","name":"Freddie and Me"}
2026-07-28T17:50:17.671Z [ERROR]: [ReviewService] Failed to fetch reviews from provider {"outletId":"rbdeT4HqnhZUyvJK1t1E","providerType":"GBP","error":"google.mybusinessreviews is not a function"}
2026-07-28T17:50:17.766Z [INFO]: [ReviewService] Immediate review processing complete for outlet: rbdeT4HqnhZUyvJK1t1E {}
2026-07-28T17:54:27.581Z [INFO]: [ReviewAutomationJob] Scheduling with pattern: "0 10,15,21 * * *" {}
2026-07-28T17:54:27.591Z [INFO]: [ReviewAutomationJob] Cron started {}
2026-07-28T17:54:27.593Z [INFO]: [ReportCron] Initialized weekly and monthly report cron jobs. {}
2026-07-28T17:54:27.595Z [INFO]: [Server] HTTP server running on port 3000 {"environment":"production"}
2026-07-28T17:56:43.946Z [INFO]: [Firebase] Admin SDK initialized successfully {}
2026-07-28T17:56:45.342Z [INFO]: [ReviewService] Processing outlet {"outletId":"rbdeT4HqnhZUyvJK1t1E","name":"Freddie and Me"}
2026-07-28T17:56:45.820Z [ERROR]: [ReviewService] Failed to fetch reviews from provider {"outletId":"rbdeT4HqnhZUyvJK1t1E","providerType":"GBP","error":"<!DOCTYPE html>\n<html lang=en>\n  <meta charset=utf-8>\n  <meta name=viewport content=\"initial-scale=1, minimum-scale=1, width=device-width\">\n  <title>Error 404 (Not Found)!!1</title>\n  <style>\n    *{margin:0;padding:0}html,code{font:15px/22px arial,sans-serif}html{background:#fff;color:#222;padding:15px}body{margin:7% auto 0;max-width:390px;min-height:180px;padding:30px 0 15px}* > body{background:url(//www.google.com/images/errors/robot.png) 100% 5px no-repeat;padding-right:205px}p{margin:11px 0 22px;overflow:hidden}ins{color:#777;text-decoration:none}a img{border:0}@media screen and (max-width:772px){body{background:none;margin-top:0;max-width:none;padding-right:0}}#logo{background:url(//www.google.com/images/branding/googlelogo/1x/googlelogo_color_150x54dp.png) no-repeat;margin-left:-5px}@media only screen and (min-resolution:192dpi){#logo{background:url(//www.google.com/images/branding/googlelogo/2x/googlelogo_color_150x54dp.png) no-repeat 0% 0%/100% 100%;-moz-border-image:url(//www.google.com/images/branding/googlelogo/2x/googlelogo_color_150x54dp.png) 0}}@media only screen and (-webkit-min-device-pixel-ratio:2){#logo{background:url(//www.google.com/images/branding/googlelogo/2x/googlelogo_color_150x54dp.png) no-repeat;-webkit-background-size:100% 100%}}#logo{display:inline-block;height:54px;width:150px}\n  </style>\n  <a href=//www.google.com/><span id=logo aria-label=Google></span></a>\n  <p><b>404.</b> <ins>That’s an error.</ins>\n  <p>The requested URL <code>/v1/locations/3533097786741032230/reviews</code> was not found on this server.  <ins>That’s all we know.</ins>\n"}
2026-07-28T17:57:44.864Z [INFO]: [ReviewAutomationJob] Scheduling with pattern: "0 10,15,21 * * *" {}
2026-07-28T17:57:44.876Z [INFO]: [ReviewAutomationJob] Cron started {}
2026-07-28T17:57:44.881Z [INFO]: [ReportCron] Initialized weekly and monthly report cron jobs. {}
2026-07-28T17:57:44.885Z [INFO]: [Server] HTTP server running on port 3000 {"environment":"production"}
2026-07-28T17:59:33.599Z [INFO]: [Firebase] Admin SDK initialized successfully {}
2026-07-28T17:59:34.854Z [INFO]: [ReviewService] Processing outlet {"outletId":"rbdeT4HqnhZUyvJK1t1E","name":"Freddie and Me"}
2026-07-28T17:59:35.282Z [ERROR]: [ReviewService] Failed to fetch reviews from provider {"outletId":"rbdeT4HqnhZUyvJK1t1E","providerType":"GBP","error":"<!DOCTYPE html>\n<html lang=en>\n  <meta charset=utf-8>\n  <meta name=viewport content=\"initial-scale=1, minimum-scale=1, width=device-width\">\n  <title>Error 404 (Not Found)!!1</title>\n  <style>\n    *{margin:0;padding:0}html,code{font:15px/22px arial,sans-serif}html{background:#fff;color:#222;padding:15px}body{margin:7% auto 0;max-width:390px;min-height:180px;padding:30px 0 15px}* > body{background:url(//www.google.com/images/errors/robot.png) 100% 5px no-repeat;padding-right:205px}p{margin:11px 0 22px;overflow:hidden}ins{color:#777;text-decoration:none}a img{border:0}@media screen and (max-width:772px){body{background:none;margin-top:0;max-width:none;padding-right:0}}#logo{background:url(//www.google.com/images/branding/googlelogo/1x/googlelogo_color_150x54dp.png) no-repeat;margin-left:-5px}@media only screen and (min-resolution:192dpi){#logo{background:url(//www.google.com/images/branding/googlelogo/2x/googlelogo_color_150x54dp.png) no-repeat 0% 0%/100% 100%;-moz-border-image:url(//www.google.com/images/branding/googlelogo/2x/googlelogo_color_150x54dp.png) 0}}@media only screen and (-webkit-min-device-pixel-ratio:2){#logo{background:url(//www.google.com/images/branding/googlelogo/2x/googlelogo_color_150x54dp.png) no-repeat;-webkit-background-size:100% 100%}}#logo{display:inline-block;height:54px;width:150px}\n  </style>\n  <a href=//www.google.com/><span id=logo aria-label=Google></span></a>\n  <p><b>404.</b> <ins>That’s an error.</ins>\n  <p>The requested URL <code>/v1/accounts/111487357075090273121/locations/3533097786741032230/reviews</code> was not found on this server.  <ins>That’s all we know.</ins>\n"}
2026-07-28T18:01:21.107Z [INFO]: [ReviewAutomationJob] Scheduling with pattern: "0 10,15,21 * * *" {}
2026-07-28T18:01:21.115Z [INFO]: [ReviewAutomationJob] Cron started {}
2026-07-28T18:01:21.118Z [INFO]: [ReportCron] Initialized weekly and monthly report cron jobs. {}
2026-07-28T18:01:21.120Z [INFO]: [Server] HTTP server running on port 3000 {"environment":"production"}
2026-07-28T18:01:41.426Z [INFO]: [Firebase] Admin SDK initialized successfully {}
2026-07-28T18:01:42.716Z [INFO]: [ReviewService] Processing outlet {"outletId":"rbdeT4HqnhZUyvJK1t1E","name":"Freddie and Me"}
2026-07-28T18:01:43.225Z [ERROR]: [ReviewService] Failed to fetch reviews from provider {"outletId":"rbdeT4HqnhZUyvJK1t1E","providerType":"GBP","error":"Google My Business API has not been used in project 111717206874 before or it is disabled. Enable it by visiting https://console.developers.google.com/apis/api/mybusiness.googleapis.com/overview?project=111717206874 then retry. If you enabled this API recently, wait a few minutes for the action to propagate to our systems and retry."}
2026-07-28T18:03:48.011Z [INFO]: [ReviewService] Processing outlet {"outletId":"rbdeT4HqnhZUyvJK1t1E","name":"Freddie and Me"}
2026-07-28T18:03:48.779Z [INFO]: [GoogleService] Fetched reviews for outlet {"outletId":"rbdeT4HqnhZUyvJK1t1E","total":3}
2026-07-28T18:03:49.806Z [INFO]: [ReviewService] New reviews to process {"outletId":"rbdeT4HqnhZUyvJK1t1E","fetched":3,"new":3}
2026-07-28T18:03:53.809Z [INFO]: [GoogleService] Reply posted successfully {"outletId":"rbdeT4HqnhZUyvJK1t1E","reviewName":"accounts/111487357075090273121/locations/3533097786741032230/reviews/AbFvOqnMbDv0Y4LIjBJWEGYbggCmNg6cB_eMZbuC-6lXqLTr2GHh9WN269o7xLuG8QaVuLpkpWmpTg"}
2026-07-28T18:03:54.196Z [INFO]: [ReviewService] Positive review handled {"outletId":"rbdeT4HqnhZUyvJK1t1E","reviewId":"aa535360a0a0fd35607b1cbd72cc943cd3c19cebe0d33a6bb992e7bf94ccb443","rating":5}
2026-07-28T18:04:07.135Z [INFO]: [GoogleService] Reply posted successfully {"outletId":"rbdeT4HqnhZUyvJK1t1E","reviewName":"accounts/111487357075090273121/locations/3533097786741032230/reviews/AbFvOqlz8pM5xwvHQKewUGRzDfGG2pLq4064Z9p8Qn7QCcuHmbeXoUl3h6UQpNhZ7i0Y3OhqRwCvIg"}
2026-07-28T18:04:07.407Z [INFO]: [ReviewService] Positive review handled {"outletId":"rbdeT4HqnhZUyvJK1t1E","reviewId":"71085e1c949d2f0f67892bc1973eb6a034a20114d1598ce366f7a26dc00074cb","rating":4}
2026-07-28T18:04:14.408Z [INFO]: [GoogleService] Reply posted successfully {"outletId":"rbdeT4HqnhZUyvJK1t1E","reviewName":"accounts/111487357075090273121/locations/3533097786741032230/reviews/AbFvOqkrtKNmAQZzU_6h-zUXpZ4f_EcjUrSxQDrNlEtpB8eYkxkU9OrARGpH8r1l52CC9D2aG58lKA"}
2026-07-28T18:04:14.617Z [INFO]: [ReviewService] Positive review handled {"outletId":"rbdeT4HqnhZUyvJK1t1E","reviewId":"31f93504564ae1ce5af324d661b19ca1ed400e50b31261d39f002f88b7483491","rating":5}
2026-07-28T18:12:49.077Z [INFO]: [ReviewService] Processing outlet {"outletId":"rbdeT4HqnhZUyvJK1t1E","name":"Freddie and Me"}
2026-07-28T18:12:49.960Z [INFO]: [GoogleService] Fetched reviews for outlet {"outletId":"rbdeT4HqnhZUyvJK1t1E","total":3}
2026-07-28T18:12:50.686Z [INFO]: [ReviewService] New reviews to process {"outletId":"rbdeT4HqnhZUyvJK1t1E","fetched":3,"new":0}
2026-07-28T18:13:40.747Z [INFO]: [ReviewService] Processing outlet {"outletId":"rbdeT4HqnhZUyvJK1t1E","name":"Freddie and Me"}
2026-07-28T18:13:41.554Z [INFO]: [GoogleService] Fetched reviews for outlet {"outletId":"rbdeT4HqnhZUyvJK1t1E","total":3}
2026-07-28T18:13:42.303Z [INFO]: [ReviewService] New reviews to process {"outletId":"rbdeT4HqnhZUyvJK1t1E","fetched":3,"new":0}
2026-07-28T18:22:58.105Z [INFO]: [ReviewService] Processing outlet {"outletId":"rbdeT4HqnhZUyvJK1t1E","name":"Freddie and Me"}
2026-07-28T18:22:58.954Z [INFO]: [GoogleService] Fetched reviews for outlet {"outletId":"rbdeT4HqnhZUyvJK1t1E","total":4}
2026-07-28T18:23:00.001Z [INFO]: [ReviewService] New reviews to process {"outletId":"rbdeT4HqnhZUyvJK1t1E","fetched":4,"new":1}
2026-07-28T18:23:03.064Z [INFO]: [WhatsApp] Alert sent to manager {"to":"+919384926154","outletName":"Freddie and Me","rating":2,"provider":"twilio"}
2026-07-28T18:23:03.403Z [INFO]: [ReviewService] Review escalated {"outletId":"rbdeT4HqnhZUyvJK1t1E","reviewId":"4cab370888bb2dcf2a4294ecca0b46ec1eeba6e85fdd773e938fea2fe433e853","rating":2}
2026-07-28T18:28:21.137Z [INFO]: [ReviewService] Processing outlet {"outletId":"rbdeT4HqnhZUyvJK1t1E","name":"Freddie and Me"}
2026-07-28T18:28:21.994Z [INFO]: [GoogleService] Fetched reviews for outlet {"outletId":"rbdeT4HqnhZUyvJK1t1E","total":4}
2026-07-28T18:28:22.862Z [INFO]: [ReviewService] New reviews to process {"outletId":"rbdeT4HqnhZUyvJK1t1E","fetched":4,"new":0}
2026-07-28T18:29:09.074Z [INFO]: [ReviewService] Processing outlet {"outletId":"rbdeT4HqnhZUyvJK1t1E","name":"Freddie and Me"}
2026-07-28T18:29:09.843Z [INFO]: [GoogleService] Fetched reviews for outlet {"outletId":"rbdeT4HqnhZUyvJK1t1E","total":4}
2026-07-28T18:29:10.615Z [INFO]: [ReviewService] New reviews to process {"outletId":"rbdeT4HqnhZUyvJK1t1E","fetched":4,"new":0}
2026-07-28T18:30:01.865Z [INFO]: [ReviewService] Processing outlet {"outletId":"rbdeT4HqnhZUyvJK1t1E","name":"Freddie and Me"}
2026-07-28T18:30:02.707Z [INFO]: [GoogleService] Fetched reviews for outlet {"outletId":"rbdeT4HqnhZUyvJK1t1E","total":4}
2026-07-28T18:30:03.330Z [INFO]: [ReviewService] New reviews to process {"outletId":"rbdeT4HqnhZUyvJK1t1E","fetched":4,"new":0}
2026-07-28T18:30:06.942Z [INFO]: [ReviewService] Processing outlet {"outletId":"rbdeT4HqnhZUyvJK1t1E","name":"Freddie and Me"}
2026-07-28T18:30:08.536Z [INFO]: [GoogleService] Fetched reviews for outlet {"outletId":"rbdeT4HqnhZUyvJK1t1E","total":4}
2026-07-28T18:30:08.983Z [INFO]: [ReviewService] New reviews to process {"outletId":"rbdeT4HqnhZUyvJK1t1E","fetched":4,"new":0}
2026-07-28T18:31:54.100Z [INFO]: [ReviewService] Processing outlet {"outletId":"rbdeT4HqnhZUyvJK1t1E","name":"Freddie and Me"}
2026-07-28T18:31:54.951Z [INFO]: [GoogleService] Fetched reviews for outlet {"outletId":"rbdeT4HqnhZUyvJK1t1E","total":4}
2026-07-28T18:31:55.586Z [INFO]: [ReviewService] New reviews to process {"outletId":"rbdeT4HqnhZUyvJK1t1E","fetched":4,"new":0}
2026-07-28T18:32:04.951Z [INFO]: [ReviewService] Processing outlet {"outletId":"rbdeT4HqnhZUyvJK1t1E","name":"Freddie and Me"}
2026-07-28T18:32:05.732Z [INFO]: [GoogleService] Fetched reviews for outlet {"outletId":"rbdeT4HqnhZUyvJK1t1E","total":4}
2026-07-28T18:32:06.355Z [INFO]: [ReviewService] New reviews to process {"outletId":"rbdeT4HqnhZUyvJK1t1E","fetched":4,"new":0}
2026-07-28T18:32:09.359Z [INFO]: [ReviewService] Processing outlet {"outletId":"rbdeT4HqnhZUyvJK1t1E","name":"Freddie and Me"}
2026-07-28T18:32:10.184Z [INFO]: [GoogleService] Fetched reviews for outlet {"outletId":"rbdeT4HqnhZUyvJK1t1E","total":4}
2026-07-28T18:32:10.766Z [INFO]: [ReviewService] New reviews to process {"outletId":"rbdeT4HqnhZUyvJK1t1E","fetched":4,"new":0}
2026-07-28T18:32:13.576Z [INFO]: [ReviewService] Processing outlet {"outletId":"rbdeT4HqnhZUyvJK1t1E","name":"Freddie and Me"}
2026-07-28T18:32:14.273Z [INFO]: [GoogleService] Fetched reviews for outlet {"outletId":"rbdeT4HqnhZUyvJK1t1E","total":4}
2026-07-28T18:32:14.816Z [INFO]: [ReviewService] New reviews to process {"outletId":"rbdeT4HqnhZUyvJK1t1E","fetched":4,"new":0}
2026-07-28T18:32:31.656Z [INFO]: [ReviewService] Processing outlet {"outletId":"rbdeT4HqnhZUyvJK1t1E","name":"Freddie and Me"}
2026-07-28T18:32:32.410Z [INFO]: [GoogleService] Fetched reviews for outlet {"outletId":"rbdeT4HqnhZUyvJK1t1E","total":4}
2026-07-28T18:32:32.875Z [INFO]: [ReviewService] New reviews to process {"outletId":"rbdeT4HqnhZUyvJK1t1E","fetched":4,"new":0}
2026-07-28T18:33:11.855Z [INFO]: [ReviewService] Processing outlet {"outletId":"rbdeT4HqnhZUyvJK1t1E","name":"Freddie and Me"}
2026-07-28T18:33:12.659Z [INFO]: [GoogleService] Fetched reviews for outlet {"outletId":"rbdeT4HqnhZUyvJK1t1E","total":4}
2026-07-28T18:33:13.191Z [INFO]: [ReviewService] New reviews to process {"outletId":"rbdeT4HqnhZUyvJK1t1E","fetched":4,"new":0}
2026-07-28T18:34:19.890Z [INFO]: [ReviewService] Processing outlet {"outletId":"rbdeT4HqnhZUyvJK1t1E","name":"Freddie and Me"}
2026-07-28T18:34:20.781Z [INFO]: [GoogleService] Fetched reviews for outlet {"outletId":"rbdeT4HqnhZUyvJK1t1E","total":5}
2026-07-28T18:34:21.542Z [INFO]: [ReviewService] New reviews to process {"outletId":"rbdeT4HqnhZUyvJK1t1E","fetched":5,"new":1}
2026-07-28T18:34:23.138Z [INFO]: [WhatsApp] Alert sent to manager {"to":"+919384926154","outletName":"Freddie and Me","rating":2,"provider":"twilio"}
2026-07-28T18:34:23.380Z [INFO]: [ReviewService] Review escalated {"outletId":"rbdeT4HqnhZUyvJK1t1E","reviewId":"d36f73deff8a67bb8243efe56c275a2096178f9baee74204a260d741e384585a","rating":2}
2026-07-28T18:48:26.920Z [INFO]: [ReviewAutomationJob] Scheduling with pattern: "0 10,15,21 * * *" {}
2026-07-28T18:48:26.930Z [INFO]: [ReviewAutomationJob] Cron started {}
2026-07-28T18:48:26.932Z [INFO]: [ReportCron] Initialized weekly and monthly report cron jobs. {}
2026-07-28T18:48:26.934Z [INFO]: [Server] HTTP server running on port 3000 {"environment":"production"}
2026-07-28T18:49:14.209Z [INFO]: [ReviewAutomationJob] Scheduling with pattern: "0 10,15,21 * * *" {}
2026-07-28T18:49:14.218Z [INFO]: [ReviewAutomationJob] Cron started {}
2026-07-28T18:49:14.221Z [INFO]: [ReportCron] Initialized weekly and monthly report cron jobs. {}
2026-07-28T18:49:14.224Z [INFO]: [Server] HTTP server running on port 3000 {"environment":"production"}
2026-07-28T18:50:56.579Z [INFO]: [ReviewAutomationJob] Scheduling with pattern: "0 10,15,21 * * *" {}
2026-07-28T18:50:56.588Z [INFO]: [ReviewAutomationJob] Cron started {}
2026-07-28T18:50:56.590Z [INFO]: [ReportCron] Initialized weekly and monthly report cron jobs. {}
2026-07-28T18:50:56.593Z [INFO]: [Server] HTTP server running on port 3000 {"environment":"production"}
2026-07-28T18:51:05.818Z [INFO]: [ReviewAutomationJob] Scheduling with pattern: "0 10,15,21 * * *" {}
2026-07-28T18:51:05.828Z [INFO]: [ReviewAutomationJob] Cron started {}
2026-07-28T18:51:05.831Z [INFO]: [ReportCron] Initialized weekly and monthly report cron jobs. {}
2026-07-28T18:51:05.833Z [INFO]: [Server] HTTP server running on port 3000 {"environment":"production"}
2026-07-28T18:51:24.414Z [INFO]: [ReviewAutomationJob] Scheduling with pattern: "0 10,15,21 * * *" {}
2026-07-28T18:51:24.423Z [INFO]: [ReviewAutomationJob] Cron started {}
2026-07-28T18:51:24.426Z [INFO]: [ReportCron] Initialized weekly and monthly report cron jobs. {}
2026-07-28T18:51:24.429Z [INFO]: [Server] HTTP server running on port 3000 {"environment":"production"}
2026-07-28T18:51:40.619Z [INFO]: [ReviewAutomationJob] Scheduling with pattern: "0 10,15,21 * * *" {}
2026-07-28T18:51:40.629Z [INFO]: [ReviewAutomationJob] Cron started {}
2026-07-28T18:51:40.631Z [INFO]: [ReportCron] Initialized weekly and monthly report cron jobs. {}
2026-07-28T18:51:40.632Z [INFO]: [SubscriptionCron] Initialized daily subscription cron job. {}
2026-07-28T18:51:40.635Z [INFO]: [Server] HTTP server running on port 3000 {"environment":"production"}
2026-07-28T19:03:56.624Z [INFO]: [ReviewAutomationJob] Scheduling with pattern: "0 10,15,21 * * *" {}
2026-07-28T19:03:56.635Z [INFO]: [ReviewAutomationJob] Cron started {}
2026-07-28T19:03:56.638Z [INFO]: [ReportCron] Initialized weekly and monthly report cron jobs. {}
2026-07-28T19:03:56.639Z [INFO]: [SubscriptionCron] Initialized daily subscription cron job. {}
2026-07-28T19:03:56.642Z [INFO]: [Server] HTTP server running on port 3000 {"environment":"production"}
2026-07-28T19:10:42.585Z [INFO]: [Firebase] Admin SDK initialized successfully {}
2026-07-28T19:11:03.727Z [INFO]: [ReviewService] Triggering immediate review processing for outlet: ASEl4hMBxCZH94t6yoIX {}
2026-07-28T19:11:03.916Z [INFO]: [ReviewService] Processing outlet {"outletId":"ASEl4hMBxCZH94t6yoIX","name":"Freddie and Me"}
2026-07-28T19:11:04.765Z [INFO]: [GoogleService] Fetched reviews for outlet {"outletId":"ASEl4hMBxCZH94t6yoIX","total":5}
2026-07-28T19:11:06.258Z [INFO]: [ReviewService] New reviews to process {"outletId":"ASEl4hMBxCZH94t6yoIX","fetched":5,"new":5}
2026-07-28T19:11:08.847Z [INFO]: [WhatsApp] Alert sent to manager {"to":"+919384926154","outletName":"Freddie and Me","rating":2,"provider":"twilio"}
2026-07-28T19:11:09.095Z [INFO]: [ReviewService] Review escalated {"outletId":"ASEl4hMBxCZH94t6yoIX","reviewId":"d36f73deff8a67bb8243efe56c275a2096178f9baee74204a260d741e384585a","rating":2}
2026-07-28T19:11:17.855Z [INFO]: [WhatsApp] Alert sent to manager {"to":"+919384926154","outletName":"Freddie and Me","rating":2,"provider":"twilio"}
2026-07-28T19:11:18.024Z [INFO]: [ReviewService] Review escalated {"outletId":"ASEl4hMBxCZH94t6yoIX","reviewId":"4cab370888bb2dcf2a4294ecca0b46ec1eeba6e85fdd773e938fea2fe433e853","rating":2}
2026-07-28T19:11:27.619Z [INFO]: [GoogleService] Reply posted successfully {"outletId":"ASEl4hMBxCZH94t6yoIX","reviewName":"accounts/111487357075090273121/locations/3533097786741032230/reviews/AbFvOqnMbDv0Y4LIjBJWEGYbggCmNg6cB_eMZbuC-6lXqLTr2GHh9WN269o7xLuG8QaVuLpkpWmpTg"}
2026-07-28T19:11:27.821Z [INFO]: [ReviewService] Positive review handled {"outletId":"ASEl4hMBxCZH94t6yoIX","reviewId":"aa535360a0a0fd35607b1cbd72cc943cd3c19cebe0d33a6bb992e7bf94ccb443","rating":5}
2026-07-28T19:11:36.701Z [INFO]: [GoogleService] Reply posted successfully {"outletId":"ASEl4hMBxCZH94t6yoIX","reviewName":"accounts/111487357075090273121/locations/3533097786741032230/reviews/AbFvOqlz8pM5xwvHQKewUGRzDfGG2pLq4064Z9p8Qn7QCcuHmbeXoUl3h6UQpNhZ7i0Y3OhqRwCvIg"}
2026-07-28T19:11:36.915Z [INFO]: [ReviewService] Positive review handled {"outletId":"ASEl4hMBxCZH94t6yoIX","reviewId":"71085e1c949d2f0f67892bc1973eb6a034a20114d1598ce366f7a26dc00074cb","rating":4}
2026-07-28T19:11:46.497Z [INFO]: [GoogleService] Reply posted successfully {"outletId":"ASEl4hMBxCZH94t6yoIX","reviewName":"accounts/111487357075090273121/locations/3533097786741032230/reviews/AbFvOqkrtKNmAQZzU_6h-zUXpZ4f_EcjUrSxQDrNlEtpB8eYkxkU9OrARGpH8r1l52CC9D2aG58lKA"}
2026-07-28T19:11:46.694Z [INFO]: [ReviewService] Positive review handled {"outletId":"ASEl4hMBxCZH94t6yoIX","reviewId":"31f93504564ae1ce5af324d661b19ca1ed400e50b31261d39f002f88b7483491","rating":5}
2026-07-28T19:11:50.176Z [INFO]: [ReviewService] Immediate review processing complete for outlet: ASEl4hMBxCZH94t6yoIX {}
2026-07-28T19:12:44.541Z [WARN]: [AuthMiddleware] Access denied {"uid":"910d3BZ14CSEwGZ9p53svV2Tgh52","role":"admin","required":["SUPER_ADMIN"]}
2026-07-28T19:12:44.546Z [WARN]: [AuthMiddleware] Access denied {"uid":"910d3BZ14CSEwGZ9p53svV2Tgh52","role":"admin","required":["SUPER_ADMIN"]}
2026-07-28T19:12:44.554Z [WARN]: [AuthMiddleware] Access denied {"uid":"910d3BZ14CSEwGZ9p53svV2Tgh52","role":"admin","required":["SUPER_ADMIN"]}
2026-07-28T19:12:45.612Z [WARN]: [AuthMiddleware] Access denied {"uid":"910d3BZ14CSEwGZ9p53svV2Tgh52","role":"admin","required":["SUPER_ADMIN"]}
2026-07-28T19:12:45.621Z [WARN]: [AuthMiddleware] Access denied {"uid":"910d3BZ14CSEwGZ9p53svV2Tgh52","role":"admin","required":["SUPER_ADMIN"]}
2026-07-28T19:13:48.632Z [WARN]: [AuthMiddleware] Access denied {"uid":"910d3BZ14CSEwGZ9p53svV2Tgh52","role":"admin","required":["SUPER_ADMIN"]}
2026-07-28T19:13:48.640Z [WARN]: [AuthMiddleware] Access denied {"uid":"910d3BZ14CSEwGZ9p53svV2Tgh52","role":"admin","required":["SUPER_ADMIN"]}
2026-07-28T19:13:48.650Z [WARN]: [AuthMiddleware] Access denied {"uid":"910d3BZ14CSEwGZ9p53svV2Tgh52","role":"admin","required":["SUPER_ADMIN"]}
2026-07-28T19:13:49.712Z [WARN]: [AuthMiddleware] Access denied {"uid":"910d3BZ14CSEwGZ9p53svV2Tgh52","role":"admin","required":["SUPER_ADMIN"]}
2026-07-28T19:13:49.731Z [WARN]: [AuthMiddleware] Access denied {"uid":"910d3BZ14CSEwGZ9p53svV2Tgh52","role":"admin","required":["SUPER_ADMIN"]}
2026-07-28T19:13:53.380Z [WARN]: [AuthMiddleware] Access denied {"uid":"910d3BZ14CSEwGZ9p53svV2Tgh52","role":"admin","required":["SUPER_ADMIN"]}
2026-07-28T19:13:53.402Z [WARN]: [AuthMiddleware] Access denied {"uid":"910d3BZ14CSEwGZ9p53svV2Tgh52","role":"admin","required":["SUPER_ADMIN"]}
2026-07-28T19:13:53.428Z [WARN]: [AuthMiddleware] Access denied {"uid":"910d3BZ14CSEwGZ9p53svV2Tgh52","role":"admin","required":["SUPER_ADMIN"]}
2026-07-28T19:13:54.495Z [WARN]: [AuthMiddleware] Access denied {"uid":"910d3BZ14CSEwGZ9p53svV2Tgh52","role":"admin","required":["SUPER_ADMIN"]}
2026-07-28T19:13:54.511Z [WARN]: [AuthMiddleware] Access denied {"uid":"910d3BZ14CSEwGZ9p53svV2Tgh52","role":"admin","required":["SUPER_ADMIN"]}
2026-07-28T19:13:54.518Z [WARN]: [AuthMiddleware] Access denied {"uid":"910d3BZ14CSEwGZ9p53svV2Tgh52","role":"admin","required":["SUPER_ADMIN"]}
2026-07-28T19:13:56.711Z [WARN]: [AuthMiddleware] Access denied {"uid":"910d3BZ14CSEwGZ9p53svV2Tgh52","role":"admin","required":["SUPER_ADMIN"]}
2026-07-28T19:13:56.762Z [WARN]: [AuthMiddleware] Access denied {"uid":"910d3BZ14CSEwGZ9p53svV2Tgh52","role":"admin","required":["SUPER_ADMIN"]}
2026-07-28T19:13:57.816Z [WARN]: [AuthMiddleware] Access denied {"uid":"910d3BZ14CSEwGZ9p53svV2Tgh52","role":"admin","required":["SUPER_ADMIN"]}
2026-07-28T19:13:57.829Z [WARN]: [AuthMiddleware] Access denied {"uid":"910d3BZ14CSEwGZ9p53svV2Tgh52","role":"admin","required":["SUPER_ADMIN"]}
2026-07-28T19:13:58.956Z [WARN]: [AuthMiddleware] Access denied {"uid":"910d3BZ14CSEwGZ9p53svV2Tgh52","role":"admin","required":["SUPER_ADMIN"]}
2026-07-28T19:13:58.962Z [WARN]: [AuthMiddleware] Access denied {"uid":"910d3BZ14CSEwGZ9p53svV2Tgh52","role":"admin","required":["SUPER_ADMIN"]}
2026-07-28T19:13:58.968Z [WARN]: [AuthMiddleware] Access denied {"uid":"910d3BZ14CSEwGZ9p53svV2Tgh52","role":"admin","required":["SUPER_ADMIN"]}
2026-07-28T19:14:00.055Z [WARN]: [AuthMiddleware] Access denied {"uid":"910d3BZ14CSEwGZ9p53svV2Tgh52","role":"admin","required":["SUPER_ADMIN"]}
2026-07-28T19:14:00.070Z [WARN]: [AuthMiddleware] Access denied {"uid":"910d3BZ14CSEwGZ9p53svV2Tgh52","role":"admin","required":["SUPER_ADMIN"]}
2026-07-28T19:14:00.080Z [WARN]: [AuthMiddleware] Access denied {"uid":"910d3BZ14CSEwGZ9p53svV2Tgh52","role":"admin","required":["SUPER_ADMIN"]}
2026-07-28T19:21:45.334Z [INFO]: [Server] Received SIGINT — graceful shutdown initiated {}
2026-07-29T14:31:36.859Z [INFO]: [Firebase] Admin SDK initialized successfully {}
2026-07-29T14:31:44.733Z [INFO]: [ReviewAutomationJob] Scheduling with pattern: "0 10,15,21 * * *" {}
2026-07-29T14:31:44.737Z [INFO]: [ReviewAutomationJob] Cron started {}
2026-07-29T14:31:44.739Z [INFO]: [ReportCron] Initialized weekly and monthly report cron jobs. {}
2026-07-29T14:31:44.739Z [INFO]: [SubscriptionCron] Initialized daily subscription cron job. {}
2026-07-29T14:31:44.743Z [INFO]: [Server] HTTP server running on port 3000 {"environment":"production"}
2026-08-03T18:18:38.949Z [INFO]: [Firebase] Admin SDK initialized successfully {}
2026-08-03T18:18:40.669Z [INFO]: [ReviewAutomationJob] Scheduling with pattern: "0 10,15,21 * * *" {}
2026-08-03T18:18:40.670Z [INFO]: [ReviewAutomationJob] Cron started {}
2026-08-03T18:18:40.670Z [INFO]: [ReportCron] Initialized weekly and monthly report cron jobs. {}
2026-08-03T18:18:40.670Z [INFO]: [SubscriptionCron] Initialized daily subscription cron job. {}
2026-08-03T18:18:40.671Z [INFO]: [Server] HTTP server running on port 3000 {"environment":"development"}
2026-08-03T18:30:00.832Z [INFO]: [SubscriptionCron] Starting daily subscription & trial check {}
2026-08-03T18:30:01.500Z [ERROR]: [SubscriptionCron] Failed to process subscriptions {"error":"16 UNAUTHENTICATED: Request had invalid authentication credentials. Expected OAuth 2 access token, login cookie or other valid authentication credential. See https://developers.google.com/identity/sign-in/web/devconsole-project."}
2026-08-03T18:39:54.662Z [INFO]: [Firebase] Admin SDK initialized successfully {}
2026-08-03T18:39:55.765Z [INFO]: [ReviewAutomationJob] Scheduling with pattern: "0 10,15,21 * * *" {}
2026-08-03T18:39:55.766Z [INFO]: [ReviewAutomationJob] Cron started {}
2026-08-03T18:39:55.766Z [INFO]: [ReportCron] Initialized weekly and monthly report cron jobs. {}
2026-08-03T18:39:55.766Z [INFO]: [SubscriptionCron] Initialized daily subscription cron job. {}
2026-08-03T18:39:55.767Z [INFO]: [Server] HTTP server running on port 3000 {"environment":"development"}
2026-08-03T20:46:39.357Z [INFO]: [Firebase] Admin SDK initialized successfully {}
2026-08-03T20:47:52.179Z [INFO]: [Firebase] Admin SDK initialized successfully {}
2026-08-03T20:47:53.009Z [INFO]: [ReviewAutomationJob] Scheduling with pattern: "0 10,15,21 * * *" {}
2026-08-03T20:47:53.010Z [INFO]: [ReviewAutomationJob] Cron started {}
2026-08-03T20:47:53.011Z [INFO]: [ReportCron] Initialized weekly and monthly report cron jobs. {}
2026-08-03T20:47:53.011Z [INFO]: [SubscriptionCron] Initialized daily subscription cron job. {}
2026-08-03T20:47:53.012Z [INFO]: [Server] HTTP server running on port 3000 {"environment":"production"}
2026-08-03T21:51:22.943Z [INFO]: [Firebase] Admin SDK initialized successfully {}
2026-08-03T21:51:24.545Z [INFO]: [ReviewAutomationJob] Scheduling with pattern: "0 10,15,21 * * *" {}
2026-08-03T21:51:24.546Z [INFO]: [ReviewAutomationJob] Cron started {}
2026-08-03T21:51:24.547Z [INFO]: [ReportCron] Initialized weekly and monthly report cron jobs. {}
2026-08-03T21:51:24.547Z [INFO]: [SubscriptionCron] Initialized daily subscription cron job. {}
2026-08-03T21:51:24.549Z [INFO]: [Server] HTTP server running on port 3000 {"environment":"production"}
2026-08-03T21:52:21.495Z [INFO]: [Firebase] Admin SDK initialized successfully {}
2026-08-03T21:52:22.981Z [INFO]: [ReviewAutomationJob] Scheduling with pattern: "0 10,15,21 * * *" {}
2026-08-03T21:52:22.982Z [INFO]: [ReviewAutomationJob] Cron started {}
2026-08-03T21:52:22.983Z [INFO]: [ReportCron] Initialized weekly and monthly report cron jobs. {}
2026-08-03T21:52:22.983Z [INFO]: [SubscriptionCron] Initialized daily subscription cron job. {}
2026-08-03T21:52:22.984Z [INFO]: [Server] HTTP server running on port 3000 {"environment":"production"}
2026-08-03T22:07:42.134Z [ERROR]: [GlobalErrorHandler] Unhandled error {"error":"Expected property name or '}' in JSON at position 1 (line 1 column 2)","stack":"SyntaxError: Expected property name or '}' in JSON at position 1 (line 1 column 2)\n    at JSON.parse (<anonymous>)\n    at parse (D:\\dev project\\onerepute-ag\\one_repute\\backend\\node_modules\\body-parser\\lib\\types\\json.js:92:19)\n    at D:\\dev project\\onerepute-ag\\one_repute\\backend\\node_modules\\body-parser\\lib\\read.js:128:18\n    at AsyncResource.runInAsyncScope (node:async_hooks:227:14)\n    at invokeCallback (D:\\dev project\\onerepute-ag\\one_repute\\backend\\node_modules\\raw-body\\index.js:238:16)\n    at done (D:\\dev project\\onerepute-ag\\one_repute\\backend\\node_modules\\raw-body\\index.js:227:7)\n    at IncomingMessage.onEnd (D:\\dev project\\onerepute-ag\\one_repute\\backend\\node_modules\\raw-body\\index.js:287:7)\n    at IncomingMessage.emit (node:events:509:28)\n    at endReadableNT (node:internal/streams/readable:1729:12)\n    at process.processTicksAndRejections (node:internal/process/task_queues:90:21)","path":"/api/auth/forgot-password","method":"POST"}
2026-08-03T22:10:43.837Z [INFO]: [Firebase] Admin SDK initialized successfully {}
2026-08-03T22:10:45.514Z [INFO]: [Server] Successfully initialized NestJS backend server engine {}
2026-08-03T22:10:45.515Z [INFO]: [ReviewAutomationJob] Scheduling with pattern: "0 10,15,21 * * *" {}
2026-08-03T22:10:45.516Z [INFO]: [ReviewAutomationJob] Cron started {}
2026-08-03T22:10:45.516Z [INFO]: [ReportCron] Initialized weekly and monthly report cron jobs. {}
2026-08-03T22:10:45.516Z [INFO]: [SubscriptionCron] Initialized daily subscription cron job. {}
2026-08-04T07:08:07.156Z [INFO]: [Firebase] Admin SDK initialized successfully {}
2026-08-04T07:08:12.930Z [INFO]: [Server] Successfully initialized NestJS backend server engine {}
2026-08-04T07:08:12.931Z [INFO]: [ReviewAutomationJob] Scheduling with pattern: "0 10,15,21 * * *" {}
2026-08-04T07:08:12.932Z [INFO]: [ReviewAutomationJob] Cron started {}
2026-08-04T07:08:12.933Z [INFO]: [ReportCron] Initialized weekly and monthly report cron jobs. {}
2026-08-04T07:08:12.933Z [INFO]: [SubscriptionCron] Initialized daily subscription cron job. {}
2026-08-04T07:11:32.246Z [INFO]: [Firebase] Admin SDK initialized successfully {}
2026-08-04T07:11:34.275Z [INFO]: [Server] Successfully initialized NestJS backend server engine {}
2026-08-04T07:11:34.276Z [INFO]: [ReviewAutomationJob] Scheduling with pattern: "0 10,15,21 * * *" {}
2026-08-04T07:11:34.277Z [INFO]: [ReviewAutomationJob] Cron started {}
2026-08-04T07:11:34.278Z [INFO]: [ReportCron] Initialized weekly and monthly report cron jobs. {}
2026-08-04T07:11:34.278Z [INFO]: [SubscriptionCron] Initialized daily subscription cron job. {}
2026-08-04T07:20:49.248Z [INFO]: [Firebase] Admin SDK initialized successfully {}
2026-08-04T07:20:51.346Z [INFO]: [Server] Successfully initialized NestJS backend server engine {}
2026-08-04T07:20:51.347Z [INFO]: [ReviewAutomationJob] Scheduling with pattern: "0 10,15,21 * * *" {}
2026-08-04T07:20:51.348Z [INFO]: [ReviewAutomationJob] Cron started {}
2026-08-04T07:20:51.348Z [INFO]: [ReportCron] Initialized weekly and monthly report cron jobs. {}
2026-08-04T07:20:51.349Z [INFO]: [SubscriptionCron] Initialized daily subscription cron job. {}
2026-08-04T09:30:00.749Z [INFO]: [ReviewAutomationJob] Starting run {}
2026-08-04T09:30:01.532Z [INFO]: [ReviewAutomationJob] Processing 7 active outlet(s) {}
2026-08-04T09:30:01.533Z [INFO]: [ReviewService] Processing outlet {"outletId":"ASEl4hMBxCZH94t6yoIX","name":"Freddie and Me"}
2026-08-04T09:30:02.411Z [INFO]: [GoogleService] Fetched reviews for outlet {"outletId":"ASEl4hMBxCZH94t6yoIX","total":2}
2026-08-04T09:30:02.918Z [INFO]: [ReviewService] New reviews to process {"outletId":"ASEl4hMBxCZH94t6yoIX","fetched":2,"new":0}
2026-08-04T09:30:02.919Z [INFO]: [ReviewService] Processing outlet {"outletId":"BhxqlRCLbjaeEDnQZUwd","name":"PVS Caterers"}
2026-08-04T09:30:03.437Z [INFO]: [GoogleService] Fetched reviews for outlet {"outletId":"BhxqlRCLbjaeEDnQZUwd","total":0}
2026-08-04T09:30:03.522Z [INFO]: [ReviewService] New reviews to process {"outletId":"BhxqlRCLbjaeEDnQZUwd","fetched":0,"new":0}
2026-08-04T09:30:03.522Z [INFO]: [ReviewService] Processing outlet {"outletId":"Cw6UhiigerOUsHSrExD4","name":"PVS Caterers"}
2026-08-04T09:30:04.026Z [INFO]: [GoogleService] Fetched reviews for outlet {"outletId":"Cw6UhiigerOUsHSrExD4","total":0}
2026-08-04T09:30:04.105Z [INFO]: [ReviewService] New reviews to process {"outletId":"Cw6UhiigerOUsHSrExD4","fetched":0,"new":0}
2026-08-04T09:30:04.105Z [INFO]: [ReviewService] Processing outlet {"outletId":"QP4PjMXJs5XjfRBpE8kj","name":"Kolapasi Indian Canteen - Chapel Hill NC"}
2026-08-04T09:30:08.547Z [INFO]: [GoogleService] Fetched reviews for outlet {"outletId":"QP4PjMXJs5XjfRBpE8kj","total":283}
2026-08-04T09:30:35.398Z [INFO]: [ReviewService] New reviews to process {"outletId":"QP4PjMXJs5XjfRBpE8kj","fetched":283,"new":0}
2026-08-04T09:30:35.399Z [INFO]: [ReviewService] Processing outlet {"outletId":"dCuljifkugCoqSjMx3rX","name":"Arumugam Cow Foods"}
2026-08-04T09:30:36.224Z [INFO]: [GoogleService] Fetched reviews for outlet {"outletId":"dCuljifkugCoqSjMx3rX","total":1}
2026-08-04T09:30:36.374Z [INFO]: [ReviewService] New reviews to process {"outletId":"dCuljifkugCoqSjMx3rX","fetched":1,"new":0}
2026-08-04T09:30:36.375Z [INFO]: [ReviewService] Processing outlet {"outletId":"dnxY9lgh0BDDInTINpHR","name":"One Repute"}
2026-08-04T09:30:36.914Z [INFO]: [GoogleService] Fetched reviews for outlet {"outletId":"dnxY9lgh0BDDInTINpHR","total":0}
2026-08-04T09:30:36.966Z [INFO]: [ReviewService] New reviews to process {"outletId":"dnxY9lgh0BDDInTINpHR","fetched":0,"new":0}
2026-08-04T09:30:36.966Z [INFO]: [ReviewService] Processing outlet {"outletId":"nlDsue8FeBNXjzcekqpQ","name":"Prores India"}
2026-08-04T09:30:37.672Z [INFO]: [GoogleService] Fetched reviews for outlet {"outletId":"nlDsue8FeBNXjzcekqpQ","total":1}
2026-08-04T09:30:37.819Z [INFO]: [ReviewService] New reviews to process {"outletId":"nlDsue8FeBNXjzcekqpQ","fetched":1,"new":0}
2026-08-04T09:30:37.819Z [INFO]: [ReviewAutomationJob] Run complete {"outlets":7,"totalFetched":287,"totalNew":0,"totalProcessed":0,"errors":0,"durationMs":37070}
2026-08-06T11:40:24.918Z [INFO]: [Firebase] Admin SDK initialized successfully {}
2026-08-06T11:40:31.733Z [INFO]: [Server] Successfully initialized NestJS backend server engine {}
2026-08-06T11:40:31.734Z [INFO]: [ReviewAutomationJob] Scheduling with pattern: "0 10,15,21 * * *" {}
2026-08-06T11:40:31.735Z [INFO]: [ReviewAutomationJob] Cron started {}
2026-08-06T11:40:31.736Z [INFO]: [ReportCron] Initialized weekly and monthly report cron jobs. {}
2026-08-06T11:40:31.736Z [INFO]: [SubscriptionCron] Initialized daily subscription cron job. {}
2026-08-06T11:41:33.006Z [INFO]: [Firebase] Admin SDK initialized successfully {}
2026-08-06T11:41:36.282Z [INFO]: [Server] Successfully initialized NestJS backend server engine {}
2026-08-06T11:41:36.284Z [INFO]: [ReviewAutomationJob] Scheduling with pattern: "0 10,15,21 * * *" {}
2026-08-06T11:41:36.285Z [INFO]: [ReviewAutomationJob] Cron started {}
2026-08-06T11:41:36.285Z [INFO]: [ReportCron] Initialized weekly and monthly report cron jobs. {}
2026-08-06T11:41:36.285Z [INFO]: [SubscriptionCron] Initialized daily subscription cron job. {}
2026-08-06T11:50:52.413Z [INFO]: [Firebase] Admin SDK initialized successfully {}
2026-08-06T11:50:54.969Z [INFO]: [Server] Successfully initialized NestJS backend server engine {}
2026-08-06T11:50:54.971Z [INFO]: [ReviewAutomationJob] Scheduling with pattern: "0 10,15,21 * * *" {}
2026-08-06T11:50:54.971Z [INFO]: [ReviewAutomationJob] Cron started {}
2026-08-06T11:50:54.972Z [INFO]: [ReportCron] Initialized weekly and monthly report cron jobs. {}
2026-08-06T11:50:54.972Z [INFO]: [SubscriptionCron] Initialized daily subscription cron job. {}
2026-08-06T11:50:54.972Z [INFO]: [EscalationCronJob] Starting schedule: Every minute (* * * * *) {}
2026-08-06T11:51:00.008Z [INFO]: [EscalationCronJob] Starting run {}
2026-08-06T11:51:19.235Z [INFO]: [Firebase] Admin SDK initialized successfully {}
2026-08-06T11:51:21.724Z [INFO]: [Server] Successfully initialized NestJS backend server engine {}
2026-08-06T11:51:21.725Z [INFO]: [ReviewAutomationJob] Scheduling with pattern: "0 10,15,21 * * *" {}
2026-08-06T11:51:21.726Z [INFO]: [ReviewAutomationJob] Cron started {}
2026-08-06T11:51:21.727Z [INFO]: [ReportCron] Initialized weekly and monthly report cron jobs. {}
2026-08-06T11:51:21.727Z [INFO]: [SubscriptionCron] Initialized daily subscription cron job. {}
2026-08-06T11:51:21.727Z [INFO]: [EscalationCronJob] Starting schedule: Every minute (* * * * *) {}
2026-08-06T11:52:00.979Z [INFO]: [EscalationCronJob] Starting run {}
2026-08-06T11:53:00.315Z [INFO]: [EscalationCronJob] Starting run {}
2026-08-06T11:53:04.225Z [INFO]: [Firebase] Admin SDK initialized successfully {}
2026-08-06T11:53:05.012Z [INFO]: [EscalationRepo] Saved setting {"customerId":"mock_test_cust_99"}
2026-08-06T11:53:05.238Z [INFO]: [EscalationRepo] Saved setting {"customerId":"mock_test_cust_99"}
2026-08-06T11:53:05.331Z [INFO]: [EscalationCronJob] Starting run {}
2026-08-06T11:53:05.662Z [INFO]: [EscalationCronJob] Checking 1 active review(s) in escalation pipeline {}
2026-08-06T11:53:05.967Z [INFO]: [EscalationCronJob] Escalation Timer Triggered {"reviewId":"mock_test_review_99"}
2026-08-06T11:53:06.896Z [INFO]: [WhatsApp] Escalation alert sent {"to":"+919999911111","businessName":"Verification Bistro","rating":1,"provider":"twilio"}
2026-08-06T11:53:07.522Z [INFO]: [EscalationCronJob] Advanced escalation to level {"reviewId":"mock_test_review_99","nextLevel":2}
2026-08-06T11:53:08.012Z [INFO]: [EscalationRepo] Deleted setting {"customerId":"mock_test_cust_99"}
2026-08-06T11:53:08.105Z [INFO]: [EscalationRepo] Deleted setting {"customerId":"mock_test_cust_99"}
2026-08-06T11:54:00.661Z [INFO]: [EscalationCronJob] Starting run {}
2026-08-06T11:55:00.014Z [INFO]: [EscalationCronJob] Starting run {}
2026-08-06T11:56:00.321Z [INFO]: [EscalationCronJob] Starting run {}
2026-08-06T11:57:00.601Z [INFO]: [EscalationCronJob] Starting run {}
2026-08-06T11:58:00.923Z [INFO]: [EscalationCronJob] Starting run {}
2026-08-06T11:59:00.293Z [INFO]: [EscalationCronJob] Starting run {}
2026-08-06T12:00:00.654Z [INFO]: [EscalationCronJob] Starting run {}
2026-08-06T12:01:00.010Z [INFO]: [EscalationCronJob] Starting run {}
2026-08-06T12:02:00.350Z [INFO]: [EscalationCronJob] Starting run {}
2026-08-06T12:03:00.705Z [INFO]: [EscalationCronJob] Starting run {}
2026-08-06T12:04:00.980Z [INFO]: [EscalationCronJob] Starting run {}
2026-08-06T12:05:00.304Z [INFO]: [EscalationCronJob] Starting run {}
2026-08-06T12:06:00.579Z [INFO]: [EscalationCronJob] Starting run {}
2026-08-06T12:07:00.848Z [INFO]: [EscalationCronJob] Starting run {}
2026-08-06T12:08:00.173Z [INFO]: [EscalationCronJob] Starting run {}
2026-08-06T12:09:00.425Z [INFO]: [EscalationCronJob] Starting run {}
2026-08-06T12:10:00.812Z [INFO]: [EscalationCronJob] Starting run {}
2026-08-06T12:11:00.094Z [INFO]: [EscalationCronJob] Starting run {}
2026-08-06T12:12:00.383Z [INFO]: [EscalationCronJob] Starting run {}
2026-08-06T12:13:00.648Z [INFO]: [EscalationCronJob] Starting run {}
2026-08-06T12:14:00.946Z [INFO]: [EscalationCronJob] Starting run {}
2026-08-06T12:15:00.220Z [INFO]: [EscalationCronJob] Starting run {}
2026-08-06T12:16:00.485Z [INFO]: [EscalationCronJob] Starting run {}
2026-08-06T12:17:00.875Z [INFO]: [EscalationCronJob] Starting run {}
2026-08-06T12:18:00.159Z [INFO]: [EscalationCronJob] Starting run {}
2026-08-06T12:19:00.483Z [INFO]: [EscalationCronJob] Starting run {}
2026-08-06T12:20:00.767Z [INFO]: [EscalationCronJob] Starting run {}
2026-08-06T12:21:00.086Z [INFO]: [EscalationCronJob] Starting run {}
2026-08-06T12:22:00.489Z [INFO]: [EscalationCronJob] Starting run {}
2026-08-06T12:23:00.867Z [INFO]: [EscalationCronJob] Starting run {}
2026-08-06T12:24:00.226Z [INFO]: [EscalationCronJob] Starting run {}
2026-08-06T12:25:00.641Z [INFO]: [EscalationCronJob] Starting run {}
2026-08-06T12:26:00.066Z [INFO]: [EscalationCronJob] Starting run {}
2026-08-06T12:27:00.513Z [INFO]: [EscalationCronJob] Starting run {}
2026-08-06T12:28:00.901Z [INFO]: [EscalationCronJob] Starting run {}
2026-08-06T12:29:00.297Z [INFO]: [EscalationCronJob] Starting run {}
2026-08-06T12:30:00.634Z [INFO]: [EscalationCronJob] Starting run {}
2026-08-06T12:31:00.016Z [INFO]: [EscalationCronJob] Starting run {}
2026-08-06T12:32:00.384Z [INFO]: [EscalationCronJob] Starting run {}
2026-08-06T12:33:00.715Z [INFO]: [EscalationCronJob] Starting run {}
2026-08-06T12:34:00.092Z [INFO]: [EscalationCronJob] Starting run {}
2026-08-06T12:35:00.471Z [INFO]: [EscalationCronJob] Starting run {}
2026-08-06T12:36:00.821Z [INFO]: [EscalationCronJob] Starting run {}
2026-08-06T12:37:00.175Z [INFO]: [EscalationCronJob] Starting run {}
2026-08-06T12:38:00.574Z [INFO]: [EscalationCronJob] Starting run {}
2026-08-06T12:39:00.999Z [INFO]: [EscalationCronJob] Starting run {}
2026-08-06T12:40:00.371Z [INFO]: [EscalationCronJob] Starting run {}
2026-08-06T12:41:00.765Z [INFO]: [EscalationCronJob] Starting run {}
2026-08-06T12:42:00.973Z [INFO]: [EscalationCronJob] Starting run {}
2026-08-06T12:42:12.607Z [INFO]: [ReviewService] Triggering immediate review processing for outlet: h6z7a5HL3BgoaMzh6ZvR {}
2026-08-06T12:42:12.803Z [INFO]: [ReviewService] Processing outlet {"outletId":"h6z7a5HL3BgoaMzh6ZvR","name":"Arumugam Cow Foods"}
2026-08-06T12:42:13.602Z [INFO]: [GoogleService] Fetched reviews for outlet {"outletId":"h6z7a5HL3BgoaMzh6ZvR","total":2}
2026-08-06T12:42:13.966Z [INFO]: [ReviewService] New reviews to process {"outletId":"h6z7a5HL3BgoaMzh6ZvR","fetched":2,"new":0}
2026-08-06T12:42:13.966Z [INFO]: [ReviewService] Immediate review processing complete for outlet: h6z7a5HL3BgoaMzh6ZvR {}
2026-08-06T12:43:00.283Z [INFO]: [EscalationCronJob] Starting run {}
2026-08-06T12:44:00.377Z [INFO]: [EscalationCronJob] Starting run {}
2026-08-07T10:28:29.277Z [INFO]: [Verification] Initializing E2E Subscription & Gating checks... {}
2026-08-07T10:28:32.187Z [INFO]: [Firebase] Admin SDK initialized successfully {}
2026-08-07T10:28:38.544Z [ERROR]: [Verification] Verification FAILED {"error":"Verification failed: plans collection is empty. Ensure seeder runs.","stack":"Error: Verification failed: plans collection is empty. Ensure seeder runs.\n    at runVerification (D:\\dev project\\onerepute-ag\\one_repute\\backend\\verify_temp.js:25:13)\n    at process.processTicksAndRejections (node:internal/process/task_queues:104:5)"}
2026-08-07T10:29:06.992Z [INFO]: [Verification] Initializing E2E Subscription & Gating checks... {}
2026-08-07T10:29:07.065Z [INFO]: [Firebase] Admin SDK initialized successfully {}
2026-08-07T10:29:07.066Z [INFO]: [Seeder] Starting database checks & seeding... {}
2026-08-07T10:29:07.555Z [INFO]: [Seeder] Seeding default plans... {}
2026-08-07T10:29:07.704Z [INFO]: [Seeder] Seeded plan: Starter {}
2026-08-07T10:29:07.792Z [INFO]: [Seeder] Seeded plan: Growth {}
2026-08-07T10:29:07.887Z [INFO]: [Seeder] Seeded plan: Premium {}
2026-08-07T10:29:08.037Z [INFO]: [Seeder] Seeding plan features... {}
2026-08-07T10:29:09.983Z [INFO]: [Seeder] Seeded features for plan: plan_starter {}
2026-08-07T10:29:10.892Z [INFO]: [Seeder] Seeded features for plan: plan_growth {}
2026-08-07T10:29:11.730Z [INFO]: [Seeder] Seeded features for plan: plan_premium {}
2026-08-07T10:29:11.730Z [INFO]: [Seeder] Database checks & seeding completed successfully. {}
2026-08-07T10:29:11.791Z [INFO]: [Verification] Plans collection populated with 3 documents. {}
2026-08-07T10:29:11.791Z [INFO]: [Verification] Creating mock customer profile... {}
2026-08-07T10:29:11.852Z [INFO]: [Verification] Testing Starter Plan permissions... {}
2026-08-07T10:29:12.195Z [INFO]: [Verification] Verified Starter monthly review replies limit: 100 {}
2026-08-07T10:29:12.310Z [INFO]: [Verification] Verified Smart QR is correctly BLOCKED on Starter plan: This feature is available in the Growth Plan. {}
2026-08-07T10:29:12.310Z [INFO]: [Verification] Upgrading customer to Growth plan... {}
2026-08-07T10:29:12.359Z [INFO]: [PermissionService] Cleared permissions cache {}
2026-08-07T10:29:12.496Z [INFO]: [Verification] Verified Smart QR is ALLOWED on Growth plan. {}
2026-08-07T10:29:12.592Z [INFO]: [Verification] Verified Growth competitor tracking limit: 2 {}
2026-08-07T10:29:12.592Z [INFO]: [Verification] Testing usage quota increments... {}
2026-08-07T10:29:12.757Z [INFO]: [PermissionService] Incremented review_reply_count by 99 for customer test_gating_customer_1786098547065 {}
2026-08-07T10:29:12.853Z [INFO]: [Verification] Remaining responses after 99 usage: 151 (expected 151) {}
2026-08-07T10:29:12.976Z [INFO]: [PermissionService] Incremented review_reply_count by 152 for customer test_gating_customer_1786098547065 {}
2026-08-07T10:29:13.197Z [INFO]: [Verification] Verified quota exhaustion block: You have reached your limit of 250 for this feature. Please upgrade your plan. {}
2026-08-07T10:29:13.197Z [INFO]: [Verification] Simulating daily quota resets and delayed downgrades... {}
2026-08-07T10:29:13.609Z [INFO]: [ResetQuotaCron] Starting daily subscription quota reset check {}
2026-08-07T10:29:13.667Z [INFO]: [ResetQuotaCron] Executing scheduled plan downgrade {"customerId":"test_gating_customer_1786098547065","from":"plan_growth","to":"plan_starter"}
2026-08-07T10:29:13.791Z [INFO]: [ResetQuotaCron] Reset quota counters for customer {"customerId":"test_gating_customer_1786098547065"}
2026-08-07T10:29:13.792Z [INFO]: [PermissionService] Cleared permissions cache {}
2026-08-07T10:29:13.792Z [INFO]: [ResetQuotaCron] Completed checking subscription cycles {"resetCount":1,"downgradeCount":1}
2026-08-07T10:29:13.890Z [INFO]: [Verification] Verified delayed downgrade cron execution & quota resets successfully! {}
2026-08-07T10:29:13.890Z [INFO]: [Verification] E2E Subscription & Gating checks completed: ALL PASSED. {}
2026-08-07T10:29:13.976Z [INFO]: [Verification] Test artifacts cleaned. {}
2026-08-07T10:31:16.824Z [INFO]: [Firebase] Admin SDK initialized successfully {}
2026-08-07T10:31:16.827Z [INFO]: [Seeder] Starting database checks & seeding... {}
2026-08-07T10:32:02.283Z [INFO]: [Server] Successfully initialized NestJS backend server engine {}
2026-08-07T10:32:02.284Z [INFO]: [ReviewAutomationJob] Scheduling with pattern: "0 10,15,21 * * *" {}
2026-08-07T10:32:02.285Z [INFO]: [ReviewAutomationJob] Cron started {}
2026-08-07T10:32:02.286Z [INFO]: [ReportCron] Initialized weekly and monthly report cron jobs. {}
2026-08-07T10:32:02.286Z [INFO]: [SubscriptionCron] Initialized daily subscription cron job. {}
2026-08-07T10:32:02.286Z [INFO]: [ResetQuotaCron] Initialized daily quota reset cron job. {}
2026-08-07T10:32:02.287Z [INFO]: [EscalationCronJob] Starting schedule: Every minute (* * * * *) {}
2026-08-07T10:32:03.561Z [INFO]: [Seeder] Plans already seeded, skipping. {}
2026-08-07T10:32:03.673Z [INFO]: [Seeder] Plan features already seeded, skipping. {}
2026-08-07T10:32:03.673Z [INFO]: [Seeder] Database checks & seeding completed successfully. {}
2026-08-07T10:32:19.074Z [INFO]: [PermissionService] Cleared permissions cache {}
2026-08-07T10:32:19.433Z [ERROR]: Failed to fetch billing info {"error":"9 FAILED_PRECONDITION: The query requires an index. You can create it here: https://console.firebase.google.com/v1/r/project/gmb-onerepute/firestore/indexes?create_composite=Ck5wcm9qZWN0cy9nbWItb25lcmVwdXRlL2RhdGFiYXNlcy8oZGVmYXVsdCkvY29sbGVjdGlvbkdyb3Vwcy9pbnZvaWNlcy9pbmRleGVzL18QARoOCgpjdXN0b21lcklkEAEaDAoIaXNzdWVkQXQQAhoMCghfX25hbWVfXxAC"}
2026-08-07T10:32:26.629Z [ERROR]: Failed to fetch billing info {"error":"9 FAILED_PRECONDITION: The query requires an index. You can create it here: https://console.firebase.google.com/v1/r/project/gmb-onerepute/firestore/indexes?create_composite=Ck5wcm9qZWN0cy9nbWItb25lcmVwdXRlL2RhdGFiYXNlcy8oZGVmYXVsdCkvY29sbGVjdGlvbkdyb3Vwcy9pbnZvaWNlcy9pbmRleGVzL18QARoOCgpjdXN0b21lcklkEAEaDAoIaXNzdWVkQXQQAhoMCghfX25hbWVfXxAC"}
2026-08-07T10:32:31.755Z [INFO]: [PermissionService] Cleared permissions cache {}
2026-08-07T10:32:31.997Z [ERROR]: Failed to fetch billing info {"error":"9 FAILED_PRECONDITION: The query requires an index. You can create it here: https://console.firebase.google.com/v1/r/project/gmb-onerepute/firestore/indexes?create_composite=Ck5wcm9qZWN0cy9nbWItb25lcmVwdXRlL2RhdGFiYXNlcy8oZGVmYXVsdCkvY29sbGVjdGlvbkdyb3Vwcy9pbnZvaWNlcy9pbmRleGVzL18QARoOCgpjdXN0b21lcklkEAEaDAoIaXNzdWVkQXQQAhoMCghfX25hbWVfXxAC"}
2026-08-07T10:32:33.577Z [ERROR]: Failed to fetch billing info {"error":"9 FAILED_PRECONDITION: The query requires an index. You can create it here: https://console.firebase.google.com/v1/r/project/gmb-onerepute/firestore/indexes?create_composite=Ck5wcm9qZWN0cy9nbWItb25lcmVwdXRlL2RhdGFiYXNlcy8oZGVmYXVsdCkvY29sbGVjdGlvbkdyb3Vwcy9pbnZvaWNlcy9pbmRleGVzL18QARoOCgpjdXN0b21lcklkEAEaDAoIaXNzdWVkQXQQAhoMCghfX25hbWVfXxAC"}
2026-08-07T10:33:00.091Z [INFO]: [EscalationCronJob] Starting run {}
2026-08-07T10:34:00.336Z [INFO]: [EscalationCronJob] Starting run {}
2026-08-07T10:35:00.529Z [INFO]: [EscalationCronJob] Starting run {}
2026-08-07T10:35:55.019Z [ERROR]: Failed to fetch billing info {"error":"9 FAILED_PRECONDITION: The query requires an index. You can create it here: https://console.firebase.google.com/v1/r/project/gmb-onerepute/firestore/indexes?create_composite=Ck5wcm9qZWN0cy9nbWItb25lcmVwdXRlL2RhdGFiYXNlcy8oZGVmYXVsdCkvY29sbGVjdGlvbkdyb3Vwcy9pbnZvaWNlcy9pbmRleGVzL18QARoOCgpjdXN0b21lcklkEAEaDAoIaXNzdWVkQXQQAhoMCghfX25hbWVfXxAC"}
2026-08-07T10:36:00.836Z [INFO]: [EscalationCronJob] Starting run {}
2026-08-07T10:37:00.217Z [INFO]: [EscalationCronJob] Starting run {}
2026-08-07T10:38:00.604Z [INFO]: [EscalationCronJob] Starting run {}
2026-08-07T10:38:59.820Z [INFO]: [Firebase] Admin SDK initialized successfully {}
2026-08-07T10:38:59.823Z [INFO]: [Seeder] Starting database checks & seeding... {}
2026-08-07T10:38:59.823Z [INFO]: [Seeder] Seeding default plans... {}
2026-08-07T10:39:01.518Z [INFO]: [Server] Successfully initialized NestJS backend server engine {}
2026-08-07T10:39:01.520Z [INFO]: [ReviewAutomationJob] Scheduling with pattern: "0 10,15,21 * * *" {}
2026-08-07T10:39:01.521Z [INFO]: [ReviewAutomationJob] Cron started {}
2026-08-07T10:39:01.521Z [INFO]: [ReportCron] Initialized weekly and monthly report cron jobs. {}
2026-08-07T10:39:01.521Z [INFO]: [SubscriptionCron] Initialized daily subscription cron job. {}
2026-08-07T10:39:01.522Z [INFO]: [ResetQuotaCron] Initialized daily quota reset cron job. {}
2026-08-07T10:39:01.522Z [INFO]: [EscalationCronJob] Starting schedule: Every minute (* * * * *) {}
2026-08-07T10:39:01.834Z [INFO]: [Seeder] Seeded/Merged plan: Starter {}
2026-08-07T10:39:01.916Z [INFO]: [Seeder] Seeded/Merged plan: Growth {}
2026-08-07T10:39:02.013Z [INFO]: [Seeder] Seeded/Merged plan: Premium {}
2026-08-07T10:39:02.013Z [INFO]: [Seeder] Seeding plan features... {}
2026-08-07T10:39:03.418Z [INFO]: [Seeder] Seeded/Merged features for plan: plan_starter {}
2026-08-07T10:39:04.288Z [INFO]: [Seeder] Seeded/Merged features for plan: plan_growth {}
2026-08-07T10:39:05.076Z [INFO]: [Seeder] Seeded/Merged features for plan: plan_premium {}
2026-08-07T10:39:05.076Z [INFO]: [Seeder] Database checks & seeding completed successfully. {}
2026-08-07T10:39:50.825Z [WARN]: [EscalationRoute] Failed to fetch AI credits status during check {"error":"timeout of 5000ms exceeded"}
2026-08-07T10:39:55.786Z [WARN]: [EscalationRoute] Failed to fetch AI credits status during check {"error":"getaddrinfo EAI_AGAIN api.aicredits.in"}
2026-08-07T10:40:00.864Z [INFO]: [EscalationCronJob] Starting run {}
2026-08-07T10:40:13.917Z [ERROR]: Error cancelling subscription {"error":"No active subscription found to cancel"}
2026-08-07T10:40:13.917Z [ERROR]: Cancellation failed {"error":"No active subscription found to cancel"}
2026-08-07T10:41:00.189Z [INFO]: [EscalationCronJob] Starting run {}
2026-08-07T10:42:00.612Z [INFO]: [EscalationCronJob] Starting run {}
2026-08-07T10:43:00.834Z [INFO]: [EscalationCronJob] Starting run {}
2026-08-07T10:44:00.034Z [INFO]: [EscalationCronJob] Starting run {}
2026-08-07T10:45:00.362Z [INFO]: [EscalationCronJob] Starting run {}
2026-08-07T10:46:00.573Z [INFO]: [EscalationCronJob] Starting run {}
2026-08-07T10:46:50.218Z [INFO]: [Test] Initializing Payment Integration E2E Audit... {}
2026-08-07T10:46:50.291Z [INFO]: [Firebase] Admin SDK initialized successfully {}
2026-08-07T10:46:50.790Z [INFO]: [Test] Plans Collection count: 3 {}
2026-08-07T10:46:50.790Z [INFO]: [Test] Verifying default billing info response... {}
2026-08-07T10:46:51.092Z [INFO]: [Test] Default subscription state: {"plan":"plan_starter","billingCycle":"monthly","status":"inactive","renewalDate":null,"cancelAtPeriodEnd":false,"pendingPlanDowngrade":null} {}
2026-08-07T10:46:51.092Z [INFO]: [Test] Default billing info fallback verified successfully. {}
2026-08-07T10:46:51.092Z [INFO]: [Test] Creating simulated subscription... {}
2026-08-07T10:46:52.478Z [ERROR]: Error creating subscription {}
2026-08-07T10:46:58.974Z [INFO]: [Test] Initializing Payment Integration E2E Audit... {}
2026-08-07T10:46:59.046Z [INFO]: [Firebase] Admin SDK initialized successfully {}
2026-08-07T10:46:59.391Z [INFO]: [Test] Plans Collection count: 3 {}
2026-08-07T10:46:59.391Z [INFO]: [Test] Verifying default billing info response... {}
2026-08-07T10:46:59.704Z [INFO]: [Test] Default subscription state: {"plan":"plan_starter","billingCycle":"monthly","status":"inactive","renewalDate":null,"cancelAtPeriodEnd":false,"pendingPlanDowngrade":null} {}
2026-08-07T10:46:59.705Z [INFO]: [Test] Default billing info fallback verified successfully. {}
2026-08-07T10:46:59.705Z [INFO]: [Test] Creating simulated subscription... {}
2026-08-07T10:46:59.975Z [ERROR]: Error creating subscription {}
2026-08-07T10:47:00.814Z [INFO]: [EscalationCronJob] Starting run {}
2026-08-07T10:47:17.230Z [INFO]: [Test] Initializing Payment Integration E2E Audit... {}
2026-08-07T10:47:17.309Z [INFO]: [Firebase] Admin SDK initialized successfully {}
2026-08-07T10:47:17.771Z [INFO]: [Test] Plans Collection count: 3 {}
2026-08-07T10:47:17.772Z [INFO]: [Test] Verifying default billing info response... {}
2026-08-07T10:47:18.092Z [INFO]: [Test] Default subscription state: {"plan":"plan_starter","billingCycle":"monthly","status":"inactive","renewalDate":null,"cancelAtPeriodEnd":false,"pendingPlanDowngrade":null} {}
2026-08-07T10:47:18.092Z [INFO]: [Test] Default billing info fallback verified successfully. {}
2026-08-07T10:47:18.092Z [INFO]: [Test] Creating simulated subscription... {}
2026-08-07T10:47:18.242Z [INFO]: [PaymentService] Created simulated subscription {"mockId":"sub_mock_a9yfus1r","planId":"plan_growth"}
2026-08-07T10:47:18.304Z [INFO]: [Test] Subscription Created: sub_mock_a9yfus1r {}
2026-08-07T10:47:34.465Z [INFO]: [Test] Initializing Payment Integration E2E Audit... {}
2026-08-07T10:47:34.541Z [INFO]: [Firebase] Admin SDK initialized successfully {}
2026-08-07T10:47:35.039Z [INFO]: [Test] Plans Collection count: 3 {}
2026-08-07T10:47:35.039Z [INFO]: [Test] Verifying default billing info response... {}
2026-08-07T10:47:35.365Z [INFO]: [Test] Default subscription state: {"plan":"plan_starter","billingCycle":"monthly","status":"inactive","renewalDate":null,"cancelAtPeriodEnd":false,"pendingPlanDowngrade":null} {}
2026-08-07T10:47:35.365Z [INFO]: [Test] Default billing info fallback verified successfully. {}
2026-08-07T10:47:35.365Z [INFO]: [Test] Creating simulated subscription... {}
2026-08-07T10:47:35.453Z [INFO]: [PaymentService] Created simulated subscription {"mockId":"sub_mock_dyxqlxtc","planId":"plan_growth"}
2026-08-07T10:47:35.586Z [INFO]: [Test] Subscription Created: sub_mock_dyxqlxtc {}
2026-08-07T10:47:35.586Z [INFO]: [Test] Verifying signature verification logic... {}
2026-08-07T10:47:35.587Z [INFO]: [PaymentService] Verified mock payment signature {"paymentId":"pay_dummy_123"}
2026-08-07T10:47:35.587Z [INFO]: [Test] Verification response matches: true {}
2026-08-07T10:47:35.587Z [INFO]: [Test] Upgrading plan to Premium... {}
2026-08-07T10:47:36.002Z [ERROR]: Error changing subscription plan {}
2026-08-07T10:47:53.352Z [INFO]: [Test] Initializing Payment Integration E2E Audit... {}
2026-08-07T10:47:53.428Z [INFO]: [Firebase] Admin SDK initialized successfully {}
2026-08-07T10:47:53.923Z [INFO]: [Test] Plans Collection count: 3 {}
2026-08-07T10:47:53.923Z [INFO]: [Test] Verifying default billing info response... {}
2026-08-07T10:47:54.223Z [INFO]: [Test] Default subscription state: {"plan":"plan_starter","billingCycle":"monthly","status":"inactive","renewalDate":null,"cancelAtPeriodEnd":false,"pendingPlanDowngrade":null} {}
2026-08-07T10:47:54.223Z [INFO]: [Test] Default billing info fallback verified successfully. {}
2026-08-07T10:47:54.224Z [INFO]: [Test] Creating simulated subscription... {}
2026-08-07T10:47:54.326Z [INFO]: [PaymentService] Created simulated subscription {"mockId":"sub_mock_tp42pw4t","planId":"plan_growth"}
2026-08-07T10:47:54.421Z [INFO]: [Test] Subscription Created: sub_mock_tp42pw4t {}
2026-08-07T10:47:54.421Z [INFO]: [Test] Verifying signature verification logic... {}
2026-08-07T10:47:54.422Z [INFO]: [PaymentService] Verified mock payment signature {"paymentId":"pay_dummy_123"}
2026-08-07T10:47:54.422Z [INFO]: [Test] Verification response matches: true {}
2026-08-07T10:47:54.422Z [INFO]: [Test] Upgrading plan to Premium... {}
2026-08-07T10:47:54.751Z [INFO]: [PaymentService] Simulating immediate upgrade to {"newPlanId":"plan_premium"}
2026-08-07T10:47:54.892Z [INFO]: [PermissionService] Cleared permissions cache {}
2026-08-07T10:47:54.892Z [INFO]: [Test] Upgrade response: Upgraded to Premium plan successfully. {}
2026-08-07T10:47:55.172Z [INFO]: [Test] Current plan after upgrade: plan_premium {}
2026-08-07T10:47:55.172Z [INFO]: [Test] Upgrade successful. {}
2026-08-07T10:47:55.172Z [INFO]: [Test] Scheduling plan downgrade back to Growth... {}
2026-08-07T10:47:55.590Z [INFO]: [Test] Downgrade response: Downgrade scheduled. You will transition to the Growth plan at the end of your billing cycle. {}
2026-08-07T10:47:55.861Z [INFO]: [Test] Pending downgrade structure: {"billingCycle":"monthly","plan":"plan_growth"} {}
2026-08-07T10:47:55.861Z [INFO]: [Test] Plan downgrade schedule verified successfully. {}
2026-08-07T10:47:55.861Z [INFO]: [Test] Cleaning up test database documents... {}
2026-08-07T10:47:55.916Z [INFO]: [Test] E2E Payment Integration test passed successfully! ✔ {}
2026-08-07T10:48:00.140Z [INFO]: [EscalationCronJob] Starting run {}
2026-08-07T10:48:09.000Z [INFO]: [Firebase] Admin SDK initialized successfully {}
2026-08-07T10:48:09.003Z [INFO]: [Seeder] Starting database checks & seeding... {}
2026-08-07T10:48:09.003Z [INFO]: [Seeder] Seeding default plans... {}
2026-08-07T10:48:10.774Z [INFO]: [Server] Successfully initialized NestJS backend server engine {}
2026-08-07T10:48:10.775Z [INFO]: [ReviewAutomationJob] Scheduling with pattern: "0 10,15,21 * * *" {}
2026-08-07T10:48:10.776Z [INFO]: [ReviewAutomationJob] Cron started {}
2026-08-07T10:48:10.776Z [INFO]: [ReportCron] Initialized weekly and monthly report cron jobs. {}
2026-08-07T10:48:10.776Z [INFO]: [SubscriptionCron] Initialized daily subscription cron job. {}
2026-08-07T10:48:10.777Z [INFO]: [ResetQuotaCron] Initialized daily quota reset cron job. {}
2026-08-07T10:48:10.777Z [INFO]: [EscalationCronJob] Starting schedule: Every minute (* * * * *) {}
2026-08-07T10:48:11.223Z [INFO]: [Seeder] Seeded/Merged plan: Starter {}
2026-08-07T10:48:11.300Z [INFO]: [Seeder] Seeded/Merged plan: Growth {}
2026-08-07T10:48:11.400Z [INFO]: [Seeder] Seeded/Merged plan: Premium {}
2026-08-07T10:48:11.400Z [INFO]: [Seeder] Seeding plan features... {}
2026-08-07T10:48:13.247Z [INFO]: [Seeder] Seeded/Merged features for plan: plan_starter {}
2026-08-07T10:48:14.165Z [INFO]: [Seeder] Seeded/Merged features for plan: plan_growth {}
2026-08-07T10:48:15.000Z [INFO]: [Seeder] Seeded/Merged features for plan: plan_premium {}
2026-08-07T10:48:15.001Z [INFO]: [Seeder] Database checks & seeding completed successfully. {}
2026-08-07T10:49:00.151Z [INFO]: [EscalationCronJob] Starting run {}
2026-08-07T10:50:00.641Z [INFO]: [EscalationCronJob] Starting run {}
2026-08-07T10:51:00.119Z [INFO]: [EscalationCronJob] Starting run {}
2026-08-07T10:52:00.650Z [INFO]: [EscalationCronJob] Starting run {}
2026-08-07T10:53:00.089Z [INFO]: [EscalationCronJob] Starting run {}
2026-08-07T10:54:00.547Z [INFO]: [EscalationCronJob] Starting run {}
2026-08-07T10:56:00.398Z [INFO]: [EscalationCronJob] Starting run {}
2026-08-07T10:57:00.771Z [INFO]: [EscalationCronJob] Starting run {}
2026-08-07T10:58:00.107Z [INFO]: [EscalationCronJob] Starting run {}
2026-08-07T10:58:39.848Z [INFO]: [PermissionService] Cleared permissions cache {}
2026-08-07T10:59:00.445Z [INFO]: [EscalationCronJob] Starting run {}
2026-08-07T11:00:00.742Z [INFO]: [EscalationCronJob] Starting run {}
2026-08-07T11:01:00.111Z [INFO]: [EscalationCronJob] Starting run {}
2026-08-07T11:02:00.333Z [INFO]: [EscalationCronJob] Starting run {}
2026-08-07T11:03:00.684Z [INFO]: [EscalationCronJob] Starting run {}
2026-08-07T11:08:12.058Z [INFO]: [Test] Initializing Localization & Pricing E2E Audit... {}
2026-08-07T11:08:12.127Z [INFO]: [Firebase] Admin SDK initialized successfully {}
2026-08-07T11:08:12.127Z [INFO]: [Test] Verifying planPrices collection entries... {}
2026-08-07T11:08:12.605Z [INFO]: [Test] Total seeded prices found: 0 {}
2026-08-07T11:08:20.244Z [INFO]: [Test] Initializing Localization & Pricing E2E Audit... {}
2026-08-07T11:08:20.312Z [INFO]: [Firebase] Admin SDK initialized successfully {}
2026-08-07T11:08:20.312Z [INFO]: [Test] Seeding database to initialize localized prices... {}
2026-08-07T11:08:20.313Z [INFO]: [Seeder] Starting database checks & seeding... {}
2026-08-07T11:08:20.313Z [INFO]: [Seeder] Seeding default plans... {}
2026-08-07T11:08:20.782Z [INFO]: [Seeder] Seeded/Merged plan: Starter {}
2026-08-07T11:08:20.876Z [INFO]: [Seeder] Seeded/Merged plan: Growth {}
2026-08-07T11:08:20.959Z [INFO]: [Seeder] Seeded/Merged plan: Premium {}
2026-08-07T11:08:20.959Z [INFO]: [Seeder] Seeding plan features... {}
2026-08-07T11:08:22.842Z [INFO]: [Seeder] Seeded/Merged features for plan: plan_starter {}
2026-08-07T11:08:23.815Z [INFO]: [Seeder] Seeded/Merged features for plan: plan_growth {}
2026-08-07T11:08:24.616Z [INFO]: [Seeder] Seeded/Merged features for plan: plan_premium {}
2026-08-07T11:08:24.616Z [INFO]: [Seeder] Seeding country localized prices... {}
2026-08-07T11:08:24.664Z [INFO]: [Seeder] Seeded/Merged localized price: plan_starter_IN (INR) {}
2026-08-07T11:08:24.716Z [INFO]: [Seeder] Seeded/Merged localized price: plan_growth_IN (INR) {}
2026-08-07T11:08:24.761Z [INFO]: [Seeder] Seeded/Merged localized price: plan_premium_IN (INR) {}
2026-08-07T11:08:24.806Z [INFO]: [Seeder] Seeded/Merged localized price: plan_starter_US (USD) {}
2026-08-07T11:08:24.854Z [INFO]: [Seeder] Seeded/Merged localized price: plan_growth_US (USD) {}
2026-08-07T11:08:24.897Z [INFO]: [Seeder] Seeded/Merged localized price: plan_premium_US (USD) {}
2026-08-07T11:08:24.897Z [INFO]: [Seeder] Database checks & seeding completed successfully. {}
2026-08-07T11:08:24.897Z [INFO]: [Test] Verifying planPrices collection entries... {}
2026-08-07T11:08:24.991Z [INFO]: [Test] Total seeded prices found: 6 {}
2026-08-07T11:08:24.991Z [INFO]: [Test] Testing priority country detection rules... {}
2026-08-07T11:08:24.991Z [INFO]: [PricingService] Resolved country from IP headers: {}
2026-08-07T11:08:24.991Z [INFO]: [Test] IP Header 'US' -> Detected Country: US (Expected: US) {}
2026-08-07T11:08:24.991Z [INFO]: [PricingService] Resolved country from Accept-Language header: {}
2026-08-07T11:08:24.991Z [INFO]: [Test] Accept-Language 'en-IN' -> Detected Country: IN (Expected: IN) {}
2026-08-07T11:08:24.991Z [INFO]: [PricingService] Resolved country from timezone fallback: IN {}
2026-08-07T11:08:24.991Z [INFO]: [Test] Timezone 'Asia/Kolkata' -> Detected Country: IN (Expected: IN) {}
2026-08-07T11:08:24.991Z [INFO]: [PricingService] Resolved country from billing records: {}
2026-08-07T11:08:24.991Z [INFO]: [Test] Customer Billing Country 'US' -> Detected Country: US (Expected: US) {}
2026-08-07T11:08:24.991Z [INFO]: [Test] Empty Context Default -> Detected Country: IN (Expected: IN) {}
2026-08-07T11:08:24.992Z [INFO]: [Test] Verifying localized pricing lookup... {}
2026-08-07T11:08:25.059Z [INFO]: [Test] Growth Plan IN -> Currency: INR, Monthly Price: 1999 (Expected: INR / 1999) {}
2026-08-07T11:08:25.059Z [INFO]: [Test] Growth Plan US -> Currency: USD, Monthly Price: 79 (Expected: USD / 79) {}
2026-08-07T11:08:25.059Z [INFO]: [Test] Testing dynamic Plan ID selection during subscription creation... {}
2026-08-07T11:08:25.110Z [INFO]: [PaymentService] Created simulated subscription {"mockId":"sub_mock_lrjj6uwp","planId":"plan_starter","countryCode":"IN"}
2026-08-07T11:08:25.147Z [INFO]: [Test] Indian Customer Starter -> Active Plan: plan_starter_in_monthly_dummy (Expected: plan_starter_in_monthly_dummy) {}
2026-08-07T11:08:25.194Z [INFO]: [PaymentService] Created simulated subscription {"mockId":"sub_mock_7w9yadtj","planId":"plan_starter","countryCode":"US"}
2026-08-07T11:08:25.234Z [INFO]: [Test] US Customer Starter -> Active Plan: plan_starter_us_monthly_dummy (Expected: plan_starter_us_monthly_dummy) {}
2026-08-07T11:08:25.234Z [INFO]: [Test] Verifying getBillingInfo returns localized attributes... {}
2026-08-07T11:08:25.363Z [INFO]: [Test] Billing Info -> Resolved Country: US (Expected: US) {}
2026-08-07T11:08:25.363Z [INFO]: [Test] Billing Info -> Resolved Currency: USD (Expected: USD) {}
2026-08-07T11:08:25.363Z [INFO]: [Test] Billing Info Growth Plan Price -> $79 (Expected: $79) {}
2026-08-07T11:08:25.363Z [INFO]: [Test] Cleaning up test customer records... {}
2026-08-07T11:08:25.458Z [INFO]: [Test] ALL INTEGRATION TESTS PASSED SUCCESSFULLY! ✔ {}
2026-08-07T11:08:35.397Z [INFO]: [Firebase] Admin SDK initialized successfully {}
2026-08-07T11:08:35.399Z [INFO]: [Seeder] Starting database checks & seeding... {}
2026-08-07T11:08:35.399Z [INFO]: [Seeder] Seeding default plans... {}
2026-08-07T11:08:36.996Z [INFO]: [Server] Successfully initialized NestJS backend server engine {}
2026-08-07T11:08:36.997Z [INFO]: [ReviewAutomationJob] Scheduling with pattern: "0 10,15,21 * * *" {}
2026-08-07T11:08:36.998Z [INFO]: [ReviewAutomationJob] Cron started {}
2026-08-07T11:08:36.998Z [INFO]: [ReportCron] Initialized weekly and monthly report cron jobs. {}
2026-08-07T11:08:36.998Z [INFO]: [SubscriptionCron] Initialized daily subscription cron job. {}
2026-08-07T11:08:36.999Z [INFO]: [ResetQuotaCron] Initialized daily quota reset cron job. {}
2026-08-07T11:08:36.999Z [INFO]: [EscalationCronJob] Starting schedule: Every minute (* * * * *) {}
2026-08-07T11:08:37.396Z [INFO]: [Seeder] Seeded/Merged plan: Starter {}
2026-08-07T11:08:37.452Z [INFO]: [Seeder] Seeded/Merged plan: Growth {}
2026-08-07T11:08:37.619Z [INFO]: [Seeder] Seeded/Merged plan: Premium {}
2026-08-07T11:08:37.619Z [INFO]: [Seeder] Seeding plan features... {}
2026-08-07T11:08:39.488Z [INFO]: [Seeder] Seeded/Merged features for plan: plan_starter {}
2026-08-07T11:08:40.447Z [INFO]: [Seeder] Seeded/Merged features for plan: plan_growth {}
2026-08-07T11:08:41.291Z [INFO]: [Seeder] Seeded/Merged features for plan: plan_premium {}
2026-08-07T11:08:41.291Z [INFO]: [Seeder] Seeding country localized prices... {}
2026-08-07T11:08:41.322Z [INFO]: [Seeder] Seeded/Merged localized price: plan_starter_IN (INR) {}
2026-08-07T11:08:41.368Z [INFO]: [Seeder] Seeded/Merged localized price: plan_growth_IN (INR) {}
2026-08-07T11:08:41.416Z [INFO]: [Seeder] Seeded/Merged localized price: plan_premium_IN (INR) {}
2026-08-07T11:08:41.463Z [INFO]: [Seeder] Seeded/Merged localized price: plan_starter_US (USD) {}
2026-08-07T11:08:41.509Z [INFO]: [Seeder] Seeded/Merged localized price: plan_growth_US (USD) {}
2026-08-07T11:08:41.554Z [INFO]: [Seeder] Seeded/Merged localized price: plan_premium_US (USD) {}
2026-08-07T11:08:41.554Z [INFO]: [Seeder] Database checks & seeding completed successfully. {}
2026-08-07T11:09:00.104Z [INFO]: [EscalationCronJob] Starting run {}
2026-08-07T11:10:00.373Z [INFO]: [EscalationCronJob] Starting run {}
2026-08-07T11:11:00.658Z [INFO]: [EscalationCronJob] Starting run {}
2026-08-07T11:12:00.926Z [INFO]: [EscalationCronJob] Starting run {}
2026-08-07T11:13:00.193Z [INFO]: [EscalationCronJob] Starting run {}
2026-08-07T11:14:00.464Z [INFO]: [EscalationCronJob] Starting run {}
2026-08-07T11:15:00.732Z [INFO]: [EscalationCronJob] Starting run {}
2026-08-07T11:16:00.010Z [INFO]: [EscalationCronJob] Starting run {}
2026-08-07T11:17:00.282Z [INFO]: [EscalationCronJob] Starting run {}
2026-08-07T11:18:00.568Z [INFO]: [EscalationCronJob] Starting run {}
2026-08-07T11:19:00.835Z [INFO]: [EscalationCronJob] Starting run {}
2026-08-07T11:20:00.115Z [INFO]: [EscalationCronJob] Starting run {}
2026-08-07T11:21:00.389Z [INFO]: [EscalationCronJob] Starting run {}
2026-08-07T11:22:00.718Z [INFO]: [EscalationCronJob] Starting run {}
2026-08-07T11:23:00.988Z [INFO]: [EscalationCronJob] Starting run {}
2026-08-07T11:24:00.260Z [INFO]: [EscalationCronJob] Starting run {}
2026-08-07T16:27:05.794Z [INFO]: [Test] Initializing Localization & Pricing E2E Audit... {}
2026-08-07T16:27:08.474Z [INFO]: [Firebase] Admin SDK initialized successfully {}
2026-08-07T16:27:08.475Z [INFO]: [Test] Seeding database to initialize localized prices... {}
2026-08-07T16:27:08.475Z [INFO]: [Seeder] Starting database checks & seeding... {}
2026-08-07T16:27:08.475Z [INFO]: [Seeder] Seeding default plans... {}
2026-08-07T16:27:14.648Z [INFO]: [Seeder] Seeded/Merged plan: Starter {}
2026-08-07T16:27:14.728Z [INFO]: [Seeder] Seeded/Merged plan: Growth {}
2026-08-07T16:27:14.837Z [INFO]: [Seeder] Seeded/Merged plan: Premium {}
2026-08-07T16:27:14.837Z [INFO]: [Seeder] Seeding plan features... {}
2026-08-07T16:27:16.599Z [INFO]: [Seeder] Seeded/Merged features for plan: plan_starter {}
2026-08-07T16:27:17.528Z [INFO]: [Seeder] Seeded/Merged features for plan: plan_growth {}
2026-08-07T16:27:18.400Z [INFO]: [Seeder] Seeded/Merged features for plan: plan_premium {}
2026-08-07T16:27:18.401Z [INFO]: [Seeder] Seeding country localized prices... {}
2026-08-07T16:27:18.443Z [INFO]: [Seeder] Seeded/Merged localized price: plan_starter_IN (INR) {}
2026-08-07T16:27:18.493Z [INFO]: [Seeder] Seeded/Merged localized price: plan_growth_IN (INR) {}
2026-08-07T16:27:18.532Z [INFO]: [Seeder] Seeded/Merged localized price: plan_premium_IN (INR) {}
2026-08-07T16:27:18.584Z [INFO]: [Seeder] Seeded/Merged localized price: plan_starter_US (USD) {}
2026-08-07T16:27:18.637Z [INFO]: [Seeder] Seeded/Merged localized price: plan_growth_US (USD) {}
2026-08-07T16:27:18.677Z [INFO]: [Seeder] Seeded/Merged localized price: plan_premium_US (USD) {}
2026-08-07T16:27:18.677Z [INFO]: [Seeder] Database checks & seeding completed successfully. {}
2026-08-07T16:27:18.677Z [INFO]: [Test] Verifying planPrices collection entries... {}
2026-08-07T16:27:18.793Z [INFO]: [Test] Total seeded prices found: 6 {}
2026-08-07T16:27:18.794Z [INFO]: [Test] Testing priority country detection rules... {}
2026-08-07T16:27:18.794Z [INFO]: [PricingService] Resolved country from IP headers: {}
2026-08-07T16:27:18.794Z [INFO]: [Test] IP Header 'US' -> Detected Country: US (Expected: US) {}
2026-08-07T16:27:18.794Z [INFO]: [PricingService] Resolved country from Accept-Language header: {}
2026-08-07T16:27:18.794Z [INFO]: [Test] Accept-Language 'en-IN' -> Detected Country: IN (Expected: IN) {}
2026-08-07T16:27:18.794Z [INFO]: [PricingService] Resolved country from timezone fallback: IN {}
2026-08-07T16:27:18.794Z [INFO]: [Test] Timezone 'Asia/Kolkata' -> Detected Country: IN (Expected: IN) {}
2026-08-07T16:27:18.794Z [INFO]: [PricingService] Resolved country from billing records: {}
2026-08-07T16:27:18.794Z [INFO]: [Test] Customer Billing Country 'US' -> Detected Country: US (Expected: US) {}
2026-08-07T16:27:18.794Z [INFO]: [Test] Empty Context Default -> Detected Country: IN (Expected: IN) {}
2026-08-07T16:27:18.794Z [INFO]: [Test] Verifying localized pricing lookup... {}
2026-08-07T16:27:18.840Z [INFO]: [Test] Growth Plan IN -> Currency: INR, Monthly Price: 1999 (Expected: INR / 1999) {}
2026-08-07T16:27:18.840Z [INFO]: [Test] Growth Plan US -> Currency: USD, Monthly Price: 79 (Expected: USD / 79) {}
2026-08-07T16:27:18.840Z [INFO]: [Test] Testing dynamic Plan ID selection during subscription creation... {}
2026-08-07T16:27:18.905Z [INFO]: [PaymentService] Created simulated subscription {"mockId":"sub_mock_48p91p6i","planId":"plan_starter","countryCode":"IN"}
2026-08-07T16:27:18.942Z [INFO]: [Test] Indian Customer Starter -> Active Plan: plan_starter_in_monthly_dummy (Expected: plan_starter_in_monthly_dummy) {}
2026-08-07T16:27:18.987Z [INFO]: [PaymentService] Created simulated subscription {"mockId":"sub_mock_106aie70","planId":"plan_starter","countryCode":"US"}
2026-08-07T16:27:19.021Z [INFO]: [Test] US Customer Starter -> Active Plan: plan_starter_us_monthly_dummy (Expected: plan_starter_us_monthly_dummy) {}
2026-08-07T16:27:19.021Z [INFO]: [Test] Verifying getBillingInfo returns localized attributes... {}
2026-08-07T16:27:19.159Z [INFO]: [Test] Billing Info -> Resolved Country: US (Expected: US) {}
2026-08-07T16:27:19.159Z [INFO]: [Test] Billing Info -> Resolved Currency: USD (Expected: USD) {}
2026-08-07T16:27:19.159Z [INFO]: [Test] Billing Info Growth Plan Price -> $79 (Expected: $79) {}
2026-08-07T16:27:19.160Z [INFO]: [Test] Cleaning up test customer records... {}
2026-08-07T16:27:19.254Z [INFO]: [Test] ALL INTEGRATION TESTS PASSED SUCCESSFULLY! ✔ {}
2026-08-07T16:29:55.589Z [INFO]: [Firebase] Admin SDK initialized successfully {}
2026-08-07T16:29:55.591Z [INFO]: [Seeder] Starting database checks & seeding... {}
2026-08-07T16:29:55.591Z [INFO]: [Seeder] Seeding default plans... {}
2026-08-07T16:30:39.541Z [INFO]: [Server] Successfully initialized NestJS backend server engine {}
2026-08-07T16:30:39.542Z [INFO]: [ReviewAutomationJob] Scheduling with pattern: "0 10,15,21 * * *" {}
2026-08-07T16:30:39.543Z [INFO]: [ReviewAutomationJob] Cron started {}
2026-08-07T16:30:39.544Z [INFO]: [ReportCron] Initialized weekly and monthly report cron jobs. {}
2026-08-07T16:30:39.544Z [INFO]: [SubscriptionCron] Initialized daily subscription cron job. {}
2026-08-07T16:30:39.545Z [INFO]: [ResetQuotaCron] Initialized daily quota reset cron job. {}
2026-08-07T16:30:39.545Z [INFO]: [EscalationCronJob] Starting schedule: Every minute (* * * * *) {}
2026-08-07T16:30:41.034Z [INFO]: [Seeder] Seeded/Merged plan: Starter {}
2026-08-07T16:30:41.114Z [INFO]: [Seeder] Seeded/Merged plan: Growth {}
2026-08-07T16:30:41.199Z [INFO]: [Seeder] Seeded/Merged plan: Premium {}
2026-08-07T16:30:41.200Z [INFO]: [Seeder] Seeding plan features... {}
2026-08-07T16:30:42.882Z [INFO]: [Seeder] Seeded/Merged features for plan: plan_starter {}
2026-08-07T16:30:43.730Z [INFO]: [Seeder] Seeded/Merged features for plan: plan_growth {}
2026-08-07T16:30:44.521Z [INFO]: [Seeder] Seeded/Merged features for plan: plan_premium {}
2026-08-07T16:30:44.521Z [INFO]: [Seeder] Seeding country localized prices... {}
2026-08-07T16:30:44.567Z [INFO]: [Seeder] Seeded/Merged localized price: plan_starter_IN (INR) {}
2026-08-07T16:30:44.617Z [INFO]: [Seeder] Seeded/Merged localized price: plan_growth_IN (INR) {}
2026-08-07T16:30:44.656Z [INFO]: [Seeder] Seeded/Merged localized price: plan_premium_IN (INR) {}
2026-08-07T16:30:44.691Z [INFO]: [Seeder] Seeded/Merged localized price: plan_starter_US (USD) {}
2026-08-07T16:30:44.726Z [INFO]: [Seeder] Seeded/Merged localized price: plan_growth_US (USD) {}
2026-08-07T16:30:44.760Z [INFO]: [Seeder] Seeded/Merged localized price: plan_premium_US (USD) {}
2026-08-07T16:30:44.760Z [INFO]: [Seeder] Database checks & seeding completed successfully. {}
2026-08-07T16:31:00.932Z [INFO]: [EscalationCronJob] Starting run {}
2026-08-07T16:32:00.900Z [INFO]: [EscalationCronJob] Starting run {}
2026-08-07T16:33:00.424Z [INFO]: [EscalationCronJob] Starting run {}
2026-08-07T16:34:00.033Z [INFO]: [EscalationCronJob] Starting run {}
2026-08-07T16:35:00.649Z [INFO]: [EscalationCronJob] Starting run {}
2026-08-07T16:36:00.218Z [INFO]: [EscalationCronJob] Starting run {}
2026-08-07T16:37:00.793Z [INFO]: [EscalationCronJob] Starting run {}
2026-08-07T16:38:00.400Z [INFO]: [EscalationCronJob] Starting run {}
2026-08-07T18:32:19.185Z [INFO]: [Firebase] Admin SDK initialized successfully {}
2026-08-07T18:32:19.226Z [INFO]: [Seeder] Starting database checks & seeding... {}
2026-08-07T18:32:19.227Z [INFO]: [Seeder] Seeding default plans... {}
2026-08-07T18:33:14.583Z [INFO]: [Server] Successfully initialized NestJS backend server engine {}
2026-08-07T18:33:14.585Z [INFO]: [ReviewAutomationJob] Scheduling with pattern: "0 10,15,21 * * *" {}
2026-08-07T18:33:14.586Z [INFO]: [ReviewAutomationJob] Cron started {}
2026-08-07T18:33:14.587Z [INFO]: [ReportCron] Initialized weekly and monthly report cron jobs. {}
2026-08-07T18:33:14.587Z [INFO]: [SubscriptionCron] Initialized daily subscription cron job. {}
2026-08-07T18:33:14.587Z [INFO]: [ResetQuotaCron] Initialized daily quota reset cron job. {}
2026-08-07T18:33:14.587Z [INFO]: [EscalationCronJob] Starting schedule: Every minute (* * * * *) {}
2026-08-07T18:33:20.147Z [INFO]: [Seeder] Seeded/Merged plan: Starter {}
2026-08-07T18:33:20.218Z [INFO]: [Seeder] Seeded/Merged plan: Growth {}
2026-08-07T18:33:20.369Z [INFO]: [Seeder] Seeded/Merged plan: Premium {}
2026-08-07T18:33:20.369Z [INFO]: [Seeder] Seeding plan features... {}
2026-08-07T18:33:21.658Z [INFO]: [Seeder] Seeded/Merged features for plan: plan_starter {}
2026-08-07T18:33:22.446Z [INFO]: [Seeder] Seeded/Merged features for plan: plan_growth {}
2026-08-07T18:33:23.177Z [INFO]: [Seeder] Seeded/Merged features for plan: plan_premium {}
2026-08-07T18:33:23.177Z [INFO]: [Seeder] Seeding country localized prices... {}
2026-08-07T18:33:23.222Z [INFO]: [Seeder] Seeded/Merged localized price: plan_starter_IN (INR) {}
2026-08-07T18:33:23.269Z [INFO]: [Seeder] Seeded/Merged localized price: plan_growth_IN (INR) {}
2026-08-07T18:33:23.309Z [INFO]: [Seeder] Seeded/Merged localized price: plan_premium_IN (INR) {}
2026-08-07T18:33:23.354Z [INFO]: [Seeder] Seeded/Merged localized price: plan_starter_US (USD) {}
2026-08-07T18:33:23.411Z [INFO]: [Seeder] Seeded/Merged localized price: plan_growth_US (USD) {}
2026-08-07T18:33:23.446Z [INFO]: [Seeder] Seeded/Merged localized price: plan_premium_US (USD) {}
2026-08-07T18:33:23.446Z [INFO]: [Seeder] Database checks & seeding completed successfully. {}
2026-08-07T18:35:54.717Z [INFO]: [Test] Initializing Localization & Pricing E2E Audit... {}
2026-08-07T18:35:54.803Z [INFO]: [Firebase] Admin SDK initialized successfully {}
2026-08-07T18:35:54.803Z [INFO]: [Test] Seeding database to initialize localized prices... {}
2026-08-07T18:35:54.803Z [INFO]: [Seeder] Starting database checks & seeding... {}
2026-08-07T18:35:54.803Z [INFO]: [Seeder] Seeding default plans... {}
2026-08-07T18:35:55.311Z [INFO]: [Seeder] Seeded/Merged plan: Starter {}
2026-08-07T18:35:55.383Z [INFO]: [Seeder] Seeded/Merged plan: Growth {}
2026-08-07T18:35:55.487Z [INFO]: [Seeder] Seeded/Merged plan: Premium {}
2026-08-07T18:35:55.487Z [INFO]: [Seeder] Seeding plan features... {}
2026-08-07T18:35:57.072Z [INFO]: [Seeder] Seeded/Merged features for plan: plan_starter {}
2026-08-07T18:35:57.840Z [INFO]: [Seeder] Seeded/Merged features for plan: plan_growth {}
2026-08-07T18:35:58.573Z [INFO]: [Seeder] Seeded/Merged features for plan: plan_premium {}
2026-08-07T18:35:58.574Z [INFO]: [Seeder] Seeding country localized prices... {}
2026-08-07T18:35:58.583Z [INFO]: [Seeder] Registering live Razorpay Plan for plan_starter_IN Monthly... {}
2026-08-07T18:35:58.850Z [INFO]: [Seeder] Registered live Razorpay Plan ID: plan_TMyruK2LFMchQK {}
2026-08-07T18:35:58.850Z [INFO]: [Seeder] Registering live Razorpay Plan for plan_starter_IN Annual... {}
2026-08-07T18:35:59.083Z [INFO]: [Seeder] Registered live Razorpay Plan ID: plan_TMyruZuolxOPkk {}
2026-08-07T18:35:59.124Z [INFO]: [Seeder] Seeded/Merged localized price: plan_starter_IN (INR) {}
2026-08-07T18:35:59.124Z [INFO]: [Seeder] Registering live Razorpay Plan for plan_growth_IN Monthly... {}
2026-08-07T18:35:59.337Z [INFO]: [Seeder] Registered live Razorpay Plan ID: plan_TMyruqkBIOApLA {}
2026-08-07T18:35:59.337Z [INFO]: [Seeder] Registering live Razorpay Plan for plan_growth_IN Annual... {}
2026-08-07T18:35:59.572Z [INFO]: [Seeder] Registered live Razorpay Plan ID: plan_TMyrv5tuhEbCt3 {}
2026-08-07T18:35:59.604Z [INFO]: [Seeder] Seeded/Merged localized price: plan_growth_IN (INR) {}
2026-08-07T18:35:59.604Z [INFO]: [Seeder] Registering live Razorpay Plan for plan_premium_IN Monthly... {}
2026-08-07T18:35:59.810Z [INFO]: [Seeder] Registered live Razorpay Plan ID: plan_TMyrvMsX6Gf3gj {}
2026-08-07T18:35:59.810Z [INFO]: [Seeder] Registering live Razorpay Plan for plan_premium_IN Annual... {}
2026-08-07T18:36:00.035Z [INFO]: [Seeder] Registered live Razorpay Plan ID: plan_TMyrvbgRulXmPS {}
2026-08-07T18:36:00.076Z [INFO]: [Seeder] Seeded/Merged localized price: plan_premium_IN (INR) {}
2026-08-07T18:36:00.077Z [INFO]: [Seeder] Registering live Razorpay Plan for plan_starter_US Monthly... {}
2026-08-07T18:36:00.346Z [INFO]: [Seeder] Registered live Razorpay Plan ID: plan_TMyrvx7zpASBcN {}
2026-08-07T18:36:00.347Z [INFO]: [Seeder] Registering live Razorpay Plan for plan_starter_US Annual... {}
2026-08-07T18:36:00.558Z [INFO]: [Seeder] Registered live Razorpay Plan ID: plan_TMyrwBkQCOGP5t {}
2026-08-07T18:36:00.597Z [INFO]: [Seeder] Seeded/Merged localized price: plan_starter_US (USD) {}
2026-08-07T18:36:00.597Z [INFO]: [Seeder] Registering live Razorpay Plan for plan_growth_US Monthly... {}
2026-08-07T18:36:00.889Z [INFO]: [Seeder] Registered live Razorpay Plan ID: plan_TMyrwVqol8Yml4 {}
2026-08-07T18:36:00.890Z [INFO]: [Seeder] Registering live Razorpay Plan for plan_growth_US Annual... {}
2026-08-07T18:36:01.087Z [INFO]: [Seeder] Registered live Razorpay Plan ID: plan_TMyrwlOPv531fI {}
2026-08-07T18:36:01.125Z [INFO]: [Seeder] Seeded/Merged localized price: plan_growth_US (USD) {}
2026-08-07T18:36:01.125Z [INFO]: [Seeder] Registering live Razorpay Plan for plan_premium_US Monthly... {}
2026-08-07T18:36:01.339Z [INFO]: [Seeder] Registered live Razorpay Plan ID: plan_TMyrx289VsZnPv {}
2026-08-07T18:36:01.339Z [INFO]: [Seeder] Registering live Razorpay Plan for plan_premium_US Annual... {}
2026-08-07T18:36:01.554Z [INFO]: [Seeder] Registered live Razorpay Plan ID: plan_TMyrxHG3cxpecH {}
2026-08-07T18:36:01.602Z [INFO]: [Seeder] Seeded/Merged localized price: plan_premium_US (USD) {}
2026-08-07T18:36:01.602Z [INFO]: [Seeder] Database checks & seeding completed successfully. {}
2026-08-07T18:36:01.602Z [INFO]: [Test] Verifying planPrices collection entries... {}
2026-08-07T18:36:01.692Z [INFO]: [Test] Total seeded prices found: 6 {}
2026-08-07T18:36:01.692Z [INFO]: [Test] Testing priority country detection rules... {}
2026-08-07T18:36:01.692Z [INFO]: [PricingService] Resolved country from IP headers: {}
2026-08-07T18:36:01.692Z [INFO]: [Test] IP Header 'US' -> Detected Country: US (Expected: US) {}
2026-08-07T18:36:01.692Z [INFO]: [PricingService] Resolved country from Accept-Language header: {}
2026-08-07T18:36:01.692Z [INFO]: [Test] Accept-Language 'en-IN' -> Detected Country: IN (Expected: IN) {}
2026-08-07T18:36:01.692Z [INFO]: [PricingService] Resolved country from timezone fallback: IN {}
2026-08-07T18:36:01.692Z [INFO]: [Test] Timezone 'Asia/Kolkata' -> Detected Country: IN (Expected: IN) {}
2026-08-07T18:36:01.693Z [INFO]: [PricingService] Resolved country from billing records: {}
2026-08-07T18:36:01.693Z [INFO]: [Test] Customer Billing Country 'US' -> Detected Country: US (Expected: US) {}
2026-08-07T18:36:01.693Z [INFO]: [Test] Empty Context Default -> Detected Country: IN (Expected: IN) {}
2026-08-07T18:36:01.693Z [INFO]: [Test] Verifying localized pricing lookup... {}
2026-08-07T18:36:01.740Z [INFO]: [Test] Growth Plan IN -> Currency: INR, Monthly Price: 1999 (Expected: INR / 1999) {}
2026-08-07T18:36:01.740Z [INFO]: [Test] Growth Plan US -> Currency: USD, Monthly Price: 79 (Expected: USD / 79) {}
2026-08-07T18:36:01.740Z [INFO]: [Test] Testing dynamic Plan ID selection during subscription creation... {}
2026-08-07T18:36:02.803Z [INFO]: [PaymentService] Created Razorpay subscription {"subscriptionId":"sub_TMyrxnYFYZI58Y","planId":"plan_starter","countryCode":"IN"}
2026-08-07T18:36:02.840Z [INFO]: [Test] Indian Customer Starter -> Active Plan: plan_TMyruK2LFMchQK (Expected: plan_starter_in_monthly_dummy) {}
2026-08-07T18:36:11.936Z [INFO]: [Test] Initializing Localization & Pricing E2E Audit... {}
2026-08-07T18:36:12.005Z [INFO]: [Firebase] Admin SDK initialized successfully {}
2026-08-07T18:36:12.006Z [INFO]: [Test] Seeding database to initialize localized prices... {}
2026-08-07T18:36:12.006Z [INFO]: [Seeder] Starting database checks & seeding... {}
2026-08-07T18:36:12.006Z [INFO]: [Seeder] Seeding default plans... {}
2026-08-07T18:36:12.441Z [INFO]: [Seeder] Seeded/Merged plan: Starter {}
2026-08-07T18:36:12.493Z [INFO]: [Seeder] Seeded/Merged plan: Growth {}
2026-08-07T18:36:12.620Z [INFO]: [Seeder] Seeded/Merged plan: Premium {}
2026-08-07T18:36:12.620Z [INFO]: [Seeder] Seeding plan features... {}
2026-08-07T18:36:14.036Z [INFO]: [Seeder] Seeded/Merged features for plan: plan_starter {}
2026-08-07T18:36:14.771Z [INFO]: [Seeder] Seeded/Merged features for plan: plan_growth {}
2026-08-07T18:36:15.526Z [INFO]: [Seeder] Seeded/Merged features for plan: plan_premium {}
2026-08-07T18:36:15.527Z [INFO]: [Seeder] Seeding country localized prices... {}
2026-08-07T18:36:15.537Z [INFO]: [Seeder] Registering live Razorpay Plan for plan_starter_IN Monthly... {}
2026-08-07T18:36:15.993Z [INFO]: [Seeder] Registered live Razorpay Plan ID: plan_TMysCq3rSzHdn2 {}
2026-08-07T18:36:15.994Z [INFO]: [Seeder] Registering live Razorpay Plan for plan_starter_IN Annual... {}
2026-08-07T18:36:16.221Z [INFO]: [Seeder] Registered live Razorpay Plan ID: plan_TMysDHHELRl0IC {}
2026-08-07T18:36:16.261Z [INFO]: [Seeder] Seeded/Merged localized price: plan_starter_IN (INR) {}
2026-08-07T18:36:16.261Z [INFO]: [Seeder] Registering live Razorpay Plan for plan_growth_IN Monthly... {}
2026-08-07T18:36:16.467Z [INFO]: [Seeder] Registered live Razorpay Plan ID: plan_TMysDXxILhLq3J {}
2026-08-07T18:36:16.467Z [INFO]: [Seeder] Registering live Razorpay Plan for plan_growth_IN Annual... {}
2026-08-07T18:36:16.672Z [INFO]: [Seeder] Registered live Razorpay Plan ID: plan_TMysDmQrc6Fxwc {}
2026-08-07T18:36:16.707Z [INFO]: [Seeder] Seeded/Merged localized price: plan_growth_IN (INR) {}
2026-08-07T18:36:16.707Z [INFO]: [Seeder] Registering live Razorpay Plan for plan_premium_IN Monthly... {}
2026-08-07T18:36:16.928Z [INFO]: [Seeder] Registered live Razorpay Plan ID: plan_TMysE2zAxB9E7T {}
2026-08-07T18:36:16.928Z [INFO]: [Seeder] Registering live Razorpay Plan for plan_premium_IN Annual... {}
2026-08-07T18:36:17.151Z [INFO]: [Seeder] Registered live Razorpay Plan ID: plan_TMysEHVUpb6086 {}
2026-08-07T18:36:17.190Z [INFO]: [Seeder] Seeded/Merged localized price: plan_premium_IN (INR) {}
2026-08-07T18:36:17.190Z [INFO]: [Seeder] Registering live Razorpay Plan for plan_starter_US Monthly... {}
2026-08-07T18:36:17.414Z [INFO]: [Seeder] Registered live Razorpay Plan ID: plan_TMysEaObeaySLP {}
2026-08-07T18:36:17.414Z [INFO]: [Seeder] Registering live Razorpay Plan for plan_starter_US Annual... {}
2026-08-07T18:36:17.625Z [INFO]: [Seeder] Registered live Razorpay Plan ID: plan_TMysEoB0XPOyLB {}
2026-08-07T18:36:17.660Z [INFO]: [Seeder] Seeded/Merged localized price: plan_starter_US (USD) {}
2026-08-07T18:36:17.660Z [INFO]: [Seeder] Registering live Razorpay Plan for plan_growth_US Monthly... {}
2026-08-07T18:36:17.893Z [INFO]: [Seeder] Registered live Razorpay Plan ID: plan_TMysF75RrNuIYm {}
2026-08-07T18:36:17.893Z [INFO]: [Seeder] Registering live Razorpay Plan for plan_growth_US Annual... {}
2026-08-07T18:36:18.154Z [INFO]: [Seeder] Registered live Razorpay Plan ID: plan_TMysFMbl71eOn1 {}
2026-08-07T18:36:18.189Z [INFO]: [Seeder] Seeded/Merged localized price: plan_growth_US (USD) {}
2026-08-07T18:36:18.190Z [INFO]: [Seeder] Registering live Razorpay Plan for plan_premium_US Monthly... {}
2026-08-07T18:36:18.387Z [INFO]: [Seeder] Registered live Razorpay Plan ID: plan_TMysFefYvkSOHQ {}
2026-08-07T18:36:18.387Z [INFO]: [Seeder] Registering live Razorpay Plan for plan_premium_US Annual... {}
2026-08-07T18:36:18.608Z [INFO]: [Seeder] Registered live Razorpay Plan ID: plan_TMysFtU8ApptQg {}
2026-08-07T18:36:18.649Z [INFO]: [Seeder] Seeded/Merged localized price: plan_premium_US (USD) {}
2026-08-07T18:36:18.649Z [INFO]: [Seeder] Database checks & seeding completed successfully. {}
2026-08-07T18:36:18.649Z [INFO]: [Test] Verifying planPrices collection entries... {}
2026-08-07T18:36:18.738Z [INFO]: [Test] Total seeded prices found: 6 {}
2026-08-07T18:36:18.738Z [INFO]: [Test] Testing priority country detection rules... {}
2026-08-07T18:36:18.738Z [INFO]: [PricingService] Resolved country from IP headers: {}
2026-08-07T18:36:18.738Z [INFO]: [Test] IP Header 'US' -> Detected Country: US (Expected: US) {}
2026-08-07T18:36:18.738Z [INFO]: [PricingService] Resolved country from Accept-Language header: {}
2026-08-07T18:36:18.738Z [INFO]: [Test] Accept-Language 'en-IN' -> Detected Country: IN (Expected: IN) {}
2026-08-07T18:36:18.738Z [INFO]: [PricingService] Resolved country from timezone fallback: IN {}
2026-08-07T18:36:18.738Z [INFO]: [Test] Timezone 'Asia/Kolkata' -> Detected Country: IN (Expected: IN) {}
2026-08-07T18:36:18.738Z [INFO]: [PricingService] Resolved country from billing records: {}
2026-08-07T18:36:18.739Z [INFO]: [Test] Customer Billing Country 'US' -> Detected Country: US (Expected: US) {}
2026-08-07T18:36:18.739Z [INFO]: [Test] Empty Context Default -> Detected Country: IN (Expected: IN) {}
2026-08-07T18:36:18.739Z [INFO]: [Test] Verifying localized pricing lookup... {}
2026-08-07T18:36:18.789Z [INFO]: [Test] Growth Plan IN -> Currency: INR, Monthly Price: 1999 (Expected: INR / 1999) {}
2026-08-07T18:36:18.789Z [INFO]: [Test] Growth Plan US -> Currency: USD, Monthly Price: 79 (Expected: USD / 79) {}
2026-08-07T18:36:18.789Z [INFO]: [Test] Testing dynamic Plan ID selection during subscription creation... {}
2026-08-07T18:36:20.411Z [INFO]: [PaymentService] Created Razorpay subscription {"subscriptionId":"sub_TMysGQWSBSsees","planId":"plan_starter","countryCode":"IN"}
2026-08-07T18:36:20.443Z [INFO]: [Test] Indian Customer Starter -> Active Plan: plan_TMysCq3rSzHdn2 {}
2026-08-07T18:36:21.396Z [INFO]: [PaymentService] Created Razorpay subscription {"subscriptionId":"sub_TMysIDE1Ksuo56","planId":"plan_starter","countryCode":"US"}
2026-08-07T18:36:21.441Z [INFO]: [Test] US Customer Starter -> Active Plan: plan_TMysEaObeaySLP {}
2026-08-07T18:36:21.441Z [INFO]: [Test] Verifying getBillingInfo returns localized attributes... {}
2026-08-07T18:36:21.564Z [INFO]: [Test] Billing Info -> Resolved Country: US (Expected: US) {}
2026-08-07T18:36:21.564Z [INFO]: [Test] Billing Info -> Resolved Currency: USD (Expected: USD) {}
2026-08-07T18:36:21.564Z [INFO]: [Test] Billing Info Growth Plan Price -> $79 (Expected: $79) {}
2026-08-07T18:36:21.564Z [INFO]: [Test] Cleaning up test customer records... {}
2026-08-07T18:36:21.658Z [INFO]: [Test] ALL INTEGRATION TESTS PASSED SUCCESSFULLY! ✔ {}
2026-08-07T18:36:42.721Z [INFO]: [Firebase] Admin SDK initialized successfully {}
2026-08-07T18:36:42.769Z [INFO]: [Seeder] Starting database checks & seeding... {}
2026-08-07T18:36:42.769Z [INFO]: [Seeder] Seeding default plans... {}
2026-08-07T18:36:44.356Z [INFO]: [Server] Successfully initialized NestJS backend server engine {}
2026-08-07T18:36:44.357Z [INFO]: [ReviewAutomationJob] Scheduling with pattern: "0 10,15,21 * * *" {}
2026-08-07T18:36:44.358Z [INFO]: [ReviewAutomationJob] Cron started {}
2026-08-07T18:36:44.358Z [INFO]: [ReportCron] Initialized weekly and monthly report cron jobs. {}
2026-08-07T18:36:44.358Z [INFO]: [SubscriptionCron] Initialized daily subscription cron job. {}
2026-08-07T18:36:44.358Z [INFO]: [ResetQuotaCron] Initialized daily quota reset cron job. {}
2026-08-07T18:36:44.359Z [INFO]: [EscalationCronJob] Starting schedule: Every minute (* * * * *) {}
2026-08-07T18:36:44.771Z [INFO]: [Seeder] Seeded/Merged plan: Starter {}
2026-08-07T18:36:44.819Z [INFO]: [Seeder] Seeded/Merged plan: Growth {}
2026-08-07T18:36:44.901Z [INFO]: [Seeder] Seeded/Merged plan: Premium {}
2026-08-07T18:36:44.901Z [INFO]: [Seeder] Seeding plan features... {}
2026-08-07T18:36:46.473Z [INFO]: [Seeder] Seeded/Merged features for plan: plan_starter {}
2026-08-07T18:36:47.223Z [INFO]: [Seeder] Seeded/Merged features for plan: plan_growth {}
2026-08-07T18:36:47.954Z [INFO]: [Seeder] Seeded/Merged features for plan: plan_premium {}
2026-08-07T18:36:47.955Z [INFO]: [Seeder] Seeding country localized prices... {}
2026-08-07T18:36:47.963Z [INFO]: [Seeder] Registering live Razorpay Plan for plan_starter_IN Monthly... {}
2026-08-07T18:36:48.248Z [INFO]: [Seeder] Registered live Razorpay Plan ID: plan_TMysmEEWjYaCUE {}
2026-08-07T18:36:48.248Z [INFO]: [Seeder] Registering live Razorpay Plan for plan_starter_IN Annual... {}
2026-08-07T18:36:48.451Z [INFO]: [Seeder] Registered live Razorpay Plan ID: plan_TMysmSuZ7vTKqP {}
2026-08-07T18:36:48.486Z [INFO]: [Seeder] Seeded/Merged localized price: plan_starter_IN (INR) {}
2026-08-07T18:36:48.487Z [INFO]: [Seeder] Registering live Razorpay Plan for plan_growth_IN Monthly... {}
2026-08-07T18:36:48.709Z [INFO]: [Seeder] Registered live Razorpay Plan ID: plan_TMysmjAZWADPld {}
2026-08-07T18:36:48.710Z [INFO]: [Seeder] Registering live Razorpay Plan for plan_growth_IN Annual... {}
2026-08-07T18:36:48.968Z [INFO]: [Seeder] Registered live Razorpay Plan ID: plan_TMysmzteaVHYs6 {}
2026-08-07T18:36:49.012Z [INFO]: [Seeder] Seeded/Merged localized price: plan_growth_IN (INR) {}
2026-08-07T18:36:49.013Z [INFO]: [Seeder] Registering live Razorpay Plan for plan_premium_IN Monthly... {}
2026-08-07T18:36:49.242Z [INFO]: [Seeder] Registered live Razorpay Plan ID: plan_TMysnK5sbqnTUo {}
2026-08-07T18:36:49.242Z [INFO]: [Seeder] Registering live Razorpay Plan for plan_premium_IN Annual... {}
2026-08-07T18:36:49.455Z [INFO]: [Seeder] Registered live Razorpay Plan ID: plan_TMysnZ9xyc9iyB {}
2026-08-07T18:36:49.492Z [INFO]: [Seeder] Seeded/Merged localized price: plan_premium_IN (INR) {}
2026-08-07T18:36:49.492Z [INFO]: [Seeder] Registering live Razorpay Plan for plan_starter_US Monthly... {}
2026-08-07T18:36:49.711Z [INFO]: [Seeder] Registered live Razorpay Plan ID: plan_TMysnqEHjKUMkF {}
2026-08-07T18:36:49.711Z [INFO]: [Seeder] Registering live Razorpay Plan for plan_starter_US Annual... {}
2026-08-07T18:36:49.967Z [INFO]: [Seeder] Registered live Razorpay Plan ID: plan_TMyso6vPgLad1r {}
2026-08-07T18:36:50.006Z [INFO]: [Seeder] Seeded/Merged localized price: plan_starter_US (USD) {}
2026-08-07T18:36:50.006Z [INFO]: [Seeder] Registering live Razorpay Plan for plan_growth_US Monthly... {}
2026-08-07T18:36:50.257Z [INFO]: [Seeder] Registered live Razorpay Plan ID: plan_TMysoPsC0fZHhI {}
2026-08-07T18:36:50.258Z [INFO]: [Seeder] Registering live Razorpay Plan for plan_growth_US Annual... {}
2026-08-07T18:36:50.476Z [INFO]: [Seeder] Registered live Razorpay Plan ID: plan_TMysofagbu7rcl {}
2026-08-07T18:36:50.507Z [INFO]: [Seeder] Seeded/Merged localized price: plan_growth_US (USD) {}
2026-08-07T18:36:50.507Z [INFO]: [Seeder] Registering live Razorpay Plan for plan_premium_US Monthly... {}
2026-08-07T18:36:50.703Z [INFO]: [Seeder] Registered live Razorpay Plan ID: plan_TMysoviPLqeh1E {}
2026-08-07T18:36:50.703Z [INFO]: [Seeder] Registering live Razorpay Plan for plan_premium_US Annual... {}
2026-08-07T18:36:50.962Z [INFO]: [Seeder] Registered live Razorpay Plan ID: plan_TMyspCwojHCjjw {}
2026-08-07T18:36:51.006Z [INFO]: [Seeder] Seeded/Merged localized price: plan_premium_US (USD) {}
2026-08-07T18:36:51.006Z [INFO]: [Seeder] Database checks & seeding completed successfully. {}
2026-08-07T18:37:00.448Z [INFO]: [EscalationCronJob] Starting run {}
2026-08-07T18:38:00.823Z [INFO]: [EscalationCronJob] Starting run {}
2026-08-07T18:38:42.983Z [ERROR]: Error cancelling subscription {"error":"No active subscription found to cancel"}
2026-08-07T18:38:42.983Z [ERROR]: Cancellation failed {"error":"No active subscription found to cancel"}
2026-08-07T18:39:00.094Z [INFO]: [EscalationCronJob] Starting run {}
2026-08-07T18:40:00.443Z [INFO]: [EscalationCronJob] Starting run {}
2026-08-07T18:41:00.621Z [INFO]: [EscalationCronJob] Starting run {}
2026-08-07T18:42:00.913Z [INFO]: [EscalationCronJob] Starting run {}
2026-08-07T18:43:00.273Z [INFO]: [EscalationCronJob] Starting run {}
2026-08-07T18:44:00.584Z [INFO]: [EscalationCronJob] Starting run {}
2026-08-07T18:45:00.810Z [INFO]: [EscalationCronJob] Starting run {}
2026-08-07T18:46:00.052Z [INFO]: [EscalationCronJob] Starting run {}
2026-08-07T18:47:00.322Z [INFO]: [EscalationCronJob] Starting run {}
2026-08-07T18:48:00.673Z [INFO]: [EscalationCronJob] Starting run {}
2026-08-07T18:49:00.015Z [INFO]: [EscalationCronJob] Starting run {}
2026-08-07T18:50:00.494Z [INFO]: [EscalationCronJob] Starting run {}
2026-08-07T18:51:00.755Z [INFO]: [EscalationCronJob] Starting run {}
2026-08-07T18:52:00.037Z [INFO]: [EscalationCronJob] Starting run {}
2026-08-07T18:53:00.408Z [INFO]: [EscalationCronJob] Starting run {}
2026-08-07T18:54:00.716Z [INFO]: [EscalationCronJob] Starting run {}
2026-08-07T18:55:00.973Z [INFO]: [EscalationCronJob] Starting run {}
2026-08-07T18:56:00.222Z [INFO]: [EscalationCronJob] Starting run {}
2026-08-07T18:57:00.546Z [INFO]: [EscalationCronJob] Starting run {}
2026-08-07T18:57:33.622Z [INFO]: [Test] Initializing Localization & Pricing E2E Audit... {}
2026-08-07T18:57:33.692Z [INFO]: [Firebase] Admin SDK initialized successfully {}
2026-08-07T18:57:33.693Z [INFO]: [Test] Seeding database to initialize localized prices... {}
2026-08-07T18:57:33.693Z [INFO]: [Seeder] Starting database checks & seeding... {}
2026-08-07T18:57:33.693Z [INFO]: [Seeder] Seeding default plans... {}
2026-08-07T18:57:34.128Z [INFO]: [Seeder] Seeded/Merged plan: Starter {}
2026-08-07T18:57:34.183Z [INFO]: [Seeder] Seeded/Merged plan: Growth {}
2026-08-07T18:57:34.302Z [INFO]: [Seeder] Seeded/Merged plan: Premium {}
2026-08-07T18:57:34.302Z [INFO]: [Seeder] Seeding plan features... {}
2026-08-07T18:57:35.748Z [INFO]: [Seeder] Seeded/Merged features for plan: plan_starter {}
2026-08-07T18:57:36.461Z [INFO]: [Seeder] Seeded/Merged features for plan: plan_growth {}
2026-08-07T18:57:37.157Z [INFO]: [Seeder] Seeded/Merged features for plan: plan_premium {}
2026-08-07T18:57:37.157Z [INFO]: [Seeder] Seeding country localized prices... {}
2026-08-07T18:57:37.167Z [INFO]: [Seeder] Registering live Razorpay Plan for plan_starter_IN Monthly... {}
2026-08-07T18:57:37.449Z [INFO]: [Seeder] Registered live Razorpay Plan ID: plan_TMzEloOp3Z87pj {}
2026-08-07T18:57:37.449Z [INFO]: [Seeder] Registering live Razorpay Plan for plan_starter_IN Annual... {}
2026-08-07T18:57:37.700Z [INFO]: [Seeder] Registered live Razorpay Plan ID: plan_TMzEm5CG0alkC6 {}
2026-08-07T18:57:37.738Z [INFO]: [Seeder] Seeded/Merged localized price: plan_starter_IN (INR) {}
2026-08-07T18:57:37.738Z [INFO]: [Seeder] Registering live Razorpay Plan for plan_growth_IN Monthly... {}
2026-08-07T18:57:37.959Z [INFO]: [Seeder] Registered live Razorpay Plan ID: plan_TMzEmMZ73JmGsQ {}
2026-08-07T18:57:37.959Z [INFO]: [Seeder] Registering live Razorpay Plan for plan_growth_IN Annual... {}
2026-08-07T18:57:38.162Z [INFO]: [Seeder] Registered live Razorpay Plan ID: plan_TMzEmaryINann1 {}
2026-08-07T18:57:38.216Z [INFO]: [Seeder] Seeded/Merged localized price: plan_growth_IN (INR) {}
2026-08-07T18:57:38.216Z [INFO]: [Seeder] Registering live Razorpay Plan for plan_premium_IN Monthly... {}
2026-08-07T18:57:38.440Z [INFO]: [Seeder] Registered live Razorpay Plan ID: plan_TMzEmtEMRo6VyR {}
2026-08-07T18:57:38.440Z [INFO]: [Seeder] Registering live Razorpay Plan for plan_premium_IN Annual... {}
2026-08-07T18:57:38.663Z [INFO]: [Seeder] Registered live Razorpay Plan ID: plan_TMzEn8EMFossYl {}
2026-08-07T18:57:38.700Z [INFO]: [Seeder] Seeded/Merged localized price: plan_premium_IN (INR) {}
2026-08-07T18:57:38.700Z [INFO]: [Seeder] Registering live Razorpay Plan for plan_starter_US Monthly... {}
2026-08-07T18:57:39.013Z [INFO]: [Seeder] Registered live Razorpay Plan ID: plan_TMzEnUwOFUebvV {}
2026-08-07T18:57:39.013Z [INFO]: [Seeder] Registering live Razorpay Plan for plan_starter_US Annual... {}
2026-08-07T18:57:39.256Z [INFO]: [Seeder] Registered live Razorpay Plan ID: plan_TMzEnlYEjbBG6Y {}
2026-08-07T18:57:39.287Z [INFO]: [Seeder] Seeded/Merged localized price: plan_starter_US (USD) {}
2026-08-07T18:57:39.287Z [INFO]: [Seeder] Registering live Razorpay Plan for plan_growth_US Monthly... {}
2026-08-07T18:57:39.528Z [INFO]: [Seeder] Registered live Razorpay Plan ID: plan_TMzEo4HHDoJOuR {}
2026-08-07T18:57:39.528Z [INFO]: [Seeder] Registering live Razorpay Plan for plan_growth_US Annual... {}
2026-08-07T18:57:39.760Z [INFO]: [Seeder] Registered live Razorpay Plan ID: plan_TMzEoImm1NR64I {}
2026-08-07T18:57:39.791Z [INFO]: [Seeder] Seeded/Merged localized price: plan_growth_US (USD) {}
2026-08-07T18:57:39.791Z [INFO]: [Seeder] Registering live Razorpay Plan for plan_premium_US Monthly... {}
2026-08-07T18:57:40.018Z [INFO]: [Seeder] Registered live Razorpay Plan ID: plan_TMzEobZzSK2cZC {}
2026-08-07T18:57:40.018Z [INFO]: [Seeder] Registering live Razorpay Plan for plan_premium_US Annual... {}
2026-08-07T18:57:40.227Z [INFO]: [Seeder] Registered live Razorpay Plan ID: plan_TMzEoqJgAVxvzI {}
2026-08-07T18:57:40.265Z [INFO]: [Seeder] Seeded/Merged localized price: plan_premium_US (USD) {}
2026-08-07T18:57:40.265Z [INFO]: [Seeder] Database checks & seeding completed successfully. {}
2026-08-07T18:57:40.265Z [INFO]: [Test] Verifying planPrices collection entries... {}
2026-08-07T18:57:40.342Z [INFO]: [Test] Total seeded prices found: 6 {}
2026-08-07T18:57:40.342Z [INFO]: [Test] Testing priority country detection rules... {}
2026-08-07T18:57:40.342Z [INFO]: [PricingService] Resolved country from IP headers: {}
2026-08-07T18:57:40.343Z [INFO]: [Test] IP Header 'US' -> Detected Country: US (Expected: US) {}
2026-08-07T18:57:40.343Z [INFO]: [PricingService] Resolved country from Accept-Language header: {}
2026-08-07T18:57:40.343Z [INFO]: [Test] Accept-Language 'en-IN' -> Detected Country: IN (Expected: IN) {}
2026-08-07T18:57:40.343Z [INFO]: [PricingService] Resolved country from timezone fallback: IN {}
2026-08-07T18:57:40.343Z [INFO]: [Test] Timezone 'Asia/Kolkata' -> Detected Country: IN (Expected: IN) {}
2026-08-07T18:57:40.343Z [INFO]: [PricingService] Resolved country from billing records: {}
2026-08-07T18:57:40.343Z [INFO]: [Test] Customer Billing Country 'US' -> Detected Country: US (Expected: US) {}
2026-08-07T18:57:40.343Z [INFO]: [Test] Empty Context Default -> Detected Country: IN (Expected: IN) {}
2026-08-07T18:57:40.343Z [INFO]: [Test] Verifying localized pricing lookup... {}
2026-08-07T18:57:40.391Z [INFO]: [Test] Growth Plan IN -> Currency: INR, Monthly Price: 1999 (Expected: INR / 1999) {}
2026-08-07T18:57:40.391Z [INFO]: [Test] Growth Plan US -> Currency: USD, Monthly Price: 79 (Expected: USD / 79) {}
2026-08-07T18:57:40.391Z [INFO]: [Test] Testing dynamic Plan ID selection during subscription creation... {}
2026-08-07T18:57:41.506Z [INFO]: [PaymentService] Created Razorpay subscription {"subscriptionId":"sub_TMzEpKAkJzIXju","planId":"plan_starter","countryCode":"IN"}
2026-08-07T18:57:41.552Z [INFO]: [Test] Indian Customer Starter -> Active Plan: plan_TMzEloOp3Z87pj {}
2026-08-07T18:57:42.573Z [INFO]: [PaymentService] Created Razorpay subscription {"subscriptionId":"sub_TMzEqcghX2kSGv","planId":"plan_starter","countryCode":"US"}
2026-08-07T18:57:42.614Z [INFO]: [Test] US Customer Starter -> Active Plan: plan_TMzEnUwOFUebvV {}
2026-08-07T18:57:42.614Z [INFO]: [Test] Verifying getBillingInfo returns localized attributes... {}
2026-08-07T18:57:42.704Z [INFO]: [Test] Billing Info -> Resolved Country: US (Expected: US) {}
2026-08-07T18:57:42.704Z [INFO]: [Test] Billing Info -> Resolved Currency: USD (Expected: USD) {}
2026-08-07T18:57:42.704Z [INFO]: [Test] Billing Info Growth Plan Price -> $79 (Expected: $79) {}
2026-08-07T18:57:42.704Z [INFO]: [Test] Cleaning up test customer records... {}
2026-08-07T18:57:42.791Z [INFO]: [Test] ALL INTEGRATION TESTS PASSED SUCCESSFULLY! ✔ {}
2026-08-07T18:58:00.738Z [INFO]: [EscalationCronJob] Starting run {}
2026-08-07T18:59:00.015Z [INFO]: [EscalationCronJob] Starting run {}
2026-08-07T19:00:00.360Z [INFO]: [EscalationCronJob] Starting run {}
2026-08-07T19:01:18.466Z [INFO]: [Test] Initializing Localization & Pricing E2E Audit... {}
2026-08-07T19:01:18.538Z [INFO]: [Firebase] Admin SDK initialized successfully {}
2026-08-07T19:01:18.538Z [INFO]: [Test] Seeding database to initialize localized prices... {}
2026-08-07T19:01:18.538Z [INFO]: [Seeder] Starting database checks & seeding... {}
2026-08-07T19:01:18.539Z [INFO]: [Seeder] Seeding default plans... {}
2026-08-07T19:01:19.026Z [INFO]: [Seeder] Seeded/Merged plan: Starter {}
2026-08-07T19:01:19.097Z [INFO]: [Seeder] Seeded/Merged plan: Growth {}
2026-08-07T19:01:19.246Z [INFO]: [Seeder] Seeded/Merged plan: Premium {}
2026-08-07T19:01:19.246Z [INFO]: [Seeder] Seeding plan features... {}
2026-08-07T19:01:20.675Z [INFO]: [Seeder] Seeded/Merged features for plan: plan_starter {}
2026-08-07T19:01:21.431Z [INFO]: [Seeder] Seeded/Merged features for plan: plan_growth {}
2026-08-07T19:01:22.134Z [INFO]: [Seeder] Seeded/Merged features for plan: plan_premium {}
2026-08-07T19:01:22.134Z [INFO]: [Seeder] Seeding country localized prices... {}
2026-08-07T19:01:22.144Z [INFO]: [Seeder] Registering live Razorpay Plan for plan_starter_IN Monthly... {}
2026-08-07T19:01:22.421Z [INFO]: [Seeder] Registered live Razorpay Plan ID: plan_TMzIjNQ6dZYAfv {}
2026-08-07T19:01:22.421Z [INFO]: [Seeder] Registering live Razorpay Plan for plan_starter_IN Annual... {}
2026-08-07T19:01:22.662Z [INFO]: [Seeder] Registered live Razorpay Plan ID: plan_TMzIjd2sHhGqKk {}
2026-08-07T19:01:22.693Z [INFO]: [Seeder] Seeded/Merged localized price: plan_starter_IN (INR) {}
2026-08-07T19:01:22.693Z [INFO]: [Seeder] Registering live Razorpay Plan for plan_growth_IN Monthly... {}
2026-08-07T19:01:22.989Z [INFO]: [Seeder] Registered live Razorpay Plan ID: plan_TMzIjyvx0FPT30 {}
2026-08-07T19:01:22.989Z [INFO]: [Seeder] Registering live Razorpay Plan for plan_growth_IN Annual... {}
2026-08-07T19:01:23.202Z [INFO]: [Seeder] Registered live Razorpay Plan ID: plan_TMzIkEA9VgOflm {}
2026-08-07T19:01:23.241Z [INFO]: [Seeder] Seeded/Merged localized price: plan_growth_IN (INR) {}
2026-08-07T19:01:23.241Z [INFO]: [Seeder] Registering live Razorpay Plan for plan_premium_IN Monthly... {}
2026-08-07T19:01:23.437Z [INFO]: [Seeder] Registered live Razorpay Plan ID: plan_TMzIkUgpa4Di5a {}
2026-08-07T19:01:23.437Z [INFO]: [Seeder] Registering live Razorpay Plan for plan_premium_IN Annual... {}
2026-08-07T19:01:23.648Z [INFO]: [Seeder] Registered live Razorpay Plan ID: plan_TMzIkiUfswRJ7f {}
2026-08-07T19:01:23.687Z [INFO]: [Seeder] Seeded/Merged localized price: plan_premium_IN (INR) {}
2026-08-07T19:01:23.688Z [INFO]: [Seeder] Registering live Razorpay Plan for plan_starter_US Monthly... {}
2026-08-07T19:01:23.937Z [INFO]: [Seeder] Registered live Razorpay Plan ID: plan_TMzIl1O7q1bLTL {}
2026-08-07T19:01:23.937Z [INFO]: [Seeder] Registering live Razorpay Plan for plan_starter_US Annual... {}
2026-08-07T19:01:24.139Z [INFO]: [Seeder] Registered live Razorpay Plan ID: plan_TMzIlGTpMkI7Rj {}
2026-08-07T19:01:24.178Z [INFO]: [Seeder] Seeded/Merged localized price: plan_starter_US (USD) {}
2026-08-07T19:01:24.178Z [INFO]: [Seeder] Registering live Razorpay Plan for plan_growth_US Monthly... {}
2026-08-07T19:01:24.399Z [INFO]: [Seeder] Registered live Razorpay Plan ID: plan_TMzIlWp4LFiUdR {}
2026-08-07T19:01:24.399Z [INFO]: [Seeder] Registering live Razorpay Plan for plan_growth_US Annual... {}
2026-08-07T19:01:24.623Z [INFO]: [Seeder] Registered live Razorpay Plan ID: plan_TMzIllz3jqPbA0 {}
2026-08-07T19:01:24.670Z [INFO]: [Seeder] Seeded/Merged localized price: plan_growth_US (USD) {}
2026-08-07T19:01:24.670Z [INFO]: [Seeder] Registering live Razorpay Plan for plan_premium_US Monthly... {}
2026-08-07T19:01:24.885Z [INFO]: [Seeder] Registered live Razorpay Plan ID: plan_TMzIm4Te6iQ7g9 {}
2026-08-07T19:01:24.885Z [INFO]: [Seeder] Registering live Razorpay Plan for plan_premium_US Annual... {}
2026-08-07T19:01:25.127Z [INFO]: [Seeder] Registered live Razorpay Plan ID: plan_TMzImJVAT02Khe {}
2026-08-07T19:01:25.165Z [INFO]: [Seeder] Seeded/Merged localized price: plan_premium_US (USD) {}
2026-08-07T19:01:25.166Z [INFO]: [Seeder] Database checks & seeding completed successfully. {}
2026-08-07T19:01:25.166Z [INFO]: [Test] Verifying planPrices collection entries... {}
2026-08-07T19:01:25.241Z [INFO]: [Test] Total seeded prices found: 6 {}
2026-08-07T19:01:25.241Z [INFO]: [Test] Testing priority country detection rules... {}
2026-08-07T19:01:25.242Z [INFO]: [PricingService] Resolved country from IP headers: {}
2026-08-07T19:01:25.242Z [INFO]: [Test] IP Header 'US' -> Detected Country: US (Expected: US) {}
2026-08-07T19:01:25.242Z [INFO]: [PricingService] Resolved country from Accept-Language header: {}
2026-08-07T19:01:25.242Z [INFO]: [Test] Accept-Language 'en-IN' -> Detected Country: IN (Expected: IN) {}
2026-08-07T19:01:25.242Z [INFO]: [PricingService] Resolved country from timezone fallback: IN {}
2026-08-07T19:01:25.242Z [INFO]: [Test] Timezone 'Asia/Kolkata' -> Detected Country: IN (Expected: IN) {}
2026-08-07T19:01:25.242Z [INFO]: [PricingService] Resolved country from billing records: {}
2026-08-07T19:01:25.242Z [INFO]: [Test] Customer Billing Country 'US' -> Detected Country: US (Expected: US) {}
2026-08-07T19:01:25.242Z [INFO]: [Test] Empty Context Default -> Detected Country: IN (Expected: IN) {}
2026-08-07T19:01:25.242Z [INFO]: [Test] Verifying localized pricing lookup... {}
2026-08-07T19:01:25.282Z [INFO]: [Test] Growth Plan IN -> Currency: INR, Monthly Price: 1999 (Expected: INR / 1999) {}
2026-08-07T19:01:25.282Z [INFO]: [Test] Growth Plan US -> Currency: USD, Monthly Price: 79 (Expected: USD / 79) {}
2026-08-07T19:01:25.282Z [INFO]: [Test] Testing dynamic Plan ID selection during subscription creation... {}
2026-08-07T19:01:26.362Z [INFO]: [PaymentService] Created Razorpay subscription {"subscriptionId":"sub_TMzImoIbEtp7oz","planId":"plan_starter","countryCode":"IN"}
2026-08-07T19:01:26.395Z [INFO]: [Test] Indian Customer Starter -> Active Plan: plan_TMzIjNQ6dZYAfv {}
2026-08-07T19:01:27.376Z [INFO]: [PaymentService] Created Razorpay subscription {"subscriptionId":"sub_TMzIo29If3hhzF","planId":"plan_starter","countryCode":"US"}
2026-08-07T19:01:27.412Z [INFO]: [Test] US Customer Starter -> Active Plan: plan_TMzIl1O7q1bLTL {}
2026-08-07T19:01:27.412Z [INFO]: [Test] Verifying getBillingInfo returns localized attributes... {}
2026-08-07T19:01:27.499Z [INFO]: [Test] Billing Info -> Resolved Country: US (Expected: US) {}
2026-08-07T19:01:27.499Z [INFO]: [Test] Billing Info -> Resolved Currency: USD (Expected: USD) {}
2026-08-07T19:01:27.499Z [INFO]: [Test] Billing Info Growth Plan Price -> $79 (Expected: $79) {}
2026-08-07T19:01:27.499Z [INFO]: [Test] Cleaning up test customer records... {}
2026-08-07T19:01:27.586Z [INFO]: [Test] ALL INTEGRATION TESTS PASSED SUCCESSFULLY! ✔ {}
2026-08-07T19:01:53.924Z [INFO]: [Firebase] Admin SDK initialized successfully {}
2026-08-07T19:01:53.973Z [INFO]: [Seeder] Starting database checks & seeding... {}
2026-08-07T19:01:53.973Z [INFO]: [Seeder] Seeding default plans... {}
2026-08-07T19:01:55.631Z [INFO]: [Server] Successfully initialized NestJS backend server engine {}
2026-08-07T19:01:55.632Z [INFO]: [ReviewAutomationJob] Scheduling with pattern: "0 10,15,21 * * *" {}
2026-08-07T19:01:55.633Z [INFO]: [ReviewAutomationJob] Cron started {}
2026-08-07T19:01:55.633Z [INFO]: [ReportCron] Initialized weekly and monthly report cron jobs. {}
2026-08-07T19:01:55.633Z [INFO]: [SubscriptionCron] Initialized daily subscription cron job. {}
2026-08-07T19:01:55.634Z [INFO]: [ResetQuotaCron] Initialized daily quota reset cron job. {}
2026-08-07T19:01:55.634Z [INFO]: [EscalationCronJob] Starting schedule: Every minute (* * * * *) {}
2026-08-07T19:01:56.054Z [INFO]: [Seeder] Seeded/Merged plan: Starter {}
2026-08-07T19:01:56.106Z [INFO]: [Seeder] Seeded/Merged plan: Growth {}
2026-08-07T19:01:56.261Z [INFO]: [Seeder] Seeded/Merged plan: Premium {}
2026-08-07T19:01:56.261Z [INFO]: [Seeder] Seeding plan features... {}
2026-08-07T19:01:57.763Z [INFO]: [Seeder] Seeded/Merged features for plan: plan_starter {}
2026-08-07T19:01:58.517Z [INFO]: [Seeder] Seeded/Merged features for plan: plan_growth {}
2026-08-07T19:01:59.279Z [INFO]: [Seeder] Seeded/Merged features for plan: plan_premium {}
2026-08-07T19:01:59.279Z [INFO]: [Seeder] Seeding country localized prices... {}
2026-08-07T19:01:59.290Z [INFO]: [Seeder] Registering live Razorpay Plan for plan_starter_IN Monthly... {}
2026-08-07T19:01:59.579Z [INFO]: [Seeder] Registered live Razorpay Plan ID: plan_TMzJNvNqB16MqA {}
2026-08-07T19:01:59.579Z [INFO]: [Seeder] Registering live Razorpay Plan for plan_starter_IN Annual... {}
2026-08-07T19:01:59.784Z [INFO]: [Seeder] Registered live Razorpay Plan ID: plan_TMzJOA8GTLSqvq {}
2026-08-07T19:01:59.823Z [INFO]: [Seeder] Seeded/Merged localized price: plan_starter_IN (INR) {}
2026-08-07T19:01:59.823Z [INFO]: [Seeder] Registering live Razorpay Plan for plan_growth_IN Monthly... {}
2026-08-07T19:02:00.080Z [INFO]: [Seeder] Registered live Razorpay Plan ID: plan_TMzJOSrTNlv7s2 {}
2026-08-07T19:02:00.080Z [INFO]: [Seeder] Registering live Razorpay Plan for plan_growth_IN Annual... {}
2026-08-07T19:02:00.318Z [INFO]: [Seeder] Registered live Razorpay Plan ID: plan_TMzJOievQOXdXQ {}
2026-08-07T19:02:00.350Z [INFO]: [Seeder] Seeded/Merged localized price: plan_growth_IN (INR) {}
2026-08-07T19:02:00.350Z [INFO]: [Seeder] Registering live Razorpay Plan for plan_premium_IN Monthly... {}
2026-08-07T19:02:00.546Z [INFO]: [Seeder] Registered live Razorpay Plan ID: plan_TMzJP0RLWeXVWv {}
2026-08-07T19:02:00.546Z [INFO]: [Seeder] Registering live Razorpay Plan for plan_premium_IN Annual... {}
2026-08-07T19:02:00.643Z [INFO]: [EscalationCronJob] Starting run {}
2026-08-07T19:02:00.774Z [INFO]: [Seeder] Registered live Razorpay Plan ID: plan_TMzJPF3GfQjCjh {}
2026-08-07T19:02:00.810Z [INFO]: [Seeder] Seeded/Merged localized price: plan_premium_IN (INR) {}
2026-08-07T19:02:00.810Z [INFO]: [Seeder] Registering live Razorpay Plan for plan_starter_US Monthly... {}
2026-08-07T19:02:01.053Z [INFO]: [Seeder] Registered live Razorpay Plan ID: plan_TMzJPXDGY6mouY {}
2026-08-07T19:02:01.054Z [INFO]: [Seeder] Registering live Razorpay Plan for plan_starter_US Annual... {}
2026-08-07T19:02:01.277Z [INFO]: [Seeder] Registered live Razorpay Plan ID: plan_TMzJPn9UNwBS0G {}
2026-08-07T19:02:01.309Z [INFO]: [Seeder] Seeded/Merged localized price: plan_starter_US (USD) {}
2026-08-07T19:02:01.309Z [INFO]: [Seeder] Registering live Razorpay Plan for plan_growth_US Monthly... {}
2026-08-07T19:02:01.511Z [INFO]: [Seeder] Registered live Razorpay Plan ID: plan_TMzJQ3QVOwbjA8 {}
2026-08-07T19:02:01.511Z [INFO]: [Seeder] Registering live Razorpay Plan for plan_growth_US Annual... {}
2026-08-07T19:02:01.716Z [INFO]: [Seeder] Registered live Razorpay Plan ID: plan_TMzJQHW1NOSExk {}
2026-08-07T19:02:01.755Z [INFO]: [Seeder] Seeded/Merged localized price: plan_growth_US (USD) {}
2026-08-07T19:02:01.755Z [INFO]: [Seeder] Registering live Razorpay Plan for plan_premium_US Monthly... {}
2026-08-07T19:02:02.081Z [INFO]: [Seeder] Registered live Razorpay Plan ID: plan_TMzJQbRwtxvRwL {}
2026-08-07T19:02:02.081Z [INFO]: [Seeder] Registering live Razorpay Plan for plan_premium_US Annual... {}
2026-08-07T19:02:02.279Z [INFO]: [Seeder] Registered live Razorpay Plan ID: plan_TMzJQtEXFwm1ia {}
2026-08-07T19:02:02.330Z [INFO]: [Seeder] Seeded/Merged localized price: plan_premium_US (USD) {}
2026-08-07T19:02:02.330Z [INFO]: [Seeder] Database checks & seeding completed successfully. {}
2026-08-07T19:03:00.038Z [INFO]: [EscalationCronJob] Starting run {}
2026-08-07T19:04:00.164Z [INFO]: [EscalationCronJob] Starting run {}
2026-08-07T19:05:00.490Z [INFO]: [EscalationCronJob] Starting run {}
2026-08-07T19:06:00.799Z [INFO]: [EscalationCronJob] Starting run {}
2026-08-07T19:07:00.146Z [INFO]: [EscalationCronJob] Starting run {}
2026-08-07T19:07:34.861Z [INFO]: [Firebase] Admin SDK initialized successfully {}
2026-08-07T19:07:34.910Z [INFO]: [Seeder] Starting database checks & seeding... {}
2026-08-07T19:07:34.910Z [INFO]: [Seeder] Seeding default plans... {}
2026-08-07T19:07:36.558Z [INFO]: [Server] Successfully initialized NestJS backend server engine {}
2026-08-07T19:07:36.560Z [INFO]: [ReviewAutomationJob] Scheduling with pattern: "0 10,15,21 * * *" {}
2026-08-07T19:07:36.561Z [INFO]: [ReviewAutomationJob] Cron started {}
2026-08-07T19:07:36.561Z [INFO]: [ReportCron] Initialized weekly and monthly report cron jobs. {}
2026-08-07T19:07:36.561Z [INFO]: [SubscriptionCron] Initialized daily subscription cron job. {}
2026-08-07T19:07:36.562Z [INFO]: [ResetQuotaCron] Initialized daily quota reset cron job. {}
2026-08-07T19:07:36.562Z [INFO]: [EscalationCronJob] Starting schedule: Every minute (* * * * *) {}
2026-08-07T19:07:36.738Z [ERROR]: [Process] Unhandled Promise Rejection {"reason":"listen EADDRINUSE: address already in use :::3000","stack":"Error: listen EADDRINUSE: address already in use :::3000\n    at Server.setupListenHandle [as _listen2] (node:net:2009:16)\n    at listenInCluster (node:net:2066:12)\n    at Server.listen (node:net:2171:7)\n    at ExpressAdapter.listen (D:\\dev project\\onerepute-ag\\one_repute\\backend\\node_modules\\@nestjs\\platform-express\\adapters\\express-adapter.js:95:32)\n    at D:\\dev project\\onerepute-ag\\one_repute\\backend\\node_modules\\@nestjs\\core\\nest-application.js:183:30\n    at new Promise (<anonymous>)\n    at NestApplication.listen (D:\\dev project\\onerepute-ag\\one_repute\\backend\\node_modules\\@nestjs\\core\\nest-application.js:173:16)\n    at process.processTicksAndRejections (node:internal/process/task_queues:104:5)\n    at async bootstrap (D:\\dev project\\onerepute-ag\\one_repute\\backend\\dist\\src\\main.js:38:5)"}
2026-08-07T19:07:36.958Z [INFO]: [Seeder] Seeded/Merged plan: Starter {}
2026-08-07T19:07:37.025Z [INFO]: [Seeder] Seeded/Merged plan: Growth {}
2026-08-07T19:07:37.148Z [INFO]: [Seeder] Seeded/Merged plan: Premium {}
2026-08-07T19:07:37.148Z [INFO]: [Seeder] Seeding plan features... {}
2026-08-07T19:07:38.534Z [INFO]: [Seeder] Seeded/Merged features for plan: plan_starter {}
2026-08-07T19:07:39.269Z [INFO]: [Seeder] Seeded/Merged features for plan: plan_growth {}
2026-08-07T19:07:39.965Z [INFO]: [Seeder] Seeded/Merged features for plan: plan_premium {}
2026-08-07T19:07:39.966Z [INFO]: [Seeder] Seeding country localized prices... {}
2026-08-07T19:07:39.974Z [INFO]: [Seeder] Registering live Razorpay Plan for plan_starter_IN Monthly... {}
2026-08-07T19:07:40.284Z [INFO]: [Seeder] Registered live Razorpay Plan ID: plan_TMzPNoIz5xf8AJ {}
2026-08-07T19:07:40.285Z [INFO]: [Seeder] Registering live Razorpay Plan for plan_starter_IN Annual... {}
2026-08-07T19:07:40.609Z [INFO]: [Seeder] Registered live Razorpay Plan ID: plan_TMzPO8RnKKhfiw {}
2026-08-07T19:07:40.642Z [INFO]: [Seeder] Seeded/Merged localized price: plan_starter_IN (INR) {}
2026-08-07T19:07:40.643Z [INFO]: [Seeder] Registering live Razorpay Plan for plan_growth_IN Monthly... {}
2026-08-07T19:07:40.919Z [INFO]: [Seeder] Registered live Razorpay Plan ID: plan_TMzPOUQ59XBSW8 {}
2026-08-07T19:07:40.919Z [INFO]: [Seeder] Registering live Razorpay Plan for plan_growth_IN Annual... {}
2026-08-07T19:07:41.204Z [INFO]: [Seeder] Registered live Razorpay Plan ID: plan_TMzPOp5UaCkG1i {}
2026-08-07T19:07:41.242Z [INFO]: [Seeder] Seeded/Merged localized price: plan_growth_IN (INR) {}
2026-08-07T19:07:41.242Z [INFO]: [Seeder] Registering live Razorpay Plan for plan_premium_IN Monthly... {}
2026-08-07T19:07:41.481Z [INFO]: [Seeder] Registered live Razorpay Plan ID: plan_TMzPP7uVVVEj0y {}
2026-08-07T19:07:41.481Z [INFO]: [Seeder] Registering live Razorpay Plan for plan_premium_IN Annual... {}
2026-08-07T19:07:41.740Z [INFO]: [Seeder] Registered live Razorpay Plan ID: plan_TMzPPNoKNrkOLL {}
2026-08-07T19:07:41.771Z [INFO]: [Seeder] Seeded/Merged localized price: plan_premium_IN (INR) {}
2026-08-07T19:07:41.771Z [INFO]: [Seeder] Registering live Razorpay Plan for plan_starter_US Monthly... {}
2026-08-07T19:07:41.984Z [INFO]: [Seeder] Registered live Razorpay Plan ID: plan_TMzPPhNjtqFi13 {}
2026-08-07T19:07:41.985Z [INFO]: [Seeder] Registering live Razorpay Plan for plan_starter_US Annual... {}
2026-08-07T19:07:42.188Z [INFO]: [Seeder] Registered live Razorpay Plan ID: plan_TMzPPv8UCP5rNc {}
2026-08-07T19:07:42.226Z [INFO]: [Seeder] Seeded/Merged localized price: plan_starter_US (USD) {}
2026-08-07T19:07:42.226Z [INFO]: [Seeder] Registering live Razorpay Plan for plan_growth_US Monthly... {}
2026-08-07T19:07:42.441Z [INFO]: [Seeder] Registered live Razorpay Plan ID: plan_TMzPQCKRpP3Cve {}
2026-08-07T19:07:42.441Z [INFO]: [Seeder] Registering live Razorpay Plan for plan_growth_US Annual... {}
2026-08-07T19:07:42.684Z [INFO]: [Seeder] Registered live Razorpay Plan ID: plan_TMzPQRjws56sGF {}
2026-08-07T19:07:42.725Z [INFO]: [Seeder] Seeded/Merged localized price: plan_growth_US (USD) {}
2026-08-07T19:07:42.725Z [INFO]: [Seeder] Registering live Razorpay Plan for plan_premium_US Monthly... {}
2026-08-07T19:07:42.936Z [INFO]: [Seeder] Registered live Razorpay Plan ID: plan_TMzPQjOfuBbhBA {}
2026-08-07T19:07:42.936Z [INFO]: [Seeder] Registering live Razorpay Plan for plan_premium_US Annual... {}
2026-08-07T19:07:43.198Z [INFO]: [Seeder] Registered live Razorpay Plan ID: plan_TMzPQzi4wBlp7z {}
2026-08-07T19:07:43.231Z [INFO]: [Seeder] Seeded/Merged localized price: plan_premium_US (USD) {}
2026-08-07T19:07:43.231Z [INFO]: [Seeder] Database checks & seeding completed successfully. {}
2026-08-07T19:08:00.515Z [INFO]: [EscalationCronJob] Starting run {}
2026-08-07T19:08:00.719Z [INFO]: [EscalationCronJob] Starting run {}
2026-08-07T19:08:40.479Z [INFO]: [Test] Initializing Localization & Pricing E2E Audit... {}
2026-08-07T19:08:40.551Z [INFO]: [Firebase] Admin SDK initialized successfully {}
2026-08-07T19:08:40.551Z [INFO]: [Test] Seeding database to initialize localized prices... {}
2026-08-07T19:08:40.551Z [INFO]: [Seeder] Starting database checks & seeding... {}
2026-08-07T19:08:40.552Z [INFO]: [Seeder] Seeding default plans... {}
2026-08-07T19:08:41.037Z [INFO]: [Seeder] Seeded/Merged plan: Starter {}
2026-08-07T19:08:41.095Z [INFO]: [Seeder] Seeded/Merged plan: Growth {}
2026-08-07T19:08:41.204Z [INFO]: [Seeder] Seeded/Merged plan: Premium {}
2026-08-07T19:08:41.205Z [INFO]: [Seeder] Seeding plan features... {}
2026-08-07T19:08:42.693Z [INFO]: [Seeder] Seeded/Merged features for plan: plan_starter {}
2026-08-07T19:08:43.455Z [INFO]: [Seeder] Seeded/Merged features for plan: plan_growth {}
2026-08-07T19:08:44.204Z [INFO]: [Seeder] Seeded/Merged features for plan: plan_premium {}
2026-08-07T19:08:44.204Z [INFO]: [Seeder] Seeding country localized prices... {}
2026-08-07T19:08:44.213Z [INFO]: [Seeder] Registering live Razorpay Plan for plan_starter_IN Monthly... {}
2026-08-07T19:08:44.472Z [INFO]: [Seeder] Registered live Razorpay Plan ID: plan_TMzQVu7tFJUGYQ {}
2026-08-07T19:08:44.472Z [INFO]: [Seeder] Registering live Razorpay Plan for plan_starter_IN Annual... {}
2026-08-07T19:08:44.718Z [INFO]: [Seeder] Registered live Razorpay Plan ID: plan_TMzQWA8YH4sCC8 {}
2026-08-07T19:08:44.758Z [INFO]: [Seeder] Seeded/Merged localized price: plan_starter_IN (INR) {}
2026-08-07T19:08:44.758Z [INFO]: [Seeder] Registering live Razorpay Plan for plan_growth_IN Monthly... {}
2026-08-07T19:08:44.979Z [INFO]: [Seeder] Registered live Razorpay Plan ID: plan_TMzQWSOmpu6KQ2 {}
2026-08-07T19:08:44.979Z [INFO]: [Seeder] Registering live Razorpay Plan for plan_growth_IN Annual... {}
2026-08-07T19:08:45.183Z [INFO]: [Seeder] Registered live Razorpay Plan ID: plan_TMzQWgEBn2IkjK {}
2026-08-07T19:08:45.215Z [INFO]: [Seeder] Seeded/Merged localized price: plan_growth_IN (INR) {}
2026-08-07T19:08:45.215Z [INFO]: [Seeder] Registering live Razorpay Plan for plan_premium_IN Monthly... {}
2026-08-07T19:08:45.529Z [INFO]: [Seeder] Registered live Razorpay Plan ID: plan_TMzQX3f4v5KbJ5 {}
2026-08-07T19:08:45.529Z [INFO]: [Seeder] Registering live Razorpay Plan for plan_premium_IN Annual... {}
2026-08-07T19:08:45.756Z [INFO]: [Seeder] Registered live Razorpay Plan ID: plan_TMzQXH2sIjN7mJ {}
2026-08-07T19:08:45.789Z [INFO]: [Seeder] Seeded/Merged localized price: plan_premium_IN (INR) {}
2026-08-07T19:08:45.789Z [INFO]: [Seeder] Registering live Razorpay Plan for plan_starter_US Monthly... {}
2026-08-07T19:08:46.060Z [INFO]: [Seeder] Registered live Razorpay Plan ID: plan_TMzQXc5SECtlgu {}
2026-08-07T19:08:46.060Z [INFO]: [Seeder] Registering live Razorpay Plan for plan_starter_US Annual... {}
2026-08-07T19:08:46.282Z [INFO]: [Seeder] Registered live Razorpay Plan ID: plan_TMzQXsMZxYBSOo {}
2026-08-07T19:08:46.324Z [INFO]: [Seeder] Seeded/Merged localized price: plan_starter_US (USD) {}
2026-08-07T19:08:46.324Z [INFO]: [Seeder] Registering live Razorpay Plan for plan_growth_US Monthly... {}
2026-08-07T19:08:46.552Z [INFO]: [Seeder] Registered live Razorpay Plan ID: plan_TMzQYA7VdrEFPH {}
2026-08-07T19:08:46.552Z [INFO]: [Seeder] Registering live Razorpay Plan for plan_growth_US Annual... {}
2026-08-07T19:08:46.839Z [INFO]: [Seeder] Registered live Razorpay Plan ID: plan_TMzQYPeGjHb81b {}
2026-08-07T19:08:46.885Z [INFO]: [Seeder] Seeded/Merged localized price: plan_growth_US (USD) {}
2026-08-07T19:08:46.885Z [INFO]: [Seeder] Registering live Razorpay Plan for plan_premium_US Monthly... {}
2026-08-07T19:08:47.118Z [INFO]: [Seeder] Registered live Razorpay Plan ID: plan_TMzQYldq2RaDL7 {}
2026-08-07T19:08:47.118Z [INFO]: [Seeder] Registering live Razorpay Plan for plan_premium_US Annual... {}
2026-08-07T19:08:47.378Z [INFO]: [Seeder] Registered live Razorpay Plan ID: plan_TMzQZ3EOMHiOXr {}
2026-08-07T19:08:47.418Z [INFO]: [Seeder] Seeded/Merged localized price: plan_premium_US (USD) {}
2026-08-07T19:08:47.418Z [INFO]: [Seeder] Database checks & seeding completed successfully. {}
2026-08-07T19:08:47.418Z [INFO]: [Test] Verifying planPrices collection entries... {}
2026-08-07T19:08:47.477Z [INFO]: [Test] Total seeded prices found: 6 {}
2026-08-07T19:08:47.477Z [INFO]: [Test] Testing priority country detection rules... {}
2026-08-07T19:08:47.478Z [INFO]: [PricingService] Resolved country from IP headers: {}
2026-08-07T19:08:47.478Z [INFO]: [Test] IP Header 'US' -> Detected Country: US (Expected: US) {}
2026-08-07T19:08:47.478Z [INFO]: [PricingService] Resolved country from Accept-Language header: {}
2026-08-07T19:08:47.478Z [INFO]: [Test] Accept-Language 'en-IN' -> Detected Country: IN (Expected: IN) {}
2026-08-07T19:08:47.478Z [INFO]: [PricingService] Resolved country from timezone fallback: IN {}
2026-08-07T19:08:47.478Z [INFO]: [Test] Timezone 'Asia/Kolkata' -> Detected Country: IN (Expected: IN) {}
2026-08-07T19:08:47.478Z [INFO]: [PricingService] Resolved country from billing records: {}
2026-08-07T19:08:47.478Z [INFO]: [Test] Customer Billing Country 'US' -> Detected Country: US (Expected: US) {}
2026-08-07T19:08:47.478Z [INFO]: [Test] Empty Context Default -> Detected Country: IN (Expected: IN) {}
2026-08-07T19:08:47.479Z [INFO]: [Test] Verifying localized pricing lookup... {}
2026-08-07T19:08:47.523Z [INFO]: [Test] Growth Plan IN -> Currency: INR, Monthly Price: 1999 (Expected: INR / 1999) {}
2026-08-07T19:08:47.523Z [INFO]: [Test] Growth Plan US -> Currency: USD, Monthly Price: 79 (Expected: USD / 79) {}
2026-08-07T19:08:47.524Z [INFO]: [Test] Testing dynamic Plan ID selection during subscription creation... {}
2026-08-07T19:08:48.628Z [INFO]: [PaymentService] Created Razorpay subscription {"subscriptionId":"sub_TMzQZY36rUHnwV","planId":"plan_starter","countryCode":"IN"}
2026-08-07T19:08:48.671Z [INFO]: [Test] Indian Customer Starter -> Active Plan: plan_TMzQVu7tFJUGYQ {}
2026-08-07T19:08:49.680Z [INFO]: [PaymentService] Created Razorpay subscription {"subscriptionId":"sub_TMzQap3JyWI0v9","planId":"plan_starter","countryCode":"US"}
2026-08-07T19:08:49.719Z [INFO]: [Test] US Customer Starter -> Active Plan: plan_TMzQXc5SECtlgu {}
2026-08-07T19:08:49.719Z [INFO]: [Test] Verifying getBillingInfo returns localized attributes... {}
2026-08-07T19:08:49.845Z [INFO]: [Test] Billing Info -> Resolved Country: US (Expected: US) {}
2026-08-07T19:08:49.846Z [INFO]: [Test] Billing Info -> Resolved Currency: USD (Expected: USD) {}
2026-08-07T19:08:49.846Z [INFO]: [Test] Billing Info Growth Plan Price -> $79 (Expected: $79) {}
2026-08-07T19:08:49.846Z [INFO]: [Test] Cleaning up test customer records... {}
2026-08-07T19:08:49.939Z [INFO]: [Test] ALL INTEGRATION TESTS PASSED SUCCESSFULLY! ✔ {}
2026-08-07T19:09:00.049Z [INFO]: [EscalationCronJob] Starting run {}
2026-08-07T19:09:00.853Z [INFO]: [EscalationCronJob] Starting run {}
2026-08-07T19:10:00.135Z [INFO]: [EscalationCronJob] Starting run {}
2026-08-07T19:10:00.271Z [INFO]: [EscalationCronJob] Starting run {}
2026-08-07T19:10:48.571Z [INFO]: [Firebase] Admin SDK initialized successfully {}
2026-08-07T19:10:48.619Z [INFO]: [Seeder] Starting database checks & seeding... {}
2026-08-07T19:10:48.619Z [INFO]: [Seeder] Seeding default plans... {}
2026-08-07T19:10:50.242Z [INFO]: [Server] Successfully initialized NestJS backend server engine {}
2026-08-07T19:10:50.244Z [INFO]: [ReviewAutomationJob] Scheduling with pattern: "0 10,15,21 * * *" {}
2026-08-07T19:10:50.244Z [INFO]: [ReviewAutomationJob] Cron started {}
2026-08-07T19:10:50.245Z [INFO]: [ReportCron] Initialized weekly and monthly report cron jobs. {}
2026-08-07T19:10:50.245Z [INFO]: [SubscriptionCron] Initialized daily subscription cron job. {}
2026-08-07T19:10:50.245Z [INFO]: [ResetQuotaCron] Initialized daily quota reset cron job. {}
2026-08-07T19:10:50.246Z [INFO]: [EscalationCronJob] Starting schedule: Every minute (* * * * *) {}
2026-08-07T19:10:50.681Z [INFO]: [Seeder] Seeded/Merged plan: Starter {}
2026-08-07T19:10:50.736Z [INFO]: [Seeder] Seeded/Merged plan: Growth {}
2026-08-07T19:10:50.861Z [INFO]: [Seeder] Seeded/Merged plan: Premium {}
2026-08-07T19:10:50.861Z [INFO]: [Seeder] Seeding plan features... {}
2026-08-07T19:10:52.400Z [INFO]: [Seeder] Seeded/Merged features for plan: plan_starter {}
2026-08-07T19:10:53.142Z [INFO]: [Seeder] Seeded/Merged features for plan: plan_growth {}
2026-08-07T19:10:53.890Z [INFO]: [Seeder] Seeded/Merged features for plan: plan_premium {}
2026-08-07T19:10:53.890Z [INFO]: [Seeder] Seeding country localized prices... {}
2026-08-07T19:10:53.899Z [INFO]: [Seeder] Registering live Razorpay Plan for plan_starter_IN Monthly... {}
2026-08-07T19:10:54.165Z [INFO]: [Seeder] Registered live Razorpay Plan ID: plan_TMzSnSpZurSsaj {}
2026-08-07T19:10:54.165Z [INFO]: [Seeder] Registering live Razorpay Plan for plan_starter_IN Annual... {}
2026-08-07T19:10:54.375Z [INFO]: [Seeder] Registered live Razorpay Plan ID: plan_TMzSnh2gFL378S {}
2026-08-07T19:10:54.415Z [INFO]: [Seeder] Seeded/Merged localized price: plan_starter_IN (INR) {}
2026-08-07T19:10:54.415Z [INFO]: [Seeder] Registering live Razorpay Plan for plan_growth_IN Monthly... {}
2026-08-07T19:10:54.676Z [INFO]: [Seeder] Registered live Razorpay Plan ID: plan_TMzSnySTQxoBjx {}
2026-08-07T19:10:54.676Z [INFO]: [Seeder] Registering live Razorpay Plan for plan_growth_IN Annual... {}
2026-08-07T19:10:54.947Z [INFO]: [Seeder] Registered live Razorpay Plan ID: plan_TMzSoK4HsivtLE {}
2026-08-07T19:10:54.987Z [INFO]: [Seeder] Seeded/Merged localized price: plan_growth_IN (INR) {}
2026-08-07T19:10:54.987Z [INFO]: [Seeder] Registering live Razorpay Plan for plan_premium_IN Monthly... {}
2026-08-07T19:10:55.226Z [INFO]: [Seeder] Registered live Razorpay Plan ID: plan_TMzSocczOfDqcJ {}
2026-08-07T19:10:55.226Z [INFO]: [Seeder] Registering live Razorpay Plan for plan_premium_IN Annual... {}
2026-08-07T19:10:55.416Z [INFO]: [Seeder] Registered live Razorpay Plan ID: plan_TMzSoq6o5G9eRv {}
2026-08-07T19:10:55.451Z [INFO]: [Seeder] Seeded/Merged localized price: plan_premium_IN (INR) {}
2026-08-07T19:10:55.452Z [INFO]: [Seeder] Registering live Razorpay Plan for plan_starter_US Monthly... {}
2026-08-07T19:10:55.727Z [INFO]: [Seeder] Registered live Razorpay Plan ID: plan_TMzSp8fw5eXevC {}
2026-08-07T19:10:55.727Z [INFO]: [Seeder] Registering live Razorpay Plan for plan_starter_US Annual... {}
2026-08-07T19:10:55.998Z [INFO]: [Seeder] Registered live Razorpay Plan ID: plan_TMzSpR8OJzEBfY {}
2026-08-07T19:10:56.035Z [INFO]: [Seeder] Seeded/Merged localized price: plan_starter_US (USD) {}
2026-08-07T19:10:56.035Z [INFO]: [Seeder] Registering live Razorpay Plan for plan_growth_US Monthly... {}
2026-08-07T19:10:56.253Z [INFO]: [Seeder] Registered live Razorpay Plan ID: plan_TMzSpkGagNIEst {}
2026-08-07T19:10:56.253Z [INFO]: [Seeder] Registering live Razorpay Plan for plan_growth_US Annual... {}
2026-08-07T19:10:56.542Z [INFO]: [Seeder] Registered live Razorpay Plan ID: plan_TMzSq2OXnOAfeX {}
2026-08-07T19:10:56.583Z [INFO]: [Seeder] Seeded/Merged localized price: plan_growth_US (USD) {}
2026-08-07T19:10:56.583Z [INFO]: [Seeder] Registering live Razorpay Plan for plan_premium_US Monthly... {}
2026-08-07T19:10:56.812Z [INFO]: [Seeder] Registered live Razorpay Plan ID: plan_TMzSqL7El8Tva9 {}
2026-08-07T19:10:56.812Z [INFO]: [Seeder] Registering live Razorpay Plan for plan_premium_US Annual... {}
2026-08-07T19:10:57.021Z [INFO]: [Seeder] Registered live Razorpay Plan ID: plan_TMzSqaVT2vb0je {}
2026-08-07T19:10:57.064Z [INFO]: [Seeder] Seeded/Merged localized price: plan_premium_US (USD) {}
2026-08-07T19:10:57.064Z [INFO]: [Seeder] Database checks & seeding completed successfully. {}
2026-08-07T19:11:00.326Z [INFO]: [EscalationCronJob] Starting run {}
2026-08-07T19:11:00.658Z [INFO]: [EscalationCronJob] Starting run {}
2026-08-07T19:12:00.040Z [INFO]: [EscalationCronJob] Starting run {}
2026-08-07T19:12:00.576Z [INFO]: [EscalationCronJob] Starting run {}
2026-08-07T19:13:00.303Z [INFO]: [EscalationCronJob] Starting run {}
2026-08-07T19:13:00.923Z [INFO]: [EscalationCronJob] Starting run {}
2026-08-07T19:14:00.681Z [INFO]: [EscalationCronJob] Starting run {}
2026-08-07T19:14:08.146Z [INFO]: [Test] Initializing Localization & Pricing E2E Audit... {}
2026-08-07T19:14:08.241Z [INFO]: [Firebase] Admin SDK initialized successfully {}
2026-08-07T19:14:08.241Z [INFO]: [Test] Seeding database to initialize localized prices... {}
2026-08-07T19:14:08.241Z [INFO]: [Seeder] Starting database checks & seeding... {}
2026-08-07T19:14:08.241Z [INFO]: [Seeder] Seeding default plans... {}
2026-08-07T19:14:08.731Z [INFO]: [Seeder] Seeded/Merged plan: Starter {}
2026-08-07T19:14:08.802Z [INFO]: [Seeder] Seeded/Merged plan: Growth {}
2026-08-07T19:14:08.940Z [INFO]: [Seeder] Seeded/Merged plan: Premium {}
2026-08-07T19:14:08.940Z [INFO]: [Seeder] Seeding plan features... {}
2026-08-07T19:14:10.452Z [INFO]: [Seeder] Seeded/Merged features for plan: plan_starter {}
2026-08-07T19:14:11.258Z [INFO]: [Seeder] Seeded/Merged features for plan: plan_growth {}
2026-08-07T19:14:12.041Z [INFO]: [Seeder] Seeded/Merged features for plan: plan_premium {}
2026-08-07T19:14:12.041Z [INFO]: [Seeder] Seeding country localized prices... {}
2026-08-07T19:14:12.090Z [INFO]: [Seeder] Seeded/Merged localized price: plan_starter_IN (INR) {}
2026-08-07T19:14:12.132Z [INFO]: [Seeder] Seeded/Merged localized price: plan_growth_IN (INR) {}
2026-08-07T19:14:12.176Z [INFO]: [Seeder] Seeded/Merged localized price: plan_premium_IN (INR) {}
2026-08-07T19:14:12.220Z [INFO]: [Seeder] Seeded/Merged localized price: plan_starter_US (USD) {}
2026-08-07T19:14:12.262Z [INFO]: [Seeder] Seeded/Merged localized price: plan_growth_US (USD) {}
2026-08-07T19:14:12.301Z [INFO]: [Seeder] Seeded/Merged localized price: plan_premium_US (USD) {}
2026-08-07T19:14:12.301Z [INFO]: [Seeder] Database checks & seeding completed successfully. {}
2026-08-07T19:14:12.301Z [INFO]: [Test] Verifying planPrices collection entries... {}
2026-08-07T19:14:12.384Z [INFO]: [Test] Total seeded prices found: 6 {}
2026-08-07T19:14:12.384Z [INFO]: [Test] Testing priority country detection rules... {}
2026-08-07T19:14:12.384Z [INFO]: [PricingService] Resolved country from IP headers: {}
2026-08-07T19:14:12.385Z [INFO]: [Test] IP Header 'US' -> Detected Country: US (Expected: US) {}
2026-08-07T19:14:12.385Z [INFO]: [PricingService] Resolved country from Accept-Language header: {}
2026-08-07T19:14:12.385Z [INFO]: [Test] Accept-Language 'en-IN' -> Detected Country: IN (Expected: IN) {}
2026-08-07T19:14:12.385Z [INFO]: [PricingService] Resolved country from timezone fallback: IN {}
2026-08-07T19:14:12.385Z [INFO]: [Test] Timezone 'Asia/Kolkata' -> Detected Country: IN (Expected: IN) {}
2026-08-07T19:14:12.385Z [INFO]: [PricingService] Resolved country from billing records: {}
2026-08-07T19:14:12.385Z [INFO]: [Test] Customer Billing Country 'US' -> Detected Country: US (Expected: US) {}
2026-08-07T19:14:12.385Z [INFO]: [Test] Empty Context Default -> Detected Country: IN (Expected: IN) {}
2026-08-07T19:14:12.385Z [INFO]: [Test] Verifying localized pricing lookup... {}
2026-08-07T19:14:12.420Z [INFO]: [Test] Growth Plan IN -> Currency: INR, Monthly Price: 1999 (Expected: INR / 1999) {}
2026-08-07T19:14:12.420Z [INFO]: [Test] Growth Plan US -> Currency: USD, Monthly Price: 79 (Expected: USD / 79) {}
2026-08-07T19:14:12.420Z [INFO]: [Test] Testing dynamic Plan ID selection during subscription creation... {}
2026-08-07T19:14:13.491Z [INFO]: [PaymentService] Created Razorpay subscription {"subscriptionId":"sub_TMzWIGeGVXbhzf","planId":"plan_starter","countryCode":"IN"}
2026-08-07T19:14:13.531Z [INFO]: [Test] Indian Customer Starter -> Active Plan: plan_TMzSnSpZurSsaj {}
2026-08-07T19:14:14.479Z [INFO]: [PaymentService] Created Razorpay subscription {"subscriptionId":"sub_TMzWJOckBI4H8Q","planId":"plan_starter","countryCode":"US"}
2026-08-07T19:14:14.512Z [INFO]: [Test] US Customer Starter -> Active Plan: plan_TMzQXc5SECtlgu {}
2026-08-07T19:14:14.512Z [INFO]: [Test] Verifying getBillingInfo returns localized attributes... {}
2026-08-07T19:14:14.600Z [INFO]: [Test] Billing Info -> Resolved Country: US (Expected: US) {}
2026-08-07T19:14:14.600Z [INFO]: [Test] Billing Info -> Resolved Currency: USD (Expected: USD) {}
2026-08-07T19:14:14.600Z [INFO]: [Test] Billing Info Growth Plan Price -> $79 (Expected: $79) {}
2026-08-07T19:14:14.600Z [INFO]: [Test] Cleaning up test customer records... {}
2026-08-07T19:14:14.686Z [INFO]: [Test] ALL INTEGRATION TESTS PASSED SUCCESSFULLY! ✔ {}
2026-08-07T19:14:40.665Z [INFO]: [Firebase] Admin SDK initialized successfully {}
2026-08-07T19:14:40.710Z [INFO]: [Seeder] Starting database checks & seeding... {}
2026-08-07T19:14:40.710Z [INFO]: [Seeder] Seeding default plans... {}
2026-08-07T19:14:42.249Z [INFO]: [Server] Successfully initialized NestJS backend server engine {}
2026-08-07T19:14:42.250Z [INFO]: [ReviewAutomationJob] Scheduling with pattern: "0 10,15,21 * * *" {}
2026-08-07T19:14:42.251Z [INFO]: [ReviewAutomationJob] Cron started {}
2026-08-07T19:14:42.252Z [INFO]: [ReportCron] Initialized weekly and monthly report cron jobs. {}
2026-08-07T19:14:42.252Z [INFO]: [SubscriptionCron] Initialized daily subscription cron job. {}
2026-08-07T19:14:42.252Z [INFO]: [ResetQuotaCron] Initialized daily quota reset cron job. {}
2026-08-07T19:14:42.252Z [INFO]: [EscalationCronJob] Starting schedule: Every minute (* * * * *) {}
2026-08-07T19:14:42.661Z [INFO]: [Seeder] Seeded/Merged plan: Starter {}
2026-08-07T19:14:42.712Z [INFO]: [Seeder] Seeded/Merged plan: Growth {}
2026-08-07T19:14:42.845Z [INFO]: [Seeder] Seeded/Merged plan: Premium {}
2026-08-07T19:14:42.845Z [INFO]: [Seeder] Seeding plan features... {}
2026-08-07T19:14:44.229Z [INFO]: [Seeder] Seeded/Merged features for plan: plan_starter {}
2026-08-07T19:14:45.018Z [INFO]: [Seeder] Seeded/Merged features for plan: plan_growth {}
2026-08-07T19:14:45.747Z [INFO]: [Seeder] Seeded/Merged features for plan: plan_premium {}
2026-08-07T19:14:45.747Z [INFO]: [Seeder] Seeding country localized prices... {}
2026-08-07T19:14:45.794Z [INFO]: [Seeder] Seeded/Merged localized price: plan_starter_IN (INR) {}
2026-08-07T19:14:45.835Z [INFO]: [Seeder] Seeded/Merged localized price: plan_growth_IN (INR) {}
2026-08-07T19:14:45.872Z [INFO]: [Seeder] Seeded/Merged localized price: plan_premium_IN (INR) {}
2026-08-07T19:14:45.903Z [INFO]: [Seeder] Seeded/Merged localized price: plan_starter_US (USD) {}
2026-08-07T19:14:45.937Z [INFO]: [Seeder] Seeded/Merged localized price: plan_growth_US (USD) {}
2026-08-07T19:14:45.976Z [INFO]: [Seeder] Seeded/Merged localized price: plan_premium_US (USD) {}
2026-08-07T19:14:45.976Z [INFO]: [Seeder] Database checks & seeding completed successfully. {}
2026-08-07T19:15:00.023Z [INFO]: [EscalationCronJob] Starting run {}
2026-08-07T19:15:00.341Z [INFO]: [EscalationCronJob] Starting run {}
2026-08-07T19:16:00.256Z [INFO]: [EscalationCronJob] Starting run {}
2026-08-07T19:16:00.585Z [INFO]: [EscalationCronJob] Starting run {}
2026-08-07T19:16:40.824Z [INFO]: [PermissionService] Cleared permissions cache {}
2026-08-07T19:16:59.420Z [ERROR]: Error cancelling subscription {"error":"No active subscription found to cancel"}
2026-08-07T19:16:59.421Z [ERROR]: Cancellation failed {"error":"No active subscription found to cancel"}
2026-08-07T19:17:00.575Z [INFO]: [EscalationCronJob] Starting run {}
2026-08-07T19:17:00.843Z [INFO]: [EscalationCronJob] Starting run {}
2026-08-07T19:17:02.505Z [INFO]: [PermissionService] Cleared permissions cache {}
2026-08-07T19:18:00.102Z [INFO]: [EscalationCronJob] Starting run {}
2026-08-07T19:18:00.931Z [INFO]: [EscalationCronJob] Starting run {}
2026-08-07T19:18:25.520Z [INFO]: [Firebase] Admin SDK initialized successfully {}
2026-08-07T19:18:25.568Z [INFO]: [Seeder] Starting database checks & seeding... {}
2026-08-07T19:18:25.568Z [INFO]: [Seeder] Seeding default plans... {}
2026-08-07T19:18:27.133Z [INFO]: [Server] Successfully initialized NestJS backend server engine {}
2026-08-07T19:18:27.134Z [INFO]: [ReviewAutomationJob] Scheduling with pattern: "0 10,15,21 * * *" {}
2026-08-07T19:18:27.135Z [INFO]: [ReviewAutomationJob] Cron started {}
2026-08-07T19:18:27.135Z [INFO]: [ReportCron] Initialized weekly and monthly report cron jobs. {}
2026-08-07T19:18:27.135Z [INFO]: [SubscriptionCron] Initialized daily subscription cron job. {}
2026-08-07T19:18:27.135Z [INFO]: [ResetQuotaCron] Initialized daily quota reset cron job. {}
2026-08-07T19:18:27.136Z [INFO]: [EscalationCronJob] Starting schedule: Every minute (* * * * *) {}
2026-08-07T19:18:27.529Z [INFO]: [Seeder] Seeded/Merged plan: Starter {}
2026-08-07T19:18:27.608Z [INFO]: [Seeder] Seeded/Merged plan: Growth {}
2026-08-07T19:18:27.685Z [INFO]: [Seeder] Seeded/Merged plan: Premium {}
2026-08-07T19:18:27.685Z [INFO]: [Seeder] Seeding plan features... {}
2026-08-07T19:18:29.369Z [INFO]: [Seeder] Seeded/Merged features for plan: plan_starter {}
2026-08-07T19:18:30.180Z [INFO]: [Seeder] Seeded/Merged features for plan: plan_growth {}
2026-08-07T19:18:30.976Z [INFO]: [Seeder] Seeded/Merged features for plan: plan_premium {}
2026-08-07T19:18:30.976Z [INFO]: [Seeder] Seeding country localized prices... {}
2026-08-07T19:18:31.032Z [INFO]: [Seeder] Seeded/Merged localized price: plan_starter_IN (INR) {}
2026-08-07T19:18:31.076Z [INFO]: [Seeder] Seeded/Merged localized price: plan_growth_IN (INR) {}
2026-08-07T19:18:31.115Z [INFO]: [Seeder] Seeded/Merged localized price: plan_premium_IN (INR) {}
2026-08-07T19:18:31.163Z [INFO]: [Seeder] Seeded/Merged localized price: plan_starter_US (USD) {}
2026-08-07T19:18:31.201Z [INFO]: [Seeder] Seeded/Merged localized price: plan_growth_US (USD) {}
2026-08-07T19:18:31.249Z [INFO]: [Seeder] Seeded/Merged localized price: plan_premium_US (USD) {}
2026-08-07T19:18:31.249Z [INFO]: [Seeder] Database checks & seeding completed successfully. {}
2026-08-07T19:18:33.843Z [INFO]: [Test] Initializing Localization & Pricing E2E Audit... {}
2026-08-07T19:18:33.918Z [INFO]: [Firebase] Admin SDK initialized successfully {}
2026-08-07T19:18:33.918Z [INFO]: [Test] Seeding database to initialize localized prices... {}
2026-08-07T19:18:33.918Z [INFO]: [Seeder] Starting database checks & seeding... {}
2026-08-07T19:18:33.918Z [INFO]: [Seeder] Seeding default plans... {}
2026-08-07T19:18:34.359Z [INFO]: [Seeder] Seeded/Merged plan: Starter {}
2026-08-07T19:18:34.442Z [INFO]: [Seeder] Seeded/Merged plan: Growth {}
2026-08-07T19:18:34.531Z [INFO]: [Seeder] Seeded/Merged plan: Premium {}
2026-08-07T19:18:34.532Z [INFO]: [Seeder] Seeding plan features... {}
2026-08-07T19:18:36.025Z [INFO]: [Seeder] Seeded/Merged features for plan: plan_starter {}
2026-08-07T19:18:36.768Z [INFO]: [Seeder] Seeded/Merged features for plan: plan_growth {}
2026-08-07T19:18:37.511Z [INFO]: [Seeder] Seeded/Merged features for plan: plan_premium {}
2026-08-07T19:18:37.511Z [INFO]: [Seeder] Seeding country localized prices... {}
2026-08-07T19:18:37.552Z [INFO]: [Seeder] Seeded/Merged localized price: plan_starter_IN (INR) {}
2026-08-07T19:18:37.587Z [INFO]: [Seeder] Seeded/Merged localized price: plan_growth_IN (INR) {}
2026-08-07T19:18:37.627Z [INFO]: [Seeder] Seeded/Merged localized price: plan_premium_IN (INR) {}
2026-08-07T19:18:37.664Z [INFO]: [Seeder] Seeded/Merged localized price: plan_starter_US (USD) {}
2026-08-07T19:18:37.710Z [INFO]: [Seeder] Seeded/Merged localized price: plan_growth_US (USD) {}
2026-08-07T19:18:37.750Z [INFO]: [Seeder] Seeded/Merged localized price: plan_premium_US (USD) {}
2026-08-07T19:18:37.750Z [INFO]: [Seeder] Database checks & seeding completed successfully. {}
2026-08-07T19:18:37.750Z [INFO]: [Test] Verifying planPrices collection entries... {}
2026-08-07T19:18:37.832Z [INFO]: [Test] Total seeded prices found: 6 {}
2026-08-07T19:18:37.832Z [INFO]: [Test] Testing priority country detection rules... {}
2026-08-07T19:18:37.832Z [INFO]: [PricingService] Resolved country from IP headers: {}
2026-08-07T19:18:37.832Z [INFO]: [Test] IP Header 'US' -> Detected Country: US (Expected: US) {}
2026-08-07T19:18:37.832Z [INFO]: [PricingService] Resolved country from Accept-Language header: {}
2026-08-07T19:18:37.832Z [INFO]: [Test] Accept-Language 'en-IN' -> Detected Country: IN (Expected: IN) {}
2026-08-07T19:18:37.832Z [INFO]: [PricingService] Resolved country from timezone fallback: IN {}
2026-08-07T19:18:37.832Z [INFO]: [Test] Timezone 'Asia/Kolkata' -> Detected Country: IN (Expected: IN) {}
2026-08-07T19:18:37.832Z [INFO]: [PricingService] Resolved country from billing records: {}
2026-08-07T19:18:37.832Z [INFO]: [Test] Customer Billing Country 'US' -> Detected Country: US (Expected: US) {}
2026-08-07T19:18:37.832Z [INFO]: [Test] Empty Context Default -> Detected Country: IN (Expected: IN) {}
2026-08-07T19:18:37.832Z [INFO]: [Test] Verifying localized pricing lookup... {}
2026-08-07T19:18:37.889Z [INFO]: [Test] Growth Plan IN -> Currency: INR, Monthly Price: 1999 (Expected: INR / 1999) {}
2026-08-07T19:18:37.889Z [INFO]: [Test] Growth Plan US -> Currency: USD, Monthly Price: 79 (Expected: USD / 79) {}
2026-08-07T19:18:37.889Z [INFO]: [Test] Testing dynamic Plan ID selection during subscription creation... {}
2026-08-07T19:18:38.452Z [INFO]: [PaymentService] Created Razorpay subscription {"subscriptionId":"sub_TMzay5M8FMLWWp","planId":"plan_starter","countryCode":"IN","trialDays":7}
2026-08-07T19:18:38.502Z [INFO]: [Test] Indian Customer Starter -> Active Plan: plan_TMzSnSpZurSsaj {}
2026-08-07T19:18:38.945Z [INFO]: [PaymentService] Created Razorpay subscription {"subscriptionId":"sub_TMzayfWE9VvdgH","planId":"plan_starter","countryCode":"US","trialDays":7}
2026-08-07T19:18:38.984Z [INFO]: [Test] US Customer Starter -> Active Plan: plan_TMzQXc5SECtlgu {}
2026-08-07T19:18:38.984Z [INFO]: [Test] Verifying getBillingInfo returns localized attributes... {}
2026-08-07T19:18:39.085Z [INFO]: [Test] Billing Info -> Resolved Country: US (Expected: US) {}
2026-08-07T19:18:39.085Z [INFO]: [Test] Billing Info -> Resolved Currency: USD (Expected: USD) {}
2026-08-07T19:18:39.085Z [INFO]: [Test] Billing Info Growth Plan Price -> $79 (Expected: $79) {}
2026-08-07T19:18:39.085Z [INFO]: [Test] Cleaning up test customer records... {}
2026-08-07T19:18:39.158Z [INFO]: [Test] ALL INTEGRATION TESTS PASSED SUCCESSFULLY! ✔ {}
2026-08-07T19:19:00.162Z [INFO]: [EscalationCronJob] Starting run {}
2026-08-07T19:19:00.224Z [INFO]: [EscalationCronJob] Starting run {}
2026-08-07T19:19:00.357Z [WARN]: [EscalationCronJob] Previous run still active — skipping this tick {}
2026-08-07T19:20:00.505Z [INFO]: [EscalationCronJob] Starting run {}
2026-08-07T19:20:00.568Z [INFO]: [EscalationCronJob] Starting run {}
2026-08-07T19:20:00.713Z [WARN]: [EscalationCronJob] Previous run still active — skipping this tick {}
2026-08-07T19:21:00.836Z [INFO]: [EscalationCronJob] Starting run {}
2026-08-07T19:21:00.852Z [INFO]: [EscalationCronJob] Starting run {}
2026-08-07T19:21:33.163Z [ERROR]: Error cancelling subscription {"error":"No active subscription found to cancel"}
2026-08-07T19:21:33.163Z [ERROR]: Cancellation failed {"error":"No active subscription found to cancel"}
2026-08-07T19:22:00.056Z [INFO]: [EscalationCronJob] Starting run {}
2026-08-07T19:22:00.140Z [INFO]: [EscalationCronJob] Starting run {}
2026-08-07T19:22:00.254Z [WARN]: [EscalationCronJob] Previous run still active — skipping this tick {}
2026-08-07T19:23:00.551Z [INFO]: [EscalationCronJob] Starting run {}
2026-08-07T19:23:00.617Z [INFO]: [EscalationCronJob] Starting run {}
2026-08-07T19:23:00.754Z [WARN]: [EscalationCronJob] Previous run still active — skipping this tick {}
2026-08-07T19:24:00.864Z [INFO]: [EscalationCronJob] Starting run {}
2026-08-07T19:24:00.928Z [INFO]: [EscalationCronJob] Starting run {}
2026-08-07T19:25:00.151Z [INFO]: [EscalationCronJob] Starting run {}
2026-08-07T19:25:00.182Z [INFO]: [EscalationCronJob] Starting run {}
2026-08-07T19:26:00.614Z [INFO]: [EscalationCronJob] Starting run {}
2026-08-07T19:26:00.647Z [INFO]: [EscalationCronJob] Starting run {}
2026-08-07T19:27:00.891Z [INFO]: [EscalationCronJob] Starting run {}
2026-08-07T19:27:00.891Z [INFO]: [EscalationCronJob] Starting run {}
2026-08-07T19:28:00.018Z [INFO]: [EscalationCronJob] Starting run {}
2026-08-07T19:28:00.018Z [INFO]: [EscalationCronJob] Starting run {}
2026-08-07T19:29:00.285Z [INFO]: [EscalationCronJob] Starting run {}
2026-08-07T19:29:00.285Z [INFO]: [EscalationCronJob] Starting run {}
2026-08-07T19:30:00.737Z [INFO]: [EscalationCronJob] Starting run {}
2026-08-07T19:30:00.769Z [INFO]: [EscalationCronJob] Starting run {}
2026-08-07T19:31:00.932Z [INFO]: [EscalationCronJob] Starting run {}
2026-08-07T19:31:00.965Z [INFO]: [EscalationCronJob] Starting run {}
2026-08-07T19:32:00.140Z [INFO]: [EscalationCronJob] Starting run {}
2026-08-07T19:32:00.241Z [INFO]: [EscalationCronJob] Starting run {}
2026-08-07T19:32:00.349Z [WARN]: [EscalationCronJob] Previous run still active — skipping this tick {}
2026-08-07T19:33:00.450Z [INFO]: [EscalationCronJob] Starting run {}
2026-08-07T19:33:00.583Z [INFO]: [EscalationCronJob] Starting run {}
2026-08-07T19:33:00.723Z [WARN]: [EscalationCronJob] Previous run still active — skipping this tick {}
2026-08-07T19:34:00.865Z [INFO]: [EscalationCronJob] Starting run {}
2026-08-07T19:34:00.909Z [INFO]: [EscalationCronJob] Starting run {}
2026-08-07T19:35:00.135Z [INFO]: [EscalationCronJob] Starting run {}
2026-08-07T19:35:00.135Z [INFO]: [EscalationCronJob] Starting run {}
2026-08-07T19:36:00.578Z [INFO]: [EscalationCronJob] Starting run {}
2026-08-07T19:36:00.578Z [INFO]: [EscalationCronJob] Starting run {}
2026-08-07T19:37:00.840Z [INFO]: [EscalationCronJob] Starting run {}
2026-08-07T19:37:00.924Z [INFO]: [EscalationCronJob] Starting run {}
2026-08-07T19:38:00.015Z [INFO]: [EscalationCronJob] Starting run {}
2026-08-07T19:38:00.178Z [INFO]: [EscalationCronJob] Starting run {}
2026-08-07T19:38:00.317Z [WARN]: [EscalationCronJob] Previous run still active — skipping this tick {}
2026-08-07T19:39:00.417Z [INFO]: [EscalationCronJob] Starting run {}
2026-08-07T19:39:00.687Z [INFO]: [EscalationCronJob] Starting run {}
2026-08-07T19:40:00.852Z [INFO]: [EscalationCronJob] Starting run {}
2026-08-07T19:40:00.935Z [INFO]: [EscalationCronJob] Starting run {}
2026-08-07T19:40:01.090Z [WARN]: [EscalationCronJob] Previous run still active — skipping this tick {}
2026-08-07T19:41:00.043Z [INFO]: [EscalationCronJob] Starting run {}
2026-08-07T19:41:00.986Z [INFO]: [EscalationCronJob] Starting run {}
2026-08-07T19:42:00.187Z [INFO]: [EscalationCronJob] Starting run {}
2026-08-07T19:42:00.352Z [INFO]: [EscalationCronJob] Starting run {}
2026-08-07T19:42:00.483Z [WARN]: [EscalationCronJob] Previous run still active — skipping this tick {}
2026-08-07T19:43:00.549Z [INFO]: [EscalationCronJob] Starting run {}
2026-08-07T19:43:00.679Z [INFO]: [EscalationCronJob] Starting run {}
2026-08-07T19:43:00.816Z [WARN]: [EscalationCronJob] Previous run still active — skipping this tick {}
2026-08-07T19:44:00.057Z [INFO]: [EscalationCronJob] Starting run {}
2026-08-07T19:44:00.922Z [INFO]: [EscalationCronJob] Starting run {}
2026-08-07T19:45:00.265Z [INFO]: [EscalationCronJob] Starting run {}
2026-08-07T19:45:00.401Z [INFO]: [EscalationCronJob] Starting run {}
2026-08-07T19:45:00.517Z [WARN]: [EscalationCronJob] Previous run still active — skipping this tick {}
2026-08-07T19:46:00.812Z [INFO]: [EscalationCronJob] Starting run {}
2026-08-07T19:46:00.812Z [INFO]: [EscalationCronJob] Starting run {}
2026-08-07T19:47:00.021Z [INFO]: [EscalationCronJob] Starting run {}
2026-08-07T19:47:00.021Z [INFO]: [EscalationCronJob] Starting run {}
2026-08-07T19:48:00.350Z [INFO]: [EscalationCronJob] Starting run {}
2026-08-07T19:48:00.349Z [INFO]: [EscalationCronJob] Starting run {}
2026-08-07T19:49:00.758Z [INFO]: [EscalationCronJob] Starting run {}
2026-08-07T19:49:00.758Z [INFO]: [EscalationCronJob] Starting run {}
2026-08-07T19:50:00.934Z [INFO]: [EscalationCronJob] Starting run {}
2026-08-07T19:51:00.027Z [INFO]: [EscalationCronJob] Starting run {}
2026-08-07T19:52:00.303Z [INFO]: [EscalationCronJob] Starting run {}
2026-08-07T19:53:00.682Z [INFO]: [EscalationCronJob] Starting run {}
2026-08-07T19:54:00.907Z [INFO]: [EscalationCronJob] Starting run {}
2026-08-07T19:55:00.225Z [INFO]: [EscalationCronJob] Starting run {}
2026-08-07T19:56:00.693Z [INFO]: [EscalationCronJob] Starting run {}
2026-08-07T19:57:00.075Z [INFO]: [EscalationCronJob] Starting run {}
2026-08-07T19:57:54.848Z [INFO]: [Firebase] Admin SDK initialized successfully {}
2026-08-07T19:57:54.896Z [INFO]: [Seeder] Starting database checks & seeding... {}
2026-08-07T19:57:54.896Z [INFO]: [Seeder] Seeding default plans... {}
2026-08-07T19:57:56.517Z [INFO]: [Server] Successfully initialized NestJS backend server engine {}
2026-08-07T19:57:56.518Z [INFO]: [ReviewAutomationJob] Scheduling with pattern: "0 10,15,21 * * *" {}
2026-08-07T19:57:56.519Z [INFO]: [ReviewAutomationJob] Cron started {}
2026-08-07T19:57:56.519Z [INFO]: [ReportCron] Initialized weekly and monthly report cron jobs. {}
2026-08-07T19:57:56.519Z [INFO]: [SubscriptionCron] Initialized daily subscription cron job. {}
2026-08-07T19:57:56.520Z [INFO]: [ResetQuotaCron] Initialized daily quota reset cron job. {}
2026-08-07T19:57:56.520Z [INFO]: [EscalationCronJob] Starting schedule: Every minute (* * * * *) {}
2026-08-07T19:57:56.991Z [INFO]: [Seeder] Seeded/Merged plan: Starter {}
2026-08-07T19:57:57.074Z [INFO]: [Seeder] Seeded/Merged plan: Growth {}
2026-08-07T19:57:57.147Z [INFO]: [Seeder] Seeded/Merged plan: Premium {}
2026-08-07T19:57:57.147Z [INFO]: [Seeder] Seeding plan features... {}
2026-08-07T19:57:58.193Z [INFO]: [Seeder] Seeded/Merged features for plan: plan_starter {}
2026-08-07T19:57:59.078Z [INFO]: [Seeder] Seeded/Merged features for plan: plan_growth {}
2026-08-07T19:57:59.924Z [INFO]: [Seeder] Seeded/Merged features for plan: plan_premium {}
2026-08-07T19:57:59.924Z [INFO]: [Seeder] Seeding country localized prices... {}
2026-08-07T19:57:59.984Z [INFO]: [Seeder] Seeded/Merged localized price: plan_starter_IN (INR) {}
2026-08-07T19:58:00.030Z [INFO]: [Seeder] Seeded/Merged localized price: plan_growth_IN (INR) {}
2026-08-07T19:58:00.078Z [INFO]: [Seeder] Seeded/Merged localized price: plan_premium_IN (INR) {}
2026-08-07T19:58:00.127Z [INFO]: [Seeder] Seeded/Merged localized price: plan_starter_US (USD) {}
2026-08-07T19:58:00.172Z [INFO]: [Seeder] Seeded/Merged localized price: plan_growth_US (USD) {}
2026-08-07T19:58:00.215Z [INFO]: [Seeder] Seeded/Merged localized price: plan_premium_US (USD) {}
2026-08-07T19:58:00.216Z [INFO]: [Seeder] Database checks & seeding completed successfully. {}
2026-08-07T19:58:00.548Z [INFO]: [EscalationCronJob] Starting run {}
2026-08-07T19:59:00.993Z [INFO]: [EscalationCronJob] Starting run {}
2026-08-07T20:00:00.452Z [INFO]: [EscalationCronJob] Starting run {}
2026-08-07T20:01:00.842Z [INFO]: [EscalationCronJob] Starting run {}
2026-08-07T20:02:00.316Z [INFO]: [EscalationCronJob] Starting run {}
2026-08-07T20:03:00.746Z [INFO]: [EscalationCronJob] Starting run {}
2026-08-07T20:04:00.137Z [INFO]: [EscalationCronJob] Starting run {}
2026-08-07T20:05:00.629Z [INFO]: [EscalationCronJob] Starting run {}
2026-08-07T20:06:00.072Z [INFO]: [EscalationCronJob] Starting run {}
2026-08-07T20:07:00.558Z [INFO]: [EscalationCronJob] Starting run {}
2026-08-07T20:08:00.936Z [INFO]: [EscalationCronJob] Starting run {}
2026-08-07T20:09:00.366Z [INFO]: [EscalationCronJob] Starting run {}
2026-08-07T20:10:00.830Z [INFO]: [EscalationCronJob] Starting run {}
2026-08-07T20:11:00.272Z [INFO]: [EscalationCronJob] Starting run {}
2026-08-07T20:12:00.714Z [INFO]: [EscalationCronJob] Starting run {}
2026-08-07T20:13:00.220Z [INFO]: [EscalationCronJob] Starting run {}
2026-08-07T20:14:00.682Z [INFO]: [EscalationCronJob] Starting run {}
2026-08-07T20:15:00.052Z [INFO]: [EscalationCronJob] Starting run {}
2026-08-07T20:16:00.491Z [INFO]: [EscalationCronJob] Starting run {}
2026-08-07T20:17:00.899Z [INFO]: [EscalationCronJob] Starting run {}
2026-08-07T20:18:00.397Z [INFO]: [EscalationCronJob] Starting run {}
2026-08-07T20:18:37.003Z [INFO]: [Test] Initializing Localization & Pricing E2E Audit... {}
2026-08-07T20:18:37.075Z [INFO]: [Firebase] Admin SDK initialized successfully {}
2026-08-07T20:18:37.075Z [INFO]: [Test] Seeding database to initialize localized prices... {}
2026-08-07T20:18:37.075Z [INFO]: [Seeder] Starting database checks & seeding... {}
2026-08-07T20:18:37.075Z [INFO]: [Seeder] Seeding default plans... {}
2026-08-07T20:18:37.542Z [INFO]: [Seeder] Seeded/Merged plan: Starter {}
2026-08-07T20:18:37.619Z [INFO]: [Seeder] Seeded/Merged plan: Growth {}
2026-08-07T20:18:37.673Z [INFO]: [Seeder] Seeded/Merged plan: Premium {}
2026-08-07T20:18:37.673Z [INFO]: [Seeder] Seeding plan features... {}
2026-08-07T20:18:39.276Z [INFO]: [Seeder] Seeded/Merged features for plan: plan_starter {}
2026-08-07T20:18:40.089Z [INFO]: [Seeder] Seeded/Merged features for plan: plan_growth {}
2026-08-07T20:18:40.823Z [INFO]: [Seeder] Seeded/Merged features for plan: plan_premium {}
2026-08-07T20:18:40.823Z [INFO]: [Seeder] Seeding country localized prices... {}
2026-08-07T20:18:40.863Z [INFO]: [Seeder] Seeded/Merged localized price: plan_starter_IN (INR) {}
2026-08-07T20:18:40.900Z [INFO]: [Seeder] Seeded/Merged localized price: plan_growth_IN (INR) {}
2026-08-07T20:18:40.934Z [INFO]: [Seeder] Seeded/Merged localized price: plan_premium_IN (INR) {}
2026-08-07T20:18:40.977Z [INFO]: [Seeder] Seeded/Merged localized price: plan_starter_US (USD) {}
2026-08-07T20:18:41.013Z [INFO]: [Seeder] Seeded/Merged localized price: plan_growth_US (USD) {}
2026-08-07T20:18:41.051Z [INFO]: [Seeder] Seeded/Merged localized price: plan_premium_US (USD) {}
2026-08-07T20:18:41.051Z [INFO]: [Seeder] Database checks & seeding completed successfully. {}
2026-08-07T20:18:41.051Z [INFO]: [Test] Verifying planPrices collection entries... {}
2026-08-07T20:18:41.114Z [INFO]: [Test] Total seeded prices found: 6 {}
2026-08-07T20:18:41.115Z [INFO]: [Test] Testing priority country detection rules... {}
2026-08-07T20:18:41.115Z [INFO]: [PricingService] Resolved country from IP headers: {}
2026-08-07T20:18:41.115Z [INFO]: [Test] IP Header 'US' -> Detected Country: US (Expected: US) {}
2026-08-07T20:18:41.115Z [INFO]: [PricingService] Resolved country from Accept-Language header: {}
2026-08-07T20:18:41.115Z [INFO]: [Test] Accept-Language 'en-IN' -> Detected Country: IN (Expected: IN) {}
2026-08-07T20:18:41.115Z [INFO]: [PricingService] Resolved country from timezone fallback: IN {}
2026-08-07T20:18:41.115Z [INFO]: [Test] Timezone 'Asia/Kolkata' -> Detected Country: IN (Expected: IN) {}
2026-08-07T20:18:41.115Z [INFO]: [PricingService] Resolved country from billing records: {}
2026-08-07T20:18:41.115Z [INFO]: [Test] Customer Billing Country 'US' -> Detected Country: US (Expected: US) {}
2026-08-07T20:18:41.115Z [INFO]: [Test] Empty Context Default -> Detected Country: IN (Expected: IN) {}
2026-08-07T20:18:41.115Z [INFO]: [Test] Verifying localized pricing lookup... {}
2026-08-07T20:18:41.153Z [INFO]: [Test] Growth Plan IN -> Currency: INR, Monthly Price: 1999 (Expected: INR / 1999) {}
2026-08-07T20:18:41.153Z [INFO]: [Test] Growth Plan US -> Currency: USD, Monthly Price: 79 (Expected: USD / 79) {}
2026-08-07T20:18:41.153Z [INFO]: [Test] Testing dynamic Plan ID selection during subscription creation... {}
2026-08-07T20:18:42.617Z [INFO]: [PaymentService] Created Razorpay subscription {"subscriptionId":"sub_TN0cQEjwogz5MV","planId":"plan_starter","countryCode":"IN","trialDays":7}
2026-08-07T20:18:42.659Z [INFO]: [Test] Indian Customer Starter -> Active Plan: plan_TMzSnSpZurSsaj {}
2026-08-07T20:18:43.079Z [INFO]: [PaymentService] Created Razorpay subscription {"subscriptionId":"sub_TN0cQmd95vQcVG","planId":"plan_starter","countryCode":"US","trialDays":7}
2026-08-07T20:18:43.129Z [INFO]: [Test] US Customer Starter -> Active Plan: plan_TMzQXc5SECtlgu {}
2026-08-07T20:18:43.129Z [INFO]: [Test] Verifying getBillingInfo returns localized attributes... {}
2026-08-07T20:18:43.223Z [INFO]: [Test] Billing Info -> Resolved Country: US (Expected: US) {}
2026-08-07T20:18:43.223Z [INFO]: [Test] Billing Info -> Resolved Currency: USD (Expected: USD) {}
2026-08-07T20:18:43.223Z [INFO]: [Test] Billing Info Growth Plan Price -> $79 (Expected: $79) {}
2026-08-07T20:18:43.223Z [INFO]: [Test] Cleaning up test customer records... {}
2026-08-07T20:18:43.300Z [INFO]: [Test] ALL INTEGRATION TESTS PASSED SUCCESSFULLY! ✔ {}
2026-08-07T20:19:00.968Z [INFO]: [EscalationCronJob] Starting run {}
2026-08-07T20:19:08.845Z [INFO]: [Firebase] Admin SDK initialized successfully {}
2026-08-07T20:19:08.892Z [INFO]: [Seeder] Starting database checks & seeding... {}
2026-08-07T20:19:08.893Z [INFO]: [Seeder] Seeding default plans... {}
2026-08-07T20:19:10.457Z [INFO]: [Server] Successfully initialized NestJS backend server engine {}
2026-08-07T20:19:10.459Z [INFO]: [ReviewAutomationJob] Scheduling with pattern: "0 10,15,21 * * *" {}
2026-08-07T20:19:10.459Z [INFO]: [ReviewAutomationJob] Cron started {}
2026-08-07T20:19:10.460Z [INFO]: [ReportCron] Initialized weekly and monthly report cron jobs. {}
2026-08-07T20:19:10.460Z [INFO]: [SubscriptionCron] Initialized daily subscription cron job. {}
2026-08-07T20:19:10.460Z [INFO]: [ResetQuotaCron] Initialized daily quota reset cron job. {}
2026-08-07T20:19:10.461Z [INFO]: [EscalationCronJob] Starting schedule: Every minute (* * * * *) {}
2026-08-07T20:19:10.906Z [INFO]: [Seeder] Seeded/Merged plan: Starter {}
2026-08-07T20:19:10.964Z [INFO]: [Seeder] Seeded/Merged plan: Growth {}
2026-08-07T20:19:11.093Z [INFO]: [Seeder] Seeded/Merged plan: Premium {}
2026-08-07T20:19:11.093Z [INFO]: [Seeder] Seeding plan features... {}
2026-08-07T20:19:12.652Z [INFO]: [Seeder] Seeded/Merged features for plan: plan_starter {}
2026-08-07T20:19:13.474Z [INFO]: [Seeder] Seeded/Merged features for plan: plan_growth {}
2026-08-07T20:19:14.296Z [INFO]: [Seeder] Seeded/Merged features for plan: plan_premium {}
2026-08-07T20:19:14.296Z [INFO]: [Seeder] Seeding country localized prices... {}
2026-08-07T20:19:14.349Z [INFO]: [Seeder] Seeded/Merged localized price: plan_starter_IN (INR) {}
2026-08-07T20:19:14.395Z [INFO]: [Seeder] Seeded/Merged localized price: plan_growth_IN (INR) {}
2026-08-07T20:19:14.431Z [INFO]: [Seeder] Seeded/Merged localized price: plan_premium_IN (INR) {}
2026-08-07T20:19:14.486Z [INFO]: [Seeder] Seeded/Merged localized price: plan_starter_US (USD) {}
2026-08-07T20:19:14.532Z [INFO]: [Seeder] Seeded/Merged localized price: plan_growth_US (USD) {}
2026-08-07T20:19:14.573Z [INFO]: [Seeder] Seeded/Merged localized price: plan_premium_US (USD) {}
2026-08-07T20:19:14.573Z [INFO]: [Seeder] Database checks & seeding completed successfully. {}
2026-08-07T20:23:45.136Z [INFO]: [Firebase] Admin SDK initialized successfully {}
2026-08-07T20:23:45.183Z [INFO]: [Seeder] Starting database checks & seeding... {}
2026-08-07T20:23:45.183Z [INFO]: [Seeder] Seeding default plans... {}
2026-08-07T20:23:46.770Z [INFO]: [Server] Successfully initialized NestJS backend server engine {}
2026-08-07T20:23:46.772Z [INFO]: [ReviewAutomationJob] Scheduling with pattern: "0 10,15,21 * * *" {}
2026-08-07T20:23:46.772Z [INFO]: [ReviewAutomationJob] Cron started {}
2026-08-07T20:23:46.773Z [INFO]: [ReportCron] Initialized weekly and monthly report cron jobs. {}
2026-08-07T20:23:46.773Z [INFO]: [SubscriptionCron] Initialized daily subscription cron job. {}
2026-08-07T20:23:46.773Z [INFO]: [ResetQuotaCron] Initialized daily quota reset cron job. {}
2026-08-07T20:23:46.773Z [INFO]: [EscalationCronJob] Starting schedule: Every minute (* * * * *) {}
2026-08-07T20:23:47.254Z [INFO]: [Seeder] Seeded/Merged plan: Starter {}
2026-08-07T20:23:47.333Z [INFO]: [Seeder] Seeded/Merged plan: Growth {}
2026-08-07T20:23:47.458Z [INFO]: [Seeder] Seeded/Merged plan: Premium {}
2026-08-07T20:23:47.458Z [INFO]: [Seeder] Seeding plan features... {}
2026-08-07T20:23:49.107Z [INFO]: [Seeder] Seeded/Merged features for plan: plan_starter {}
2026-08-07T20:23:49.913Z [INFO]: [Seeder] Seeded/Merged features for plan: plan_growth {}
2026-08-07T20:23:50.730Z [INFO]: [Seeder] Seeded/Merged features for plan: plan_premium {}
2026-08-07T20:23:50.730Z [INFO]: [Seeder] Seeding country localized prices... {}
2026-08-07T20:23:50.782Z [INFO]: [Seeder] Seeded/Merged localized price: plan_starter_IN (INR) {}
2026-08-07T20:23:50.822Z [INFO]: [Seeder] Seeded/Merged localized price: plan_growth_IN (INR) {}
2026-08-07T20:23:50.853Z [INFO]: [Seeder] Seeded/Merged localized price: plan_premium_IN (INR) {}
2026-08-07T20:23:50.890Z [INFO]: [Seeder] Seeded/Merged localized price: plan_starter_US (USD) {}
2026-08-07T20:23:50.936Z [INFO]: [Seeder] Seeded/Merged localized price: plan_growth_US (USD) {}
2026-08-07T20:23:50.986Z [INFO]: [Seeder] Seeded/Merged localized price: plan_premium_US (USD) {}
2026-08-07T20:23:50.986Z [INFO]: [Seeder] Database checks & seeding completed successfully. {}
2026-08-07T20:24:00.900Z [INFO]: [EscalationCronJob] Starting run {}
2026-08-07T20:24:30.985Z [INFO]: [Test] Initializing Localization & Pricing E2E Audit... {}
2026-08-07T20:24:31.094Z [INFO]: [Test] Seeding database to initialize localized prices... {}
2026-08-07T20:24:31.095Z [INFO]: [Seeder] Starting database checks & seeding... {}
2026-08-07T20:24:31.095Z [INFO]: [Seeder] Seeding default plans... {}
2026-08-07T20:24:31.579Z [INFO]: [Seeder] Seeded/Merged plan: Starter {}
2026-08-07T20:24:31.627Z [INFO]: [Seeder] Seeded/Merged plan: Growth {}
2026-08-07T20:24:31.729Z [INFO]: [Seeder] Seeded/Merged plan: Premium {}
2026-08-07T20:24:31.729Z [INFO]: [Seeder] Seeding plan features... {}
2026-08-07T20:24:33.087Z [INFO]: [Seeder] Seeded/Merged features for plan: plan_starter {}
2026-08-07T20:24:33.842Z [INFO]: [Seeder] Seeded/Merged features for plan: plan_growth {}
2026-08-07T20:24:34.581Z [INFO]: [Seeder] Seeded/Merged features for plan: plan_premium {}
2026-08-07T20:24:34.581Z [INFO]: [Seeder] Seeding country localized prices... {}
2026-08-07T20:24:34.623Z [INFO]: [Seeder] Seeded/Merged localized price: plan_starter_IN (INR) {}
2026-08-07T20:24:34.657Z [INFO]: [Seeder] Seeded/Merged localized price: plan_growth_IN (INR) {}
2026-08-07T20:24:34.692Z [INFO]: [Seeder] Seeded/Merged localized price: plan_premium_IN (INR) {}
2026-08-07T20:24:34.734Z [INFO]: [Seeder] Seeded/Merged localized price: plan_starter_US (USD) {}
2026-08-07T20:24:34.765Z [INFO]: [Seeder] Seeded/Merged localized price: plan_growth_US (USD) {}
2026-08-07T20:24:34.802Z [INFO]: [Seeder] Seeded/Merged localized price: plan_premium_US (USD) {}
2026-08-07T20:24:34.802Z [INFO]: [Seeder] Database checks & seeding completed successfully. {}
2026-08-07T20:24:34.802Z [INFO]: [Test] Verifying planPrices collection entries... {}
2026-08-07T20:24:34.885Z [INFO]: [Test] Total seeded prices found: 6 {}
2026-08-07T20:24:34.885Z [INFO]: [Test] Testing priority country detection rules... {}
2026-08-07T20:24:34.885Z [INFO]: [Test] IP Header 'US' -> Detected Country: US (Expected: US) {}
2026-08-07T20:24:34.885Z [INFO]: [Test] Accept-Language 'en-IN' -> Detected Country: IN (Expected: IN) {}
2026-08-07T20:24:34.885Z [INFO]: [Test] Timezone 'Asia/Kolkata' -> Detected Country: IN (Expected: IN) {}
2026-08-07T20:24:34.885Z [INFO]: [Test] Customer Billing Country 'US' -> Detected Country: US (Expected: US) {}
2026-08-07T20:24:34.885Z [INFO]: [Test] Empty Context Default -> Detected Country: IN (Expected: IN) {}
2026-08-07T20:24:34.885Z [INFO]: [Test] Verifying localized pricing lookup... {}
2026-08-07T20:24:34.945Z [INFO]: [Test] Growth Plan IN -> Currency: INR, Monthly Price: 1999 (Expected: INR / 1999) {}
2026-08-07T20:24:34.999Z [INFO]: [Test] Growth Plan US -> Currency: USD, Monthly Price: 79 (Expected: USD / 79) {}
2026-08-07T20:24:34.999Z [INFO]: [Test] Testing dynamic Plan ID selection during subscription creation... {}
2026-08-07T20:24:35.590Z [INFO]: [Test] Indian Customer Starter -> Active Plan: plan_TMzSnSpZurSsaj {}
2026-08-07T20:24:36.211Z [INFO]: [Test] US Customer Starter -> Active Plan: plan_TMzQXc5SECtlgu {}
2026-08-07T20:24:36.211Z [INFO]: [Test] Verifying getBillingInfo returns localized attributes... {}
2026-08-07T20:24:36.384Z [INFO]: [Test] Billing Info -> Resolved Country: US (Expected: US) {}
2026-08-07T20:24:36.385Z [INFO]: [Test] Billing Info -> Resolved Currency: USD (Expected: USD) {}
2026-08-07T20:24:36.385Z [INFO]: [Test] Billing Info Growth Plan Price -> $79 (Expected: $79) {}
2026-08-07T20:24:36.385Z [INFO]: [Test] Cleaning up test customer records... {}
2026-08-07T20:24:36.463Z [INFO]: [Test] ALL INTEGRATION TESTS PASSED SUCCESSFULLY! ✔ {}
2026-08-07T20:25:00.362Z [INFO]: [EscalationCronJob] Starting run {}
2026-08-07T20:25:31.933Z [INFO]: [Test] Initializing Localization & Pricing E2E Audit... {}
2026-08-07T20:25:32.038Z [INFO]: [Test] Seeding database to initialize localized prices... {}
2026-08-07T20:25:32.038Z [INFO]: [Seeder] Starting database checks & seeding... {}
2026-08-07T20:25:32.039Z [INFO]: [Seeder] Seeding default plans... {}
2026-08-07T20:25:32.533Z [INFO]: [Seeder] Seeded/Merged plan: Starter {}
2026-08-07T20:25:32.591Z [INFO]: [Seeder] Seeded/Merged plan: Growth {}
2026-08-07T20:25:32.683Z [INFO]: [Seeder] Seeded/Merged plan: Premium {}
2026-08-07T20:25:32.684Z [INFO]: [Seeder] Seeding plan features... {}
2026-08-07T20:25:34.325Z [INFO]: [Seeder] Seeded/Merged features for plan: plan_starter {}
2026-08-07T20:25:35.139Z [INFO]: [Seeder] Seeded/Merged features for plan: plan_growth {}
2026-08-07T20:25:35.962Z [INFO]: [Seeder] Seeded/Merged features for plan: plan_premium {}
2026-08-07T20:25:35.962Z [INFO]: [Seeder] Seeding country localized prices... {}
2026-08-07T20:25:36.015Z [INFO]: [Seeder] Seeded/Merged localized price: plan_starter_IN (INR) {}
2026-08-07T20:25:36.051Z [INFO]: [Seeder] Seeded/Merged localized price: plan_growth_IN (INR) {}
2026-08-07T20:25:36.093Z [INFO]: [Seeder] Seeded/Merged localized price: plan_premium_IN (INR) {}
2026-08-07T20:25:36.132Z [INFO]: [Seeder] Seeded/Merged localized price: plan_starter_US (USD) {}
2026-08-07T20:25:36.170Z [INFO]: [Seeder] Seeded/Merged localized price: plan_growth_US (USD) {}
2026-08-07T20:25:36.209Z [INFO]: [Seeder] Seeded/Merged localized price: plan_premium_US (USD) {}
2026-08-07T20:25:36.209Z [INFO]: [Seeder] Database checks & seeding completed successfully. {}
2026-08-07T20:25:36.209Z [INFO]: [Test] Verifying planPrices collection entries... {}
2026-08-07T20:25:36.303Z [INFO]: [Test] Total seeded prices found: 6 {}
2026-08-07T20:25:36.304Z [INFO]: [Test] Testing priority country detection rules... {}
2026-08-07T20:25:36.304Z [INFO]: [Test] IP Header 'US' -> Detected Country: US (Expected: US) {}
2026-08-07T20:25:36.304Z [INFO]: [Test] Accept-Language 'en-IN' -> Detected Country: IN (Expected: IN) {}
2026-08-07T20:25:36.304Z [INFO]: [Test] Timezone 'Asia/Kolkata' -> Detected Country: IN (Expected: IN) {}
2026-08-07T20:25:36.304Z [INFO]: [Test] Customer Billing Country 'US' -> Detected Country: US (Expected: US) {}
2026-08-07T20:25:36.304Z [INFO]: [Test] Empty Context Default -> Detected Country: IN (Expected: IN) {}
2026-08-07T20:25:36.304Z [INFO]: [Test] Verifying localized pricing lookup... {}
2026-08-07T20:25:36.355Z [INFO]: [Test] Growth Plan IN -> Currency: INR, Monthly Price: 1999 (Expected: INR / 1999) {}
2026-08-07T20:25:36.392Z [INFO]: [Test] Growth Plan US -> Currency: USD, Monthly Price: 79 (Expected: USD / 79) {}
2026-08-07T20:25:36.392Z [INFO]: [Test] Testing dynamic Plan ID selection during subscription creation... {}
2026-08-07T20:25:37.140Z [INFO]: [Test] Indian Customer Starter -> Active Plan: plan_TMzSnSpZurSsaj {}
2026-08-07T20:25:37.695Z [INFO]: [Test] US Customer Starter -> Active Plan: plan_TMzQXc5SECtlgu {}
2026-08-07T20:25:37.695Z [INFO]: [Test] Verifying getBillingInfo returns localized attributes... {}
2026-08-07T20:25:37.825Z [INFO]: [Test] Billing Info -> Resolved Country: US (Expected: US) {}
2026-08-07T20:25:37.825Z [INFO]: [Test] Billing Info -> Resolved Currency: USD (Expected: USD) {}
2026-08-07T20:25:37.825Z [INFO]: [Test] Billing Info Growth Plan Price -> $79 (Expected: $79) {}
2026-08-07T20:25:37.825Z [INFO]: [Test] Cleaning up test customer records... {}
2026-08-07T20:25:37.912Z [INFO]: [Test] ALL INTEGRATION TESTS PASSED SUCCESSFULLY! ✔ {}
2026-08-07T20:26:00.017Z [INFO]: [EscalationCronJob] Starting run {}
2026-08-07T20:37:34.763Z [INFO]: [Firebase] Admin SDK initialized successfully {}
2026-08-07T20:37:34.809Z [INFO]: [Seeder] Starting database checks & seeding... {}
2026-08-07T20:37:34.809Z [INFO]: [Seeder] Seeding default plans... {}
2026-08-07T20:37:36.380Z [INFO]: [Server] Successfully initialized NestJS backend server engine {}
2026-08-07T20:37:36.382Z [INFO]: [ReviewAutomationJob] Scheduling with pattern: "0 10,15,21 * * *" {}
2026-08-07T20:37:36.383Z [INFO]: [ReviewAutomationJob] Cron started {}
2026-08-07T20:37:36.383Z [INFO]: [ReportCron] Initialized weekly and monthly report cron jobs. {}
2026-08-07T20:37:36.383Z [INFO]: [SubscriptionCron] Initialized daily subscription cron job. {}
2026-08-07T20:37:36.384Z [INFO]: [ResetQuotaCron] Initialized daily quota reset cron job. {}
2026-08-07T20:37:36.384Z [INFO]: [EscalationCronJob] Starting schedule: Every minute (* * * * *) {}
2026-08-07T20:37:36.756Z [INFO]: [Seeder] Seeded/Merged plan: Starter {}
2026-08-07T20:37:36.825Z [INFO]: [Seeder] Seeded/Merged plan: Growth {}
2026-08-07T20:37:36.943Z [INFO]: [Seeder] Seeded/Merged plan: Premium {}
2026-08-07T20:37:36.944Z [INFO]: [Seeder] Seeding plan features... {}
2026-08-07T20:37:38.491Z [INFO]: [Seeder] Seeded/Merged features for plan: plan_starter {}
2026-08-07T20:37:39.343Z [INFO]: [Seeder] Seeded/Merged features for plan: plan_growth {}
2026-08-07T20:37:40.113Z [INFO]: [Seeder] Seeded/Merged features for plan: plan_premium {}
2026-08-07T20:37:40.113Z [INFO]: [Seeder] Seeding country localized prices... {}
2026-08-07T20:37:40.157Z [INFO]: [Seeder] Seeded/Merged localized price: plan_starter_IN (INR) {}
2026-08-07T20:37:40.193Z [INFO]: [Seeder] Seeded/Merged localized price: plan_growth_IN (INR) {}
2026-08-07T20:37:40.231Z [INFO]: [Seeder] Seeded/Merged localized price: plan_premium_IN (INR) {}
2026-08-07T20:37:40.273Z [INFO]: [Seeder] Seeded/Merged localized price: plan_starter_US (USD) {}
2026-08-07T20:37:40.311Z [INFO]: [Seeder] Seeded/Merged localized price: plan_growth_US (USD) {}
2026-08-07T20:37:40.350Z [INFO]: [Seeder] Seeded/Merged localized price: plan_premium_US (USD) {}
2026-08-07T20:37:40.350Z [INFO]: [Seeder] Database checks & seeding completed successfully. {}
2026-08-07T20:38:00.498Z [INFO]: [EscalationCronJob] Starting run {}
2026-08-07T20:39:00.881Z [INFO]: [EscalationCronJob] Starting run {}
2026-08-07T20:40:00.295Z [INFO]: [EscalationCronJob] Starting run {}
2026-08-07T20:41:00.753Z [INFO]: [EscalationCronJob] Starting run {}
2026-08-07T20:42:00.221Z [INFO]: [EscalationCronJob] Starting run {}
2026-08-07T20:43:00.786Z [INFO]: [EscalationCronJob] Starting run {}
2026-08-07T20:44:00.160Z [INFO]: [EscalationCronJob] Starting run {}
2026-08-07T20:45:00.575Z [INFO]: [EscalationCronJob] Starting run {}
2026-08-07T20:46:00.981Z [INFO]: [EscalationCronJob] Starting run {}
2026-08-07T20:47:00.410Z [INFO]: [EscalationCronJob] Starting run {}
2026-08-07T20:48:00.854Z [INFO]: [EscalationCronJob] Starting run {}
2026-08-07T20:49:00.184Z [INFO]: [EscalationCronJob] Starting run {}
2026-08-07T20:50:00.544Z [INFO]: [EscalationCronJob] Starting run {}
2026-08-07T20:51:00.966Z [INFO]: [EscalationCronJob] Starting run {}
2026-08-07T20:52:00.380Z [INFO]: [EscalationCronJob] Starting run {}
2026-08-07T20:53:00.875Z [INFO]: [EscalationCronJob] Starting run {}
2026-08-07T20:54:00.273Z [INFO]: [EscalationCronJob] Starting run {}
2026-08-07T20:55:00.732Z [INFO]: [EscalationCronJob] Starting run {}
2026-08-07T20:56:00.197Z [INFO]: [EscalationCronJob] Starting run {}
2026-08-07T20:57:00.651Z [INFO]: [EscalationCronJob] Starting run {}
2026-08-07T20:58:00.061Z [INFO]: [EscalationCronJob] Starting run {}
2026-08-07T20:59:00.579Z [INFO]: [EscalationCronJob] Starting run {}
2026-08-07T21:00:00.004Z [INFO]: [EscalationCronJob] Starting run {}
2026-08-07T21:01:00.473Z [INFO]: [EscalationCronJob] Starting run {}
2026-08-07T21:02:00.971Z [INFO]: [EscalationCronJob] Starting run {}
2026-08-07T21:03:00.451Z [INFO]: [EscalationCronJob] Starting run {}
2026-08-07T21:04:00.929Z [INFO]: [EscalationCronJob] Starting run {}
2026-08-07T21:05:00.401Z [INFO]: [EscalationCronJob] Starting run {}
2026-08-07T21:06:00.898Z [INFO]: [EscalationCronJob] Starting run {}
2026-08-07T21:07:00.144Z [INFO]: [EscalationCronJob] Starting run {}
2026-08-07T21:08:00.238Z [INFO]: [EscalationCronJob] Starting run {}
2026-08-07T21:09:00.330Z [INFO]: [EscalationCronJob] Starting run {}
2026-08-07T21:10:00.407Z [INFO]: [EscalationCronJob] Starting run {}
2026-08-07T21:11:00.501Z [INFO]: [EscalationCronJob] Starting run {}
2026-08-07T21:12:00.627Z [INFO]: [EscalationCronJob] Starting run {}
2026-08-07T21:13:00.719Z [INFO]: [EscalationCronJob] Starting run {}
2026-08-07T21:14:00.781Z [INFO]: [EscalationCronJob] Starting run {}
2026-08-07T21:15:00.840Z [INFO]: [EscalationCronJob] Starting run {}
2026-08-07T21:16:00.951Z [INFO]: [EscalationCronJob] Starting run {}
2026-08-07T21:17:00.076Z [INFO]: [EscalationCronJob] Starting run {}
2026-08-07T21:18:00.151Z [INFO]: [EscalationCronJob] Starting run {}
2026-08-07T21:19:00.213Z [INFO]: [EscalationCronJob] Starting run {}
2026-08-07T21:20:00.288Z [INFO]: [EscalationCronJob] Starting run {}
2026-08-07T21:21:00.365Z [INFO]: [EscalationCronJob] Starting run {}
2026-08-07T21:22:00.476Z [INFO]: [EscalationCronJob] Starting run {}
2026-08-07T21:23:00.568Z [INFO]: [EscalationCronJob] Starting run {}
2026-08-07T21:24:00.661Z [INFO]: [EscalationCronJob] Starting run {}
2026-08-07T21:25:00.973Z [INFO]: [EscalationCronJob] Starting run {}
2026-08-07T21:26:00.257Z [INFO]: [EscalationCronJob] Starting run {}
2026-08-07T21:27:00.590Z [INFO]: [EscalationCronJob] Starting run {}
2026-08-07T21:28:00.030Z [INFO]: [EscalationCronJob] Starting run {}
2026-08-07T21:29:00.560Z [INFO]: [EscalationCronJob] Starting run {}
2026-08-07T21:31:00.465Z [INFO]: [EscalationCronJob] Starting run {}
2026-08-07T21:32:00.866Z [INFO]: [EscalationCronJob] Starting run {}
2026-08-07T21:33:00.181Z [INFO]: [EscalationCronJob] Starting run {}
2026-08-07T21:34:00.766Z [INFO]: [EscalationCronJob] Starting run {}
2026-08-07T21:35:00.203Z [INFO]: [EscalationCronJob] Starting run {}
2026-08-07T21:36:00.605Z [INFO]: [EscalationCronJob] Starting run {}
2026-08-07T21:37:00.143Z [INFO]: [EscalationCronJob] Starting run {}
2026-08-07T21:38:00.435Z [INFO]: [EscalationCronJob] Starting run {}
2026-08-07T21:39:00.687Z [INFO]: [EscalationCronJob] Starting run {}
2026-08-07T21:40:00.015Z [INFO]: [EscalationCronJob] Starting run {}
2026-08-07T21:41:00.327Z [INFO]: [EscalationCronJob] Starting run {}
